{"sessionId":"0173da","runId":"post-fix","timestamp":1783913468908,"hypothesisId":"L2","location":"dataplane_local.c:encrypt_to_wan","message":"encrypt_l2_full_ok","data":{"plain_len":74,"wire_len":104,"mode":1,"n":0}}
{"sessionId":"0173da","runId":"post-fix","timestamp":1783913468909,"hypothesisId":"L2","location":"dataplane_wan.c:decrypt_wan","message":"l2_full_decrypt_ok","data":{"wire_len":104,"plain_len":74,"n":0}}
{"sessionId":"0173da","runId":"post-fix","timestamp":1783913468909,"hypothesisId":"L2","location":"dataplane_wan.c:dataplane_process_wan","message":"wan_l2_forward_ok","data":{"wire_in":104,"plain_len":74,"n":0}}
{"sessionId":"0173da","runId":"post-fix","timestamp":1783913468910,"hypothesisId":"L2","location":"dataplane_local.c:encrypt_to_wan","message":"encrypt_l2_full_ok","data":{"plain_len":66,"wire_len":96,"mode":1,"n":1}}
{"sessionId":"0173da","runId":"post-fix","timestamp":1783913468910,"hypothesisId":"L2","location":"dataplane_local.c:encrypt_to_wan","message":"encrypt_l2_full_ok","data":{"plain_len":103,"wire_len":133,"mode":1,"n":2}}
{"sessionId":"0173da","runId":"post-fix","timestamp":1783913468910,"hypothesisId":"L2","location":"dataplane_wan.c:decrypt_wan","message":"l2_full_decrypt_ok","data":{"wire_len":96,"plain_len":66,"n":1}}
{"sessionId":"0173da","runId":"post-fix","timestamp":1783913468910,"hypothesisId":"L2","location":"dataplane_wan.c:dataplane_process_wan","message":"wan_l2_forward_ok","data":{"wire_in":96,"plain_len":66,"n":1}}
{"sessionId":"0173da","runId":"post-fix","timestamp":1783913468910,"hypothesisId":"L2","location":"dataplane_wan.c:decrypt_wan","message":"l2_full_decrypt_ok","data":{"wire_len":97,"plain_len":67,"n":2}}
{"sessionId":"0173da","runId":"post-fix","timestamp":1783913468910,"hypothesisId":"L2","location":"dataplane_wan.c:dataplane_process_wan","message":"wan_l2_forward_ok","data":{"wire_in":97,"plain_len":67,"n":2}}
{"sessionId":"0173da","runId":"post-fix","timestamp":1783913468910,"hypothesisId":"L2","location":"dataplane_local.c:encrypt_to_wan","message":"encrypt_l2_full_ok","data":{"plain_len":66,"wire_len":96,"mode":1,"n":3}}
{"sessionId":"0173da","runId":"post-fix","timestamp":1783913468910,"hypothesisId":"L2","location":"dataplane_local.c:encrypt_to_wan","message":"encrypt_l2_full_ok","data":{"plain_len":70,"wire_len":100,"mode":1,"n":4}}
{"sessionId":"0173da","runId":"post-fix","timestamp":1783913468951,"hypothesisId":"L2","location":"dataplane_wan.c:decrypt_wan","message":"l2_full_decrypt_ok","data":{"wire_len":96,"plain_len":66,"n":3}}
{"sessionId":"0173da","runId":"post-fix","timestamp":1783913468951,"hypothesisId":"L2","location":"dataplane_wan.c:dataplane_process_wan","message":"wan_l2_forward_ok","data":{"wire_in":96,"plain_len":66,"n":3}}
{"sessionId":"0173da","runId":"post-fix","timestamp":1783913468952,"hypothesisId":"L2","location":"dataplane_local.c:encrypt_to_wan","message":"encrypt_l2_full_ok","data":{"plain_len":171,"wire_len":201,"mode":1,"n":5}}
{"sessionId":"0173da","runId":"post-fix","timestamp":1783913468952,"hypothesisId":"L2","location":"dataplane_wan.c:decrypt_wan","message":"l2_full_decrypt_ok","data":{"wire_len":96,"plain_len":66,"n":4}}
{"sessionId":"0173da","runId":"post-fix","timestamp":1783913468952,"hypothesisId":"L2","location":"dataplane_wan.c:dataplane_process_wan","message":"wan_l2_forward_ok","data":{"wire_in":96,"plain_len":66,"n":4}}
{"sessionId":"0173da","runId":"post-fix","timestamp":1783913468952,"hypothesisId":"L2","location":"dataplane_wan.c:decrypt_wan","message":"l2_full_decrypt_ok","data":{"wire_len":97,"plain_len":67,"n":5}}
{"sessionId":"0173da","runId":"post-fix","timestamp":1783913468952,"hypothesisId":"L2","location":"dataplane_wan.c:dataplane_process_wan","message":"wan_l2_forward_ok","data":{"wire_in":97,"plain_len":67,"n":5}}
{"sessionId":"0173da","runId":"post-fix","timestamp":1783913468953,"hypothesisId":"L2","location":"dataplane_local.c:encrypt_to_wan","message":"encrypt_l2_full_ok","data":{"plain_len":74,"wire_len":104,"mode":1,"n":6}}
{"sessionId":"0173da","runId":"post-fix","timestamp":1783913468954,"hypothesisId":"L2","location":"dataplane_wan.c:decrypt_wan","message":"l2_full_decrypt_ok","data":{"wire_len":104,"plain_len":74,"n":6}}
{"sessionId":"0173da","runId":"post-fix","timestamp":1783913468954,"hypothesisId":"L2","location":"dataplane_wan.c:dataplane_process_wan","message":"wan_l2_forward_ok","data":{"wire_in":104,"plain_len":74,"n":6}}
{"sessionId":"0173da","runId":"post-fix","timestamp":1783913468954,"hypothesisId":"L2","location":"dataplane_local.c:encrypt_to_wan","message":"encrypt_l2_full_ok","data":{"plain_len":66,"wire_len":96,"mode":1,"n":7}}
{"sessionId":"0173da","runId":"post-fix","timestamp":1783913468954,"hypothesisId":"L2","location":"dataplane_local.c:encrypt_to_wan","message":"encrypt_l2_full_ok","data":{"plain_len":103,"wire_len":133,"mode":1,"n":8}}
{"sessionId":"0173da","runId":"post-fix","timestamp":1783913468955,"hypothesisId":"L2","location":"dataplane_wan.c:decrypt_wan","message":"l2_full_decrypt_ok","data":{"wire_len":96,"plain_len":66,"n":7}}
{"sessionId":"0173da","runId":"post-fix","timestamp":1783913468955,"hypothesisId":"L2","location":"dataplane_wan.c:dataplane_process_wan","message":"wan_l2_forward_ok","data":{"wire_in":96,"plain_len":66,"n":7}}
{"sessionId":"0173da","runId":"post-fix","timestamp":1783913468956,"hypothesisId":"L2","location":"dataplane_local.c:encrypt_to_wan","message":"encrypt_l2_full_ok","data":{"plain_len":74,"wire_len":104,"mode":1,"n":9}}
{"sessionId":"0173da","runId":"post-fix","timestamp":1783913468957,"hypothesisId":"L2","location":"dataplane_wan.c:decrypt_wan","message":"l2_full_decrypt_ok","data":{"wire_len":104,"plain_len":74,"n":8}}
{"sessionId":"0173da","runId":"post-fix","timestamp":1783913468957,"hypothesisId":"L2","location":"dataplane_wan.c:dataplane_process_wan","message":"wan_l2_forward_ok","data":{"wire_in":104,"plain_len":74,"n":8}}
{"sessionId":"0173da","runId":"post-fix","timestamp":1783913468957,"hypothesisId":"L2","location":"dataplane_local.c:encrypt_to_wan","message":"encrypt_l2_full_ok","data":{"plain_len":66,"wire_len":96,"mode":1,"n":10}}
{"sessionId":"0173da","runId":"post-fix","timestamp":1783913468957,"hypothesisId":"L2","location":"dataplane_local.c:encrypt_to_wan","message":"encrypt_l2_full_ok","data":{"plain_len":103,"wire_len":133,"mode":1,"n":11}}
{"sessionId":"0173da","runId":"post-fix","timestamp":1783913468957,"hypothesisId":"L2","location":"dataplane_wan.c:decrypt_wan","message":"l2_full_decrypt_ok","data":{"wire_len":96,"plain_len":66,"n":9}}
{"sessionId":"0173da","runId":"post-fix","timestamp":1783913468957,"hypothesisId":"L2","location":"dataplane_wan.c:dataplane_process_wan","message":"wan_l2_forward_ok","data":{"wire_in":96,"plain_len":66,"n":9}}
{"sessionId":"0173da","runId":"post-fix","timestamp":1783913468959,"hypothesisId":"L2","location":"dataplane_local.c:encrypt_to_wan","message":"encrypt_l2_full_ok","data":{"plain_len":74,"wire_len":104,"mode":1,"n":12}}
{"sessionId":"0173da","runId":"post-fix","timestamp":1783913468960,"hypothesisId":"L2","location":"dataplane_wan.c:decrypt_wan","message":"l2_full_decrypt_ok","data":{"wire_len":104,"plain_len":74,"n":10}}
{"sessionId":"0173da","runId":"post-fix","timestamp":1783913468960,"hypothesisId":"L2","location":"dataplane_wan.c:dataplane_process_wan","message":"wan_l2_forward_ok","data":{"wire_in":104,"plain_len":74,"n":10}}
{"sessionId":"0173da","runId":"post-fix","timestamp":1783913468960,"hypothesisId":"L2","location":"dataplane_local.c:encrypt_to_wan","message":"encrypt_l2_full_ok","data":{"plain_len":66,"wire_len":96,"mode":1,"n":13}}
{"sessionId":"0173da","runId":"post-fix","timestamp":1783913468960,"hypothesisId":"L2","location":"dataplane_local.c:encrypt_to_wan","message":"encrypt_l2_full_ok","data":{"plain_len":103,"wire_len":133,"mode":1,"n":14}}
{"sessionId":"0173da","runId":"post-fix","timestamp":1783913468960,"hypothesisId":"L2","location":"dataplane_wan.c:decrypt_wan","message":"l2_full_decrypt_ok","data":{"wire_len":96,"plain_len":66,"n":11}}
{"sessionId":"0173da","runId":"post-fix","timestamp":1783913468960,"hypothesisId":"L2","location":"dataplane_wan.c:dataplane_process_wan","message":"wan_l2_forward_ok","data":{"wire_in":96,"plain_len":66,"n":11}}
{"sessionId":"0173da","runId":"post-fix","timestamp":1783913468962,"hypothesisId":"L2","location":"dataplane_local.c:encrypt_to_wan","message":"encrypt_l2_full_ok","data":{"plain_len":74,"wire_len":104,"mode":1,"n":15}}
{"sessionId":"0173da","runId":"post-fix","timestamp":1783913468963,"hypothesisId":"L2","location":"dataplane_wan.c:decrypt_wan","message":"l2_full_decrypt_ok","data":{"wire_len":104,"plain_len":74,"n":12}}
{"sessionId":"0173da","runId":"post-fix","timestamp":1783913468963,"hypothesisId":"L2","location":"dataplane_wan.c:dataplane_process_wan","message":"wan_l2_forward_ok","data":{"wire_in":104,"plain_len":74,"n":12}}
{"sessionId":"0173da","runId":"post-fix","timestamp":1783913468963,"hypothesisId":"L2","location":"dataplane_local.c:encrypt_to_wan","message":"encrypt_l2_full_ok","data":{"plain_len":66,"wire_len":96,"mode":1,"n":16}}
{"sessionId":"0173da","runId":"post-fix","timestamp":1783913468963,"hypothesisId":"L2","location":"dataplane_local.c:encrypt_to_wan","message":"encrypt_l2_full_ok","data":{"plain_len":103,"wire_len":133,"mode":1,"n":17}}
{"sessionId":"0173da","runId":"post-fix","timestamp":1783913468963,"hypothesisId":"L2","location":"dataplane_wan.c:decrypt_wan","message":"l2_full_decrypt_ok","data":{"wire_len":96,"plain_len":66,"n":13}}
{"sessionId":"0173da","runId":"post-fix","timestamp":1783913468963,"hypothesisId":"L2","location":"dataplane_wan.c:dataplane_process_wan","message":"wan_l2_forward_ok","data":{"wire_in":96,"plain_len":66,"n":13}}
{"sessionId":"0173da","runId":"post-fix","timestamp":1783913468966,"hypothesisId":"L2","location":"dataplane_local.c:encrypt_to_wan","message":"encrypt_l2_full_ok","data":{"plain_len":74,"wire_len":104,"mode":1,"n":18}}
{"sessionId":"0173da","runId":"post-fix","timestamp":1783913468967,"hypothesisId":"L2","location":"dataplane_wan.c:decrypt_wan","message":"l2_full_decrypt_ok","data":{"wire_len":104,"plain_len":74,"n":14}}
{"sessionId":"0173da","runId":"post-fix","timestamp":1783913468967,"hypothesisId":"L2","location":"dataplane_wan.c:dataplane_process_wan","message":"wan_l2_forward_ok","data":{"wire_in":104,"plain_len":74,"n":14}}
{"sessionId":"0173da","runId":"post-fix","timestamp":1783913468967,"hypothesisId":"L2","location":"dataplane_local.c:encrypt_to_wan","message":"encrypt_l2_full_ok","data":{"plain_len":66,"wire_len":96,"mode":1,"n":19}}
{"sessionId":"0173da","runId":"post-fix","timestamp":1783913468967,"hypothesisId":"L2","location":"dataplane_wan.c:decrypt_wan","message":"l2_full_decrypt_ok","data":{"wire_len":96,"plain_len":66,"n":15}}
{"sessionId":"0173da","runId":"post-fix","timestamp":1783913468967,"hypothesisId":"L2","location":"dataplane_wan.c:dataplane_process_wan","message":"wan_l2_forward_ok","data":{"wire_in":96,"plain_len":66,"n":15}}
{"sessionId":"0173da","runId":"post-fix","timestamp":1783913468970,"hypothesisId":"L2","location":"dataplane_wan.c:decrypt_wan","message":"l2_full_decrypt_ok","data":{"wire_len":104,"plain_len":74,"n":16}}
{"sessionId":"0173da","runId":"post-fix","timestamp":1783913468970,"hypothesisId":"L2","location":"dataplane_wan.c:dataplane_process_wan","message":"wan_l2_forward_ok","data":{"wire_in":104,"plain_len":74,"n":16}}
{"sessionId":"0173da","runId":"post-fix","timestamp":1783913468971,"hypothesisId":"L2","location":"dataplane_wan.c:decrypt_wan","message":"l2_full_decrypt_ok","data":{"wire_len":96,"plain_len":66,"n":17}}
{"sessionId":"0173da","runId":"post-fix","timestamp":1783913468971,"hypothesisId":"L2","location":"dataplane_wan.c:dataplane_process_wan","message":"wan_l2_forward_ok","data":{"wire_in":96,"plain_len":66,"n":17}}
{"sessionId":"0173da","runId":"post-fix","timestamp":1783913468974,"hypothesisId":"L2","location":"dataplane_wan.c:decrypt_wan","message":"l2_full_decrypt_ok","data":{"wire_len":104,"plain_len":74,"n":18}}
{"sessionId":"0173da","runId":"post-fix","timestamp":1783913468974,"hypothesisId":"L2","location":"dataplane_wan.c:dataplane_process_wan","message":"wan_l2_forward_ok","data":{"wire_in":104,"plain_len":74,"n":18}}
{"sessionId":"0173da","runId":"post-fix","timestamp":1783913468975,"hypothesisId":"L2","location":"dataplane_wan.c:decrypt_wan","message":"l2_full_decrypt_ok","data":{"wire_len":96,"plain_len":66,"n":19}}
{"sessionId":"0173da","runId":"post-fix","timestamp":1783913468975,"hypothesisId":"L2","location":"dataplane_wan.c:dataplane_process_wan","message":"wan_l2_forward_ok","data":{"wire_in":96,"plain_len":66,"n":19}}
{"sessionId":"0173da","runId":"post-fix","timestamp":1783913468978,"hypothesisId":"L2","location":"dataplane_wan.c:decrypt_wan","message":"l2_full_decrypt_ok","data":{"wire_len":104,"plain_len":74,"n":20}}
{"sessionId":"0173da","runId":"post-fix","timestamp":1783913468979,"hypothesisId":"L2","location":"dataplane_wan.c:dataplane_process_wan","message":"wan_l2_forward_ok","data":{"wire_in":104,"plain_len":74,"n":20}}
{"sessionId":"0173da","runId":"post-fix","timestamp":1783913468979,"hypothesisId":"L2","location":"dataplane_wan.c:decrypt_wan","message":"l2_full_decrypt_ok","data":{"wire_len":96,"plain_len":66,"n":21}}
{"sessionId":"0173da","runId":"post-fix","timestamp":1783913468979,"hypothesisId":"L2","location":"dataplane_wan.c:dataplane_process_wan","message":"wan_l2_forward_ok","data":{"wire_in":96,"plain_len":66,"n":21}}
{"sessionId":"0173da","runId":"post-fix","timestamp":1783913468982,"hypothesisId":"L2","location":"dataplane_wan.c:decrypt_wan","message":"l2_full_decrypt_ok","data":{"wire_len":104,"plain_len":74,"n":22}}
{"sessionId":"0173da","runId":"post-fix","timestamp":1783913468982,"hypothesisId":"L2","location":"dataplane_wan.c:dataplane_process_wan","message":"wan_l2_forward_ok","data":{"wire_in":104,"plain_len":74,"n":22}}
{"sessionId":"0173da","runId":"post-fix","timestamp":1783913468983,"hypothesisId":"L2","location":"dataplane_wan.c:decrypt_wan","message":"l2_full_decrypt_ok","data":{"wire_len":96,"plain_len":66,"n":23}}
{"sessionId":"0173da","runId":"post-fix","timestamp":1783913468983,"hypothesisId":"L2","location":"dataplane_wan.c:dataplane_process_wan","message":"wan_l2_forward_ok","data":{"wire_in":96,"plain_len":66,"n":23}}
{"sessionId":"0173da","runId":"post-fix","timestamp":1783913468986,"hypothesisId":"L2","location":"dataplane_wan.c:decrypt_wan","message":"l2_full_decrypt_ok","data":{"wire_len":104,"plain_len":74,"n":24}}
{"sessionId":"0173da","runId":"post-fix","timestamp":1783913468986,"hypothesisId":"L2","location":"dataplane_wan.c:dataplane_process_wan","message":"wan_l2_forward_ok","data":{"wire_in":104,"plain_len":74,"n":24}}
{"sessionId":"0173da","runId":"post-fix","timestamp":1783913468986,"hypothesisId":"L2","location":"dataplane_wan.c:decrypt_wan","message":"l2_full_decrypt_ok","data":{"wire_len":96,"plain_len":66,"n":25}}
{"sessionId":"0173da","runId":"post-fix","timestamp":1783913468986,"hypothesisId":"L2","location":"dataplane_wan.c:dataplane_process_wan","message":"wan_l2_forward_ok","data":{"wire_in":96,"plain_len":66,"n":25}}
{"sessionId":"0173da","runId":"post-fix","timestamp":1783913468990,"hypothesisId":"L2","location":"dataplane_wan.c:decrypt_wan","message":"l2_full_decrypt_ok","data":{"wire_len":104,"plain_len":74,"n":26}}
{"sessionId":"0173da","runId":"post-fix","timestamp":1783913468990,"hypothesisId":"L2","location":"dataplane_wan.c:dataplane_process_wan","message":"wan_l2_forward_ok","data":{"wire_in":104,"plain_len":74,"n":26}}
{"sessionId":"0173da","runId":"post-fix","timestamp":1783913468990,"hypothesisId":"L2","location":"dataplane_wan.c:decrypt_wan","message":"l2_full_decrypt_ok","data":{"wire_len":96,"plain_len":66,"n":27}}
{"sessionId":"0173da","runId":"post-fix","timestamp":1783913468990,"hypothesisId":"L2","location":"dataplane_wan.c:dataplane_process_wan","message":"wan_l2_forward_ok","data":{"wire_in":96,"plain_len":66,"n":27}}
{"sessionId":"0173da","runId":"post-fix","timestamp":1783913468994,"hypothesisId":"L2","location":"dataplane_wan.c:decrypt_wan","message":"l2_full_decrypt_ok","data":{"wire_len":104,"plain_len":74,"n":28}}
{"sessionId":"0173da","runId":"post-fix","timestamp":1783913468994,"hypothesisId":"L2","location":"dataplane_wan.c:dataplane_process_wan","message":"wan_l2_forward_ok","data":{"wire_in":104,"plain_len":74,"n":28}}
{"sessionId":"0173da","runId":"post-fix","timestamp":1783913468994,"hypothesisId":"L2","location":"dataplane_wan.c:decrypt_wan","message":"l2_full_decrypt_ok","data":{"wire_len":96,"plain_len":66,"n":29}}
{"sessionId":"0173da","runId":"post-fix","timestamp":1783913468994,"hypothesisId":"L2","location":"dataplane_wan.c:dataplane_process_wan","message":"wan_l2_forward_ok","data":{"wire_in":96,"plain_len":66,"n":29}}
{"sessionId":"0173da","runId":"post-fix","timestamp":1783913468997,"hypothesisId":"L2","location":"dataplane_wan.c:dataplane_process_wan","message":"wan_l2_forward_ok","data":{"wire_in":104,"plain_len":74,"n":30}}
{"sessionId":"0173da","runId":"post-fix","timestamp":1783913468998,"hypothesisId":"L2","location":"dataplane_wan.c:dataplane_process_wan","message":"wan_l2_forward_ok","data":{"wire_in":96,"plain_len":66,"n":31}}
{"sessionId":"0173da","runId":"post-fix","timestamp":1783913469001,"hypothesisId":"L2","location":"dataplane_wan.c:dataplane_process_wan","message":"wan_l2_forward_ok","data":{"wire_in":104,"plain_len":74,"n":32}}
{"sessionId":"0173da","runId":"post-fix","timestamp":1783913469001,"hypothesisId":"L2","location":"dataplane_wan.c:dataplane_process_wan","message":"wan_l2_forward_ok","data":{"wire_in":96,"plain_len":66,"n":33}}
{"sessionId":"0173da","runId":"post-fix","timestamp":1783913469005,"hypothesisId":"L2","location":"dataplane_wan.c:dataplane_process_wan","message":"wan_l2_forward_ok","data":{"wire_in":104,"plain_len":74,"n":34}}
{"sessionId":"0173da","runId":"post-fix","timestamp":1783913469005,"hypothesisId":"L2","location":"dataplane_wan.c:dataplane_process_wan","message":"wan_l2_forward_ok","data":{"wire_in":96,"plain_len":66,"n":35}}
{"sessionId":"0173da","runId":"post-fix","timestamp":1783913469008,"hypothesisId":"L2","location":"dataplane_wan.c:dataplane_process_wan","message":"wan_l2_forward_ok","data":{"wire_in":104,"plain_len":74,"n":36}}
{"sessionId":"0173da","runId":"post-fix","timestamp":1783913469009,"hypothesisId":"L2","location":"dataplane_wan.c:dataplane_process_wan","message":"wan_l2_forward_ok","data":{"wire_in":96,"plain_len":66,"n":37}}
{"sessionId":"0173da","runId":"post-fix","timestamp":1783913469012,"hypothesisId":"L2","location":"dataplane_wan.c:dataplane_process_wan","message":"wan_l2_forward_ok","data":{"wire_in":104,"plain_len":74,"n":38}}
{"sessionId":"0173da","runId":"post-fix","timestamp":1783913469012,"hypothesisId":"L2","location":"dataplane_wan.c:dataplane_process_wan","message":"wan_l2_forward_ok","data":{"wire_in":96,"plain_len":66,"n":39}}
{"sessionId":"0173da","runId":"post-fix","timestamp":1783913469218,"hypothesisId":"L2","location":"dataplane_local.c:encrypt_to_wan","message":"split_l2_enter","data":{"plain_len":1514,"mode":1,"frag_meta":35,"mtu":1500,"n":0}}
{"sessionId":"0173da","runId":"post-fix","timestamp":1783913469219,"hypothesisId":"L2","location":"dataplane_local.c:encrypt_to_wan","message":"split_l2_ok","data":{"frag0_wire":1500,"frag1_wire":98,"n":0}}
{"sessionId":"0173da","runId":"post-fix","timestamp":1783913469219,"hypothesisId":"L2","location":"dataplane_local.c:encrypt_to_wan","message":"split_l2_enter","data":{"plain_len":1514,"mode":1,"frag_meta":35,"mtu":1500,"n":1}}
{"sessionId":"0173da","runId":"post-fix","timestamp":1783913469219,"hypothesisId":"L2","location":"dataplane_local.c:encrypt_to_wan","message":"split_l2_ok","data":{"frag0_wire":1500,"frag1_wire":98,"n":1}}
{"sessionId":"0173da","runId":"post-fix","timestamp":1783913469219,"hypothesisId":"L2","location":"dataplane_local.c:encrypt_to_wan","message":"split_l2_enter","data":{"plain_len":1514,"mode":1,"frag_meta":35,"mtu":1500,"n":3}}
{"sessionId":"0173da","runId":"post-fix","timestamp":1783913469219,"hypothesisId":"L2","location":"dataplane_local.c:encrypt_to_wan","message":"split_l2_enter","data":{"plain_len":1514,"mode":1,"frag_meta":35,"mtu":1500,"n":2}}
{"sessionId":"0173da","runId":"post-fix","timestamp":1783913469219,"hypothesisId":"L2","location":"dataplane_local.c:encrypt_to_wan","message":"split_l2_ok","data":{"frag0_wire":1500,"frag1_wire":98,"n":3}}
{"sessionId":"0173da","runId":"post-fix","timestamp":1783913469219,"hypothesisId":"L2","location":"dataplane_local.c:encrypt_to_wan","message":"split_l2_ok","data":{"frag0_wire":1500,"frag1_wire":98,"n":2}}
{"sessionId":"0173da","runId":"post-fix","timestamp":1783913469219,"hypothesisId":"L2","location":"dataplane_local.c:encrypt_to_wan","message":"split_l2_enter","data":{"plain_len":1514,"mode":1,"frag_meta":35,"mtu":1500,"n":4}}
{"sessionId":"0173da","runId":"post-fix","timestamp":1783913469219,"hypothesisId":"L2","location":"dataplane_local.c:encrypt_to_wan","message":"split_l2_enter","data":{"plain_len":1514,"mode":1,"frag_meta":35,"mtu":1500,"n":5}}
{"sessionId":"0173da","runId":"post-fix","timestamp":1783913469219,"hypothesisId":"L2","location":"dataplane_local.c:encrypt_to_wan","message":"split_l2_ok","data":{"frag0_wire":1500,"frag1_wire":98,"n":5}}
{"sessionId":"0173da","runId":"post-fix","timestamp":1783913469219,"hypothesisId":"L2","location":"dataplane_local.c:encrypt_to_wan","message":"split_l2_ok","data":{"frag0_wire":1500,"frag1_wire":98,"n":4}}
{"sessionId":"0173da","runId":"post-fix","timestamp":1783913469219,"hypothesisId":"L2","location":"dataplane_local.c:encrypt_to_wan","message":"split_l2_enter","data":{"plain_len":1514,"mode":1,"frag_meta":35,"mtu":1500,"n":6}}
{"sessionId":"0173da","runId":"post-fix","timestamp":1783913469219,"hypothesisId":"L2","location":"dataplane_local.c:encrypt_to_wan","message":"split_l2_enter","data":{"plain_len":1514,"mode":1,"frag_meta":35,"mtu":1500,"n":7}}
{"sessionId":"0173da","runId":"post-fix","timestamp":1783913469219,"hypothesisId":"L2","location":"dataplane_local.c:encrypt_to_wan","message":"split_l2_ok","data":{"frag0_wire":1500,"frag1_wire":98,"n":6}}
{"sessionId":"0173da","runId":"post-fix","timestamp":1783913469219,"hypothesisId":"L2","location":"dataplane_local.c:encrypt_to_wan","message":"split_l2_ok","data":{"frag0_wire":1500,"frag1_wire":98,"n":7}}
{"sessionId":"0173da","runId":"post-fix","timestamp":1783913469219,"hypothesisId":"L2","location":"dataplane_local.c:encrypt_to_wan","message":"split_l2_enter","data":{"plain_len":1514,"mode":1,"frag_meta":35,"mtu":1500,"n":8}}
{"sessionId":"0173da","runId":"post-fix","timestamp":1783913469219,"hypothesisId":"L2","location":"dataplane_local.c:encrypt_to_wan","message":"split_l2_enter","data":{"plain_len":1514,"mode":1,"frag_meta":35,"mtu":1500,"n":9}}
{"sessionId":"0173da","runId":"post-fix","timestamp":1783913469219,"hypothesisId":"L2","location":"dataplane_local.c:encrypt_to_wan","message":"split_l2_ok","data":{"frag0_wire":1500,"frag1_wire":98,"n":8}}
{"sessionId":"0173da","runId":"post-fix","timestamp":1783913469219,"hypothesisId":"L2","location":"dataplane_local.c:encrypt_to_wan","message":"split_l2_ok","data":{"frag0_wire":1500,"frag1_wire":98,"n":9}}
{"sessionId":"0173da","runId":"post-fix","timestamp":1783913469219,"hypothesisId":"L2","location":"dataplane_local.c:encrypt_to_wan","message":"split_l2_enter","data":{"plain_len":1514,"mode":1,"frag_meta":35,"mtu":1500,"n":10}}
{"sessionId":"0173da","runId":"post-fix","timestamp":1783913469219,"hypothesisId":"L2","location":"dataplane_local.c:encrypt_to_wan","message":"split_l2_enter","data":{"plain_len":1514,"mode":1,"frag_meta":35,"mtu":1500,"n":11}}
{"sessionId":"0173da","runId":"post-fix","timestamp":1783913469219,"hypothesisId":"L2","location":"dataplane_local.c:encrypt_to_wan","message":"split_l2_ok","data":{"frag0_wire":1500,"frag1_wire":98,"n":10}}
{"sessionId":"0173da","runId":"post-fix","timestamp":1783913469219,"hypothesisId":"L2","location":"dataplane_local.c:encrypt_to_wan","message":"split_l2_enter","data":{"plain_len":1514,"mode":1,"frag_meta":35,"mtu":1500,"n":12}}
{"sessionId":"0173da","runId":"post-fix","timestamp":1783913469219,"hypothesisId":"L2","location":"dataplane_local.c:encrypt_to_wan","message":"split_l2_ok","data":{"frag0_wire":1500,"frag1_wire":98,"n":11}}
{"sessionId":"0173da","runId":"post-fix","timestamp":1783913469219,"hypothesisId":"L2","location":"dataplane_local.c:encrypt_to_wan","message":"split_l2_enter","data":{"plain_len":1514,"mode":1,"frag_meta":35,"mtu":1500,"n":13}}
{"sessionId":"0173da","runId":"post-fix","timestamp":1783913469219,"hypothesisId":"L2","location":"dataplane_local.c:encrypt_to_wan","message":"split_l2_ok","data":{"frag0_wire":1500,"frag1_wire":98,"n":12}}
{"sessionId":"0173da","runId":"post-fix","timestamp":1783913469219,"hypothesisId":"L2","location":"dataplane_local.c:encrypt_to_wan","message":"split_l2_enter","data":{"plain_len":1514,"mode":1,"frag_meta":35,"mtu":1500,"n":14}}
{"sessionId":"0173da","runId":"post-fix","timestamp":1783913469219,"hypothesisId":"L2","location":"dataplane_local.c:encrypt_to_wan","message":"split_l2_ok","data":{"frag0_wire":1500,"frag1_wire":98,"n":13}}
{"sessionId":"0173da","runId":"post-fix","timestamp":1783913469219,"hypothesisId":"L2","location":"dataplane_local.c:encrypt_to_wan","message":"split_l2_enter","data":{"plain_len":1514,"mode":1,"frag_meta":35,"mtu":1500,"n":15}}
{"sessionId":"0173da","runId":"post-fix","timestamp":1783913469219,"hypothesisId":"L2","location":"dataplane_local.c:encrypt_to_wan","message":"split_l2_ok","data":{"frag0_wire":1500,"frag1_wire":98,"n":14}}
{"sessionId":"0173da","runId":"post-fix","timestamp":1783913469219,"hypothesisId":"L2","location":"dataplane_local.c:encrypt_to_wan","message":"split_l2_enter","data":{"plain_len":1514,"mode":1,"frag_meta":35,"mtu":1500,"n":16}}
{"sessionId":"0173da","runId":"post-fix","timestamp":1783913469219,"hypothesisId":"L2","location":"dataplane_local.c:encrypt_to_wan","message":"split_l2_ok","data":{"frag0_wire":1500,"frag1_wire":98,"n":15}}
{"sessionId":"0173da","runId":"post-fix","timestamp":1783913469219,"hypothesisId":"L2","location":"dataplane_local.c:encrypt_to_wan","message":"split_l2_ok","data":{"frag0_wire":1500,"frag1_wire":98,"n":16}}
{"sessionId":"0173da","runId":"post-fix","timestamp":1783913469219,"hypothesisId":"L2","location":"dataplane_local.c:encrypt_to_wan","message":"split_l2_enter","data":{"plain_len":1514,"mode":1,"frag_meta":35,"mtu":1500,"n":18}}
{"sessionId":"0173da","runId":"post-fix","timestamp":1783913469219,"hypothesisId":"L2","location":"dataplane_local.c:encrypt_to_wan","message":"split_l2_enter","data":{"plain_len":1514,"mode":1,"frag_meta":35,"mtu":1500,"n":17}}
{"sessionId":"0173da","runId":"post-fix","timestamp":1783913469219,"hypothesisId":"L2","location":"dataplane_local.c:encrypt_to_wan","message":"split_l2_ok","data":{"frag0_wire":1500,"frag1_wire":98,"n":17}}
{"sessionId":"0173da","runId":"post-fix","timestamp":1783913469219,"hypothesisId":"L2","location":"dataplane_local.c:encrypt_to_wan","message":"split_l2_ok","data":{"frag0_wire":1500,"frag1_wire":98,"n":18}}
{"sessionId":"0173da","runId":"post-fix","timestamp":1783913469219,"hypothesisId":"L2","location":"dataplane_local.c:encrypt_to_wan","message":"split_l2_enter","data":{"plain_len":1514,"mode":1,"frag_meta":35,"mtu":1500,"n":19}}
{"sessionId":"0173da","runId":"post-fix","timestamp":1783913469219,"hypothesisId":"L2","location":"dataplane_local.c:encrypt_to_wan","message":"split_l2_enter","data":{"plain_len":1514,"mode":1,"frag_meta":35,"mtu":1500,"n":21}}
{"sessionId":"0173da","runId":"post-fix","timestamp":1783913469219,"hypothesisId":"L2","location":"dataplane_local.c:encrypt_to_wan","message":"split_l2_enter","data":{"plain_len":1514,"mode":1,"frag_meta":35,"mtu":1500,"n":22}}
{"sessionId":"0173da","runId":"post-fix","timestamp":1783913469219,"hypothesisId":"L2","location":"dataplane_local.c:encrypt_to_wan","message":"split_l2_enter","data":{"plain_len":1514,"mode":1,"frag_meta":35,"mtu":1500,"n":20}}
{"sessionId":"0173da","runId":"post-fix","timestamp":1783913469219,"hypothesisId":"L2","location":"dataplane_local.c:encrypt_to_wan","message":"split_l2_ok","data":{"frag0_wire":1500,"frag1_wire":98,"n":21}}
{"sessionId":"0173da","runId":"post-fix","timestamp":1783913469219,"hypothesisId":"L2","location":"dataplane_local.c:encrypt_to_wan","message":"split_l2_ok","data":{"frag0_wire":1500,"frag1_wire":98,"n":22}}
{"sessionId":"0173da","runId":"post-fix","timestamp":1783913469219,"hypothesisId":"L2","location":"dataplane_local.c:encrypt_to_wan","message":"split_l2_ok","data":{"frag0_wire":1500,"frag1_wire":98,"n":19}}
{"sessionId":"0173da","runId":"post-fix","timestamp":1783913469219,"hypothesisId":"L2","location":"dataplane_local.c:encrypt_to_wan","message":"split_l2_enter","data":{"plain_len":1514,"mode":1,"frag_meta":35,"mtu":1500,"n":23}}
{"sessionId":"0173da","runId":"post-fix","timestamp":1783913469219,"hypothesisId":"L2","location":"dataplane_local.c:encrypt_to_wan","message":"split_l2_ok","data":{"frag0_wire":1500,"frag1_wire":98,"n":20}}
{"sessionId":"0173da","runId":"post-fix","timestamp":1783913469219,"hypothesisId":"L2","location":"dataplane_local.c:encrypt_to_wan","message":"split_l2_enter","data":{"plain_len":1514,"mode":1,"frag_meta":35,"mtu":1500,"n":25}}
{"sessionId":"0173da","runId":"post-fix","timestamp":1783913469219,"hypothesisId":"L2","location":"dataplane_local.c:encrypt_to_wan","message":"split_l2_enter","data":{"plain_len":1514,"mode":1,"frag_meta":35,"mtu":1500,"n":24}}
{"sessionId":"0173da","runId":"post-fix","timestamp":1783913469219,"hypothesisId":"L2","location":"dataplane_local.c:encrypt_to_wan","message":"split_l2_enter","data":{"plain_len":1514,"mode":1,"frag_meta":35,"mtu":1500,"n":26}}
{"sessionId":"0173da","runId":"post-fix","timestamp":1783913469219,"hypothesisId":"L2","location":"dataplane_local.c:encrypt_to_wan","message":"split_l2_ok","data":{"frag0_wire":1500,"frag1_wire":98,"n":23}}
{"sessionId":"0173da","runId":"post-fix","timestamp":1783913469219,"hypothesisId":"L2","location":"dataplane_local.c:encrypt_to_wan","message":"split_l2_enter","data":{"plain_len":1514,"mode":1,"frag_meta":35,"mtu":1500,"n":27}}
{"sessionId":"0173da","runId":"post-fix","timestamp":1783913469219,"hypothesisId":"L2","location":"dataplane_local.c:encrypt_to_wan","message":"split_l2_ok","data":{"frag0_wire":1500,"frag1_wire":98,"n":24}}
{"sessionId":"0173da","runId":"post-fix","timestamp":1783913469219,"hypothesisId":"L2","location":"dataplane_local.c:encrypt_to_wan","message":"split_l2_ok","data":{"frag0_wire":1500,"frag1_wire":98,"n":26}}
{"sessionId":"0173da","runId":"post-fix","timestamp":1783913469219,"hypothesisId":"L2","location":"dataplane_local.c:encrypt_to_wan","message":"split_l2_ok","data":{"frag0_wire":1500,"frag1_wire":98,"n":27}}
{"sessionId":"0173da","runId":"post-fix","timestamp":1783913469219,"hypothesisId":"L2","location":"dataplane_local.c:encrypt_to_wan","message":"split_l2_ok","data":{"frag0_wire":1500,"frag1_wire":98,"n":25}}
{"sessionId":"0173da","runId":"post-fix","timestamp":1783913469219,"hypothesisId":"L2","location":"dataplane_local.c:encrypt_to_wan","message":"split_l2_enter","data":{"plain_len":1514,"mode":1,"frag_meta":35,"mtu":1500,"n":29}}
{"sessionId":"0173da","runId":"post-fix","timestamp":1783913469220,"hypothesisId":"L2","location":"dataplane_local.c:encrypt_to_wan","message":"split_l2_ok","data":{"frag0_wire":1500,"frag1_wire":98,"n":29}}
{"sessionId":"0173da","runId":"post-fix","timestamp":1783913469220,"hypothesisId":"L2","location":"dataplane_local.c:encrypt_to_wan","message":"split_l2_enter","data":{"plain_len":1514,"mode":1,"frag_meta":35,"mtu":1500,"n":28}}
{"sessionId":"0173da","runId":"post-fix","timestamp":1783913469220,"hypothesisId":"L2","location":"dataplane_local.c:encrypt_to_wan","message":"split_l2_ok","data":{"frag0_wire":1500,"frag1_wire":98,"n":28}}
{"sessionId":"0173da","runId":"post-fix","timestamp":1783913469221,"hypothesisId":"L2","location":"dataplane_local.c:encrypt_to_wan","message":"split_l2_enter","data":{"plain_len":1514,"mode":1,"frag_meta":35,"mtu":1500,"n":256}}
{"sessionId":"0173da","runId":"post-fix","timestamp":1783913469221,"hypothesisId":"L2","location":"dataplane_local.c:encrypt_to_wan","message":"split_l2_ok","data":{"frag0_wire":1500,"frag1_wire":98,"n":256}}
{"sessionId":"0173da","runId":"post-fix","timestamp":1783913469222,"hypothesisId":"L2","location":"dataplane_local.c:encrypt_to_wan","message":"split_l2_enter","data":{"plain_len":1514,"mode":1,"frag_meta":35,"mtu":1500,"n":512}}
{"sessionId":"0173da","runId":"post-fix","timestamp":1783913469223,"hypothesisId":"L2","location":"dataplane_local.c:encrypt_to_wan","message":"split_l2_ok","data":{"frag0_wire":1500,"frag1_wire":98,"n":512}}
{"sessionId":"0173da","runId":"post-fix","timestamp":1783913469224,"hypothesisId":"L2","location":"dataplane_local.c:encrypt_to_wan","message":"split_l2_enter","data":{"plain_len":1514,"mode":1,"frag_meta":35,"mtu":1500,"n":768}}
{"sessionId":"0173da","runId":"post-fix","timestamp":1783913469224,"hypothesisId":"L2","location":"dataplane_local.c:encrypt_to_wan","message":"split_l2_ok","data":{"frag0_wire":1500,"frag1_wire":98,"n":768}}
{"sessionId":"0173da","runId":"post-fix","timestamp":1783913469225,"hypothesisId":"L2","location":"dataplane_local.c:encrypt_to_wan","message":"split_l2_enter","data":{"plain_len":1514,"mode":1,"frag_meta":35,"mtu":1500,"n":1024}}
{"sessionId":"0173da","runId":"post-fix","timestamp":1783913469225,"hypothesisId":"L2","location":"dataplane_local.c:encrypt_to_wan","message":"split_l2_ok","data":{"frag0_wire":1500,"frag1_wire":98,"n":1024}}
{"sessionId":"0173da","runId":"post-fix","timestamp":1783913469226,"hypothesisId":"L2","location":"dataplane_local.c:encrypt_to_wan","message":"split_l2_enter","data":{"plain_len":1514,"mode":1,"frag_meta":35,"mtu":1500,"n":1280}}
{"sessionId":"0173da","runId":"post-fix","timestamp":1783913469226,"hypothesisId":"L2","location":"dataplane_local.c:encrypt_to_wan","message":"split_l2_ok","data":{"frag0_wire":1500,"frag1_wire":98,"n":1280}}
{"sessionId":"0173da","runId":"post-fix","timestamp":1783913469227,"hypothesisId":"L2","location":"dataplane_wan.c:decrypt_wan","message":"l2_full_decrypt_ok","data":{"wire_len":96,"plain_len":66,"n":512}}
{"sessionId":"0173da","runId":"post-fix","timestamp":1783913469227,"hypothesisId":"L2","location":"dataplane_wan.c:dataplane_process_wan","message":"wan_l2_forward_ok","data":{"wire_in":96,"plain_len":66,"n":512}}
{"sessionId":"0173da","runId":"post-fix","timestamp":1783913469228,"hypothesisId":"L2","location":"dataplane_local.c:encrypt_to_wan","message":"split_l2_enter","data":{"plain_len":1514,"mode":1,"frag_meta":35,"mtu":1500,"n":1536}}
{"sessionId":"0173da","runId":"post-fix","timestamp":1783913469228,"hypothesisId":"L2","location":"dataplane_local.c:encrypt_to_wan","message":"split_l2_ok","data":{"frag0_wire":1500,"frag1_wire":98,"n":1536}}
{"sessionId":"0173da","runId":"post-fix","timestamp":1783913469229,"hypothesisId":"L2","location":"dataplane_local.c:encrypt_to_wan","message":"split_l2_enter","data":{"plain_len":1514,"mode":1,"frag_meta":35,"mtu":1500,"n":1792}}
{"sessionId":"0173da","runId":"post-fix","timestamp":1783913469229,"hypothesisId":"L2","location":"dataplane_local.c:encrypt_to_wan","message":"split_l2_ok","data":{"frag0_wire":1500,"frag1_wire":98,"n":1792}}
{"sessionId":"0173da","runId":"post-fix","timestamp":1783913469230,"hypothesisId":"L2","location":"dataplane_local.c:encrypt_to_wan","message":"split_l2_enter","data":{"plain_len":1514,"mode":1,"frag_meta":35,"mtu":1500,"n":2048}}
{"sessionId":"0173da","runId":"post-fix","timestamp":1783913469230,"hypothesisId":"L2","location":"dataplane_local.c:encrypt_to_wan","message":"split_l2_ok","data":{"frag0_wire":1500,"frag1_wire":98,"n":2048}}
{"sessionId":"0173da","runId":"post-fix","timestamp":1783913469232,"hypothesisId":"L2","location":"dataplane_local.c:encrypt_to_wan","message":"split_l2_enter","data":{"plain_len":1514,"mode":1,"frag_meta":35,"mtu":1500,"n":2304}}
{"sessionId":"0173da","runId":"post-fix","timestamp":1783913469232,"hypothesisId":"L2","location":"dataplane_local.c:encrypt_to_wan","message":"split_l2_ok","data":{"frag0_wire":1500,"frag1_wire":98,"n":2304}}
{"sessionId":"0173da","runId":"post-fix","timestamp":1783913469234,"hypothesisId":"L2","location":"dataplane_local.c:encrypt_to_wan","message":"split_l2_enter","data":{"plain_len":1514,"mode":1,"frag_meta":35,"mtu":1500,"n":2560}}
{"sessionId":"0173da","runId":"post-fix","timestamp":1783913469234,"hypothesisId":"L2","location":"dataplane_local.c:encrypt_to_wan","message":"split_l2_ok","data":{"frag0_wire":1500,"frag1_wire":98,"n":2560}}
{"sessionId":"0173da","runId":"post-fix","timestamp":1783913469237,"hypothesisId":"L2","location":"dataplane_local.c:encrypt_to_wan","message":"split_l2_enter","data":{"plain_len":1514,"mode":1,"frag_meta":35,"mtu":1500,"n":2816}}
{"sessionId":"0173da","runId":"post-fix","timestamp":1783913469237,"hypothesisId":"L2","location":"dataplane_local.c:encrypt_to_wan","message":"split_l2_ok","data":{"frag0_wire":1500,"frag1_wire":98,"n":2816}}
{"sessionId":"0173da","runId":"post-fix","timestamp":1783913469239,"hypothesisId":"L2","location":"dataplane_wan.c:decrypt_wan","message":"l2_full_decrypt_ok","data":{"wire_len":96,"plain_len":66,"n":1024}}
{"sessionId":"0173da","runId":"post-fix","timestamp":1783913469240,"hypothesisId":"L2","location":"dataplane_wan.c:dataplane_process_wan","message":"wan_l2_forward_ok","data":{"wire_in":96,"plain_len":66,"n":1024}}
{"sessionId":"0173da","runId":"post-fix","timestamp":1783913469240,"hypothesisId":"L2","location":"dataplane_local.c:encrypt_to_wan","message":"split_l2_enter","data":{"plain_len":1514,"mode":1,"frag_meta":35,"mtu":1500,"n":3072}}
{"sessionId":"0173da","runId":"post-fix","timestamp":1783913469240,"hypothesisId":"L2","location":"dataplane_local.c:encrypt_to_wan","message":"split_l2_ok","data":{"frag0_wire":1500,"frag1_wire":98,"n":3072}}
{"sessionId":"0173da","runId":"post-fix","timestamp":1783913469244,"hypothesisId":"L2","location":"dataplane_local.c:encrypt_to_wan","message":"split_l2_enter","data":{"plain_len":1514,"mode":1,"frag_meta":35,"mtu":1500,"n":3328}}
{"sessionId":"0173da","runId":"post-fix","timestamp":1783913469244,"hypothesisId":"L2","location":"dataplane_local.c:encrypt_to_wan","message":"split_l2_ok","data":{"frag0_wire":1500,"frag1_wire":98,"n":3328}}
{"sessionId":"0173da","runId":"post-fix","timestamp":1783913469248,"hypothesisId":"L2","location":"dataplane_local.c:encrypt_to_wan","message":"split_l2_enter","data":{"plain_len":1514,"mode":1,"frag_meta":35,"mtu":1500,"n":3584}}
{"sessionId":"0173da","runId":"post-fix","timestamp":1783913469248,"hypothesisId":"L2","location":"dataplane_local.c:encrypt_to_wan","message":"split_l2_ok","data":{"frag0_wire":1500,"frag1_wire":98,"n":3584}}
{"sessionId":"0173da","runId":"post-fix","timestamp":1783913469252,"hypothesisId":"L2","location":"dataplane_local.c:encrypt_to_wan","message":"split_l2_enter","data":{"plain_len":1514,"mode":1,"frag_meta":35,"mtu":1500,"n":3840}}
{"sessionId":"0173da","runId":"post-fix","timestamp":1783913469252,"hypothesisId":"L2","location":"dataplane_local.c:encrypt_to_wan","message":"split_l2_ok","data":{"frag0_wire":1500,"frag1_wire":98,"n":3840}}
{"sessionId":"0173da","runId":"post-fix","timestamp":1783913469255,"hypothesisId":"L2","location":"dataplane_wan.c:decrypt_wan","message":"l2_full_decrypt_ok","data":{"wire_len":96,"plain_len":66,"n":1536}}
{"sessionId":"0173da","runId":"post-fix","timestamp":1783913469255,"hypothesisId":"L2","location":"dataplane_wan.c:dataplane_process_wan","message":"wan_l2_forward_ok","data":{"wire_in":96,"plain_len":66,"n":1536}}
{"sessionId":"0173da","runId":"post-fix","timestamp":1783913469263,"hypothesisId":"L2","location":"dataplane_local.c:encrypt_to_wan","message":"split_l2_enter","data":{"plain_len":1514,"mode":1,"frag_meta":35,"mtu":1500,"n":4096}}
{"sessionId":"0173da","runId":"post-fix","timestamp":1783913469263,"hypothesisId":"L2","location":"dataplane_local.c:encrypt_to_wan","message":"split_l2_ok","data":{"frag0_wire":1500,"frag1_wire":98,"n":4096}}
{"sessionId":"0173da","runId":"post-fix","timestamp":1783913469268,"hypothesisId":"L2","location":"dataplane_local.c:encrypt_to_wan","message":"split_l2_enter","data":{"plain_len":1514,"mode":1,"frag_meta":35,"mtu":1500,"n":4352}}
{"sessionId":"0173da","runId":"post-fix","timestamp":1783913469268,"hypothesisId":"L2","location":"dataplane_local.c:encrypt_to_wan","message":"split_l2_ok","data":{"frag0_wire":1500,"frag1_wire":98,"n":4352}}
{"sessionId":"0173da","runId":"post-fix","timestamp":1783913469271,"hypothesisId":"L2","location":"dataplane_local.c:encrypt_to_wan","message":"split_l2_enter","data":{"plain_len":1514,"mode":1,"frag_meta":35,"mtu":1500,"n":4608}}
{"sessionId":"0173da","runId":"post-fix","timestamp":1783913469271,"hypothesisId":"L2","location":"dataplane_local.c:encrypt_to_wan","message":"split_l2_ok","data":{"frag0_wire":1500,"frag1_wire":98,"n":4608}}
{"sessionId":"0173da","runId":"post-fix","timestamp":1783913469275,"hypothesisId":"L2","location":"dataplane_local.c:encrypt_to_wan","message":"split_l2_enter","data":{"plain_len":1514,"mode":1,"frag_meta":35,"mtu":1500,"n":4864}}
{"sessionId":"0173da","runId":"post-fix","timestamp":1783913469275,"hypothesisId":"L2","location":"dataplane_local.c:encrypt_to_wan","message":"split_l2_ok","data":{"frag0_wire":1500,"frag1_wire":98,"n":4864}}
{"sessionId":"0173da","runId":"post-fix","timestamp":1783913469277,"hypothesisId":"L2","location":"dataplane_local.c:encrypt_to_wan","message":"split_l2_enter","data":{"plain_len":1514,"mode":1,"frag_meta":35,"mtu":1500,"n":5120}}
{"sessionId":"0173da","runId":"post-fix","timestamp":1783913469277,"hypothesisId":"L2","location":"dataplane_local.c:encrypt_to_wan","message":"split_l2_ok","data":{"frag0_wire":1500,"frag1_wire":98,"n":5120}}
{"sessionId":"0173da","runId":"post-fix","timestamp":1783913469280,"hypothesisId":"L2","location":"dataplane_local.c:encrypt_to_wan","message":"split_l2_enter","data":{"plain_len":1514,"mode":1,"frag_meta":35,"mtu":1500,"n":5376}}
{"sessionId":"0173da","runId":"post-fix","timestamp":1783913469280,"hypothesisId":"L2","location":"dataplane_local.c:encrypt_to_wan","message":"split_l2_ok","data":{"frag0_wire":1500,"frag1_wire":98,"n":5376}}
{"sessionId":"0173da","runId":"post-fix","timestamp":1783913469283,"hypothesisId":"L2","location":"dataplane_local.c:encrypt_to_wan","message":"split_l2_enter","data":{"plain_len":1514,"mode":1,"frag_meta":35,"mtu":1500,"n":5632}}
{"sessionId":"0173da","runId":"post-fix","timestamp":1783913469283,"hypothesisId":"L2","location":"dataplane_local.c:encrypt_to_wan","message":"split_l2_ok","data":{"frag0_wire":1500,"frag1_wire":98,"n":5632}}
{"sessionId":"0173da","runId":"post-fix","timestamp":1783913469283,"hypothesisId":"L2","location":"dataplane_wan.c:decrypt_wan","message":"l2_full_decrypt_ok","data":{"wire_len":96,"plain_len":66,"n":2048}}
{"sessionId":"0173da","runId":"post-fix","timestamp":1783913469283,"hypothesisId":"L2","location":"dataplane_wan.c:dataplane_process_wan","message":"wan_l2_forward_ok","data":{"wire_in":96,"plain_len":66,"n":2048}}
{"sessionId":"0173da","runId":"post-fix","timestamp":1783913469285,"hypothesisId":"L2","location":"dataplane_local.c:encrypt_to_wan","message":"split_l2_enter","data":{"plain_len":1514,"mode":1,"frag_meta":35,"mtu":1500,"n":5888}}
{"sessionId":"0173da","runId":"post-fix","timestamp":1783913469285,"hypothesisId":"L2","location":"dataplane_local.c:encrypt_to_wan","message":"split_l2_ok","data":{"frag0_wire":1500,"frag1_wire":98,"n":5888}}
{"sessionId":"0173da","runId":"post-fix","timestamp":1783913469288,"hypothesisId":"L2","location":"dataplane_local.c:encrypt_to_wan","message":"split_l2_enter","data":{"plain_len":1514,"mode":1,"frag_meta":35,"mtu":1500,"n":6144}}
{"sessionId":"0173da","runId":"post-fix","timestamp":1783913469288,"hypothesisId":"L2","location":"dataplane_local.c:encrypt_to_wan","message":"split_l2_ok","data":{"frag0_wire":1500,"frag1_wire":98,"n":6144}}
{"sessionId":"0173da","runId":"post-fix","timestamp":1783913469290,"hypothesisId":"L2","location":"dataplane_local.c:encrypt_to_wan","message":"split_l2_enter","data":{"plain_len":1514,"mode":1,"frag_meta":35,"mtu":1500,"n":6400}}
{"sessionId":"0173da","runId":"post-fix","timestamp":1783913469291,"hypothesisId":"L2","location":"dataplane_local.c:encrypt_to_wan","message":"split_l2_ok","data":{"frag0_wire":1500,"frag1_wire":98,"n":6400}}
{"sessionId":"0173da","runId":"post-fix","timestamp":1783913469293,"hypothesisId":"L2","location":"dataplane_local.c:encrypt_to_wan","message":"split_l2_enter","data":{"plain_len":1514,"mode":1,"frag_meta":35,"mtu":1500,"n":6656}}
{"sessionId":"0173da","runId":"post-fix","timestamp":1783913469293,"hypothesisId":"L2","location":"dataplane_local.c:encrypt_to_wan","message":"split_l2_ok","data":{"frag0_wire":1500,"frag1_wire":98,"n":6656}}
{"sessionId":"0173da","runId":"post-fix","timestamp":1783913469295,"hypothesisId":"L2","location":"dataplane_local.c:encrypt_to_wan","message":"split_l2_enter","data":{"plain_len":1514,"mode":1,"frag_meta":35,"mtu":1500,"n":6912}}
{"sessionId":"0173da","runId":"post-fix","timestamp":1783913469295,"hypothesisId":"L2","location":"dataplane_local.c:encrypt_to_wan","message":"split_l2_ok","data":{"frag0_wire":1500,"frag1_wire":98,"n":6912}}
{"sessionId":"0173da","runId":"post-fix","timestamp":1783913469295,"hypothesisId":"L2","location":"dataplane_wan.c:decrypt_wan","message":"l2_full_decrypt_ok","data":{"wire_len":96,"plain_len":66,"n":2560}}
{"sessionId":"0173da","runId":"post-fix","timestamp":1783913469295,"hypothesisId":"L2","location":"dataplane_wan.c:dataplane_process_wan","message":"wan_l2_forward_ok","data":{"wire_in":96,"plain_len":66,"n":2560}}
{"sessionId":"0173da","runId":"post-fix","timestamp":1783913469297,"hypothesisId":"L2","location":"dataplane_local.c:encrypt_to_wan","message":"split_l2_enter","data":{"plain_len":1514,"mode":1,"frag_meta":35,"mtu":1500,"n":7168}}
{"sessionId":"0173da","runId":"post-fix","timestamp":1783913469297,"hypothesisId":"L2","location":"dataplane_local.c:encrypt_to_wan","message":"split_l2_ok","data":{"frag0_wire":1500,"frag1_wire":98,"n":7168}}
{"sessionId":"0173da","runId":"post-fix","timestamp":1783913469300,"hypothesisId":"L2","location":"dataplane_local.c:encrypt_to_wan","message":"split_l2_enter","data":{"plain_len":1514,"mode":1,"frag_meta":35,"mtu":1500,"n":7424}}
{"sessionId":"0173da","runId":"post-fix","timestamp":1783913469300,"hypothesisId":"L2","location":"dataplane_local.c:encrypt_to_wan","message":"split_l2_ok","data":{"frag0_wire":1500,"frag1_wire":98,"n":7424}}
{"sessionId":"0173da","runId":"post-fix","timestamp":1783913469302,"hypothesisId":"L2","location":"dataplane_local.c:encrypt_to_wan","message":"split_l2_enter","data":{"plain_len":1514,"mode":1,"frag_meta":35,"mtu":1500,"n":7680}}
{"sessionId":"0173da","runId":"post-fix","timestamp":1783913469302,"hypothesisId":"L2","location":"dataplane_local.c:encrypt_to_wan","message":"split_l2_ok","data":{"frag0_wire":1500,"frag1_wire":98,"n":7680}}
{"sessionId":"0173da","runId":"post-fix","timestamp":1783913469304,"hypothesisId":"L2","location":"dataplane_local.c:encrypt_to_wan","message":"split_l2_enter","data":{"plain_len":1514,"mode":1,"frag_meta":35,"mtu":1500,"n":7936}}
{"sessionId":"0173da","runId":"post-fix","timestamp":1783913469305,"hypothesisId":"L2","location":"dataplane_local.c:encrypt_to_wan","message":"split_l2_ok","data":{"frag0_wire":1500,"frag1_wire":98,"n":7936}}
{"sessionId":"0173da","runId":"post-fix","timestamp":1783913469307,"hypothesisId":"L2","location":"dataplane_local.c:encrypt_to_wan","message":"split_l2_enter","data":{"plain_len":1514,"mode":1,"frag_meta":35,"mtu":1500,"n":8192}}
{"sessionId":"0173da","runId":"post-fix","timestamp":1783913469307,"hypothesisId":"L2","location":"dataplane_local.c:encrypt_to_wan","message":"split_l2_ok","data":{"frag0_wire":1500,"frag1_wire":98,"n":8192}}
{"sessionId":"0173da","runId":"post-fix","timestamp":1783913469309,"hypothesisId":"L2","location":"dataplane_local.c:encrypt_to_wan","message":"split_l2_enter","data":{"plain_len":1514,"mode":1,"frag_meta":35,"mtu":1500,"n":8448}}
{"sessionId":"0173da","runId":"post-fix","timestamp":1783913469309,"hypothesisId":"L2","location":"dataplane_local.c:encrypt_to_wan","message":"split_l2_ok","data":{"frag0_wire":1500,"frag1_wire":98,"n":8448}}
{"sessionId":"0173da","runId":"post-fix","timestamp":1783913469309,"hypothesisId":"L2","location":"dataplane_wan.c:dataplane_process_wan","message":"wan_l2_forward_ok","data":{"wire_in":96,"plain_len":66,"n":3072}}
{"sessionId":"0173da","runId":"post-fix","timestamp":1783913469309,"hypothesisId":"L2","location":"dataplane_wan.c:decrypt_wan","message":"l2_full_decrypt_ok","data":{"wire_len":96,"plain_len":66,"n":3072}}
{"sessionId":"0173da","runId":"post-fix","timestamp":1783913469309,"hypothesisId":"L2","location":"dataplane_local.c:encrypt_to_wan","message":"encrypt_l2_full_ok","data":{"plain_len":770,"wire_len":800,"mode":1,"n":512}}
{"sessionId":"0173da","runId":"post-fix","timestamp":1783913469311,"hypothesisId":"L2","location":"dataplane_local.c:encrypt_to_wan","message":"split_l2_enter","data":{"plain_len":1514,"mode":1,"frag_meta":35,"mtu":1500,"n":8704}}
{"sessionId":"0173da","runId":"post-fix","timestamp":1783913469311,"hypothesisId":"L2","location":"dataplane_local.c:encrypt_to_wan","message":"split_l2_ok","data":{"frag0_wire":1500,"frag1_wire":98,"n":8704}}
{"sessionId":"0173da","runId":"post-fix","timestamp":1783913469313,"hypothesisId":"L2","location":"dataplane_local.c:encrypt_to_wan","message":"split_l2_enter","data":{"plain_len":1514,"mode":1,"frag_meta":35,"mtu":1500,"n":8960}}
{"sessionId":"0173da","runId":"post-fix","timestamp":1783913469313,"hypothesisId":"L2","location":"dataplane_local.c:encrypt_to_wan","message":"split_l2_ok","data":{"frag0_wire":1500,"frag1_wire":98,"n":8960}}
{"sessionId":"0173da","runId":"post-fix","timestamp":1783913469315,"hypothesisId":"L2","location":"dataplane_local.c:encrypt_to_wan","message":"split_l2_enter","data":{"plain_len":1514,"mode":1,"frag_meta":35,"mtu":1500,"n":9216}}
{"sessionId":"0173da","runId":"post-fix","timestamp":1783913469315,"hypothesisId":"L2","location":"dataplane_local.c:encrypt_to_wan","message":"split_l2_ok","data":{"frag0_wire":1500,"frag1_wire":98,"n":9216}}
{"sessionId":"0173da","runId":"post-fix","timestamp":1783913469317,"hypothesisId":"L2","location":"dataplane_local.c:encrypt_to_wan","message":"split_l2_enter","data":{"plain_len":1514,"mode":1,"frag_meta":35,"mtu":1500,"n":9472}}
{"sessionId":"0173da","runId":"post-fix","timestamp":1783913469317,"hypothesisId":"L2","location":"dataplane_local.c:encrypt_to_wan","message":"split_l2_ok","data":{"frag0_wire":1500,"frag1_wire":98,"n":9472}}
{"sessionId":"0173da","runId":"post-fix","timestamp":1783913469321,"hypothesisId":"L2","location":"dataplane_local.c:encrypt_to_wan","message":"split_l2_enter","data":{"plain_len":1514,"mode":1,"frag_meta":35,"mtu":1500,"n":9728}}
{"sessionId":"0173da","runId":"post-fix","timestamp":1783913469321,"hypothesisId":"L2","location":"dataplane_local.c:encrypt_to_wan","message":"split_l2_ok","data":{"frag0_wire":1500,"frag1_wire":98,"n":9728}}
{"sessionId":"0173da","runId":"post-fix","timestamp":1783913469325,"hypothesisId":"L2","location":"dataplane_wan.c:decrypt_wan","message":"l2_full_decrypt_ok","data":{"wire_len":108,"plain_len":78,"n":3584}}
{"sessionId":"0173da","runId":"post-fix","timestamp":1783913469325,"hypothesisId":"L2","location":"dataplane_wan.c:dataplane_process_wan","message":"wan_l2_forward_ok","data":{"wire_in":96,"plain_len":66,"n":3584}}
{"sessionId":"0173da","runId":"post-fix","timestamp":1783913469325,"hypothesisId":"L2","location":"dataplane_local.c:encrypt_to_wan","message":"split_l2_enter","data":{"plain_len":1514,"mode":1,"frag_meta":35,"mtu":1500,"n":9984}}
{"sessionId":"0173da","runId":"post-fix","timestamp":1783913469325,"hypothesisId":"L2","location":"dataplane_local.c:encrypt_to_wan","message":"split_l2_ok","data":{"frag0_wire":1500,"frag1_wire":98,"n":9984}}
{"sessionId":"0173da","runId":"post-fix","timestamp":1783913469329,"hypothesisId":"L2","location":"dataplane_local.c:encrypt_to_wan","message":"split_l2_enter","data":{"plain_len":1514,"mode":1,"frag_meta":35,"mtu":1500,"n":10240}}
{"sessionId":"0173da","runId":"post-fix","timestamp":1783913469329,"hypothesisId":"L2","location":"dataplane_local.c:encrypt_to_wan","message":"split_l2_ok","data":{"frag0_wire":1500,"frag1_wire":98,"n":10240}}
{"sessionId":"0173da","runId":"post-fix","timestamp":1783913469332,"hypothesisId":"L2","location":"dataplane_local.c:encrypt_to_wan","message":"split_l2_enter","data":{"plain_len":1514,"mode":1,"frag_meta":35,"mtu":1500,"n":10496}}
{"sessionId":"0173da","runId":"post-fix","timestamp":1783913469332,"hypothesisId":"L2","location":"dataplane_local.c:encrypt_to_wan","message":"split_l2_ok","data":{"frag0_wire":1500,"frag1_wire":98,"n":10496}}
{"sessionId":"0173da","runId":"post-fix","timestamp":1783913469336,"hypothesisId":"L2","location":"dataplane_local.c:encrypt_to_wan","message":"split_l2_enter","data":{"plain_len":1514,"mode":1,"frag_meta":35,"mtu":1500,"n":10752}}
{"sessionId":"0173da","runId":"post-fix","timestamp":1783913469336,"hypothesisId":"L2","location":"dataplane_local.c:encrypt_to_wan","message":"split_l2_ok","data":{"frag0_wire":1500,"frag1_wire":98,"n":10752}}
{"sessionId":"0173da","runId":"post-fix","timestamp":1783913469338,"hypothesisId":"L2","location":"dataplane_local.c:encrypt_to_wan","message":"split_l2_enter","data":{"plain_len":1514,"mode":1,"frag_meta":35,"mtu":1500,"n":11008}}
{"sessionId":"0173da","runId":"post-fix","timestamp":1783913469338,"hypothesisId":"L2","location":"dataplane_local.c:encrypt_to_wan","message":"split_l2_ok","data":{"frag0_wire":1500,"frag1_wire":98,"n":11008}}
{"sessionId":"0173da","runId":"post-fix","timestamp":1783913469342,"hypothesisId":"L2","location":"dataplane_local.c:encrypt_to_wan","message":"split_l2_enter","data":{"plain_len":1514,"mode":1,"frag_meta":35,"mtu":1500,"n":11264}}
{"sessionId":"0173da","runId":"post-fix","timestamp":1783913469342,"hypothesisId":"L2","location":"dataplane_local.c:encrypt_to_wan","message":"split_l2_ok","data":{"frag0_wire":1500,"frag1_wire":98,"n":11264}}
{"sessionId":"0173da","runId":"post-fix","timestamp":1783913469345,"hypothesisId":"L2","location":"dataplane_local.c:encrypt_to_wan","message":"split_l2_enter","data":{"plain_len":1514,"mode":1,"frag_meta":35,"mtu":1500,"n":11520}}
{"sessionId":"0173da","runId":"post-fix","timestamp":1783913469345,"hypothesisId":"L2","location":"dataplane_local.c:encrypt_to_wan","message":"split_l2_ok","data":{"frag0_wire":1500,"frag1_wire":98,"n":11520}}
{"sessionId":"0173da","runId":"post-fix","timestamp":1783913469346,"hypothesisId":"L2","location":"dataplane_wan.c:decrypt_wan","message":"l2_full_decrypt_ok","data":{"wire_len":96,"plain_len":66,"n":4096}}
{"sessionId":"0173da","runId":"post-fix","timestamp":1783913469346,"hypothesisId":"L2","location":"dataplane_wan.c:dataplane_process_wan","message":"wan_l2_forward_ok","data":{"wire_in":96,"plain_len":66,"n":4096}}
{"sessionId":"0173da","runId":"post-fix","timestamp":1783913469348,"hypothesisId":"L2","location":"dataplane_local.c:encrypt_to_wan","message":"split_l2_enter","data":{"plain_len":1514,"mode":1,"frag_meta":35,"mtu":1500,"n":11776}}
{"sessionId":"0173da","runId":"post-fix","timestamp":1783913469349,"hypothesisId":"L2","location":"dataplane_local.c:encrypt_to_wan","message":"split_l2_ok","data":{"frag0_wire":1500,"frag1_wire":98,"n":11776}}
{"sessionId":"0173da","runId":"post-fix","timestamp":1783913469352,"hypothesisId":"L2","location":"dataplane_local.c:encrypt_to_wan","message":"split_l2_enter","data":{"plain_len":1514,"mode":1,"frag_meta":35,"mtu":1500,"n":12032}}
{"sessionId":"0173da","runId":"post-fix","timestamp":1783913469352,"hypothesisId":"L2","location":"dataplane_local.c:encrypt_to_wan","message":"split_l2_ok","data":{"frag0_wire":1500,"frag1_wire":98,"n":12032}}
{"sessionId":"0173da","runId":"post-fix","timestamp":1783913469354,"hypothesisId":"L2","location":"dataplane_local.c:encrypt_to_wan","message":"split_l2_enter","data":{"plain_len":1514,"mode":1,"frag_meta":35,"mtu":1500,"n":12288}}
{"sessionId":"0173da","runId":"post-fix","timestamp":1783913469354,"hypothesisId":"L2","location":"dataplane_local.c:encrypt_to_wan","message":"split_l2_ok","data":{"frag0_wire":1500,"frag1_wire":98,"n":12288}}
{"sessionId":"0173da","runId":"post-fix","timestamp":1783913469357,"hypothesisId":"L2","location":"dataplane_local.c:encrypt_to_wan","message":"split_l2_enter","data":{"plain_len":1514,"mode":1,"frag_meta":35,"mtu":1500,"n":12544}}
{"sessionId":"0173da","runId":"post-fix","timestamp":1783913469357,"hypothesisId":"L2","location":"dataplane_local.c:encrypt_to_wan","message":"split_l2_ok","data":{"frag0_wire":1500,"frag1_wire":98,"n":12544}}
{"sessionId":"0173da","runId":"post-fix","timestamp":1783913469360,"hypothesisId":"L2","location":"dataplane_local.c:encrypt_to_wan","message":"split_l2_enter","data":{"plain_len":1514,"mode":1,"frag_meta":35,"mtu":1500,"n":12800}}
{"sessionId":"0173da","runId":"post-fix","timestamp":1783913469360,"hypothesisId":"L2","location":"dataplane_local.c:encrypt_to_wan","message":"split_l2_ok","data":{"frag0_wire":1500,"frag1_wire":98,"n":12800}}
{"sessionId":"0173da","runId":"post-fix","timestamp":1783913469363,"hypothesisId":"L2","location":"dataplane_local.c:encrypt_to_wan","message":"split_l2_enter","data":{"plain_len":1514,"mode":1,"frag_meta":35,"mtu":1500,"n":13056}}
{"sessionId":"0173da","runId":"post-fix","timestamp":1783913469363,"hypothesisId":"L2","location":"dataplane_local.c:encrypt_to_wan","message":"split_l2_ok","data":{"frag0_wire":1500,"frag1_wire":98,"n":13056}}
{"sessionId":"0173da","runId":"post-fix","timestamp":1783913469367,"hypothesisId":"L2","location":"dataplane_local.c:encrypt_to_wan","message":"split_l2_enter","data":{"plain_len":1514,"mode":1,"frag_meta":35,"mtu":1500,"n":13312}}
{"sessionId":"0173da","runId":"post-fix","timestamp":1783913469367,"hypothesisId":"L2","location":"dataplane_local.c:encrypt_to_wan","message":"split_l2_ok","data":{"frag0_wire":1500,"frag1_wire":98,"n":13312}}
{"sessionId":"0173da","runId":"post-fix","timestamp":1783913469370,"hypothesisId":"L2","location":"dataplane_local.c:encrypt_to_wan","message":"split_l2_enter","data":{"plain_len":1514,"mode":1,"frag_meta":35,"mtu":1500,"n":13568}}
{"sessionId":"0173da","runId":"post-fix","timestamp":1783913469370,"hypothesisId":"L2","location":"dataplane_local.c:encrypt_to_wan","message":"split_l2_ok","data":{"frag0_wire":1500,"frag1_wire":98,"n":13568}}
{"sessionId":"0173da","runId":"post-fix","timestamp":1783913469370,"hypothesisId":"L2","location":"dataplane_wan.c:decrypt_wan","message":"l2_full_decrypt_ok","data":{"wire_len":96,"plain_len":66,"n":4608}}
{"sessionId":"0173da","runId":"post-fix","timestamp":1783913469370,"hypothesisId":"L2","location":"dataplane_wan.c:dataplane_process_wan","message":"wan_l2_forward_ok","data":{"wire_in":96,"plain_len":66,"n":4608}}
{"sessionId":"0173da","runId":"post-fix","timestamp":1783913469373,"hypothesisId":"L2","location":"dataplane_local.c:encrypt_to_wan","message":"split_l2_enter","data":{"plain_len":1514,"mode":1,"frag_meta":35,"mtu":1500,"n":13824}}
{"sessionId":"0173da","runId":"post-fix","timestamp":1783913469373,"hypothesisId":"L2","location":"dataplane_local.c:encrypt_to_wan","message":"split_l2_ok","data":{"frag0_wire":1500,"frag1_wire":98,"n":13824}}
{"sessionId":"0173da","runId":"post-fix","timestamp":1783913469376,"hypothesisId":"L2","location":"dataplane_local.c:encrypt_to_wan","message":"split_l2_enter","data":{"plain_len":1514,"mode":1,"frag_meta":35,"mtu":1500,"n":14080}}
{"sessionId":"0173da","runId":"post-fix","timestamp":1783913469376,"hypothesisId":"L2","location":"dataplane_local.c:encrypt_to_wan","message":"split_l2_ok","data":{"frag0_wire":1500,"frag1_wire":98,"n":14080}}
{"sessionId":"0173da","runId":"post-fix","timestamp":1783913469378,"hypothesisId":"L2","location":"dataplane_local.c:encrypt_to_wan","message":"split_l2_enter","data":{"plain_len":1514,"mode":1,"frag_meta":35,"mtu":1500,"n":14336}}
{"sessionId":"0173da","runId":"post-fix","timestamp":1783913469378,"hypothesisId":"L2","location":"dataplane_local.c:encrypt_to_wan","message":"split_l2_ok","data":{"frag0_wire":1500,"frag1_wire":98,"n":14336}}
{"sessionId":"0173da","runId":"post-fix","timestamp":1783913469379,"hypothesisId":"L2","location":"dataplane_local.c:encrypt_to_wan","message":"split_l2_enter","data":{"plain_len":1514,"mode":1,"frag_meta":35,"mtu":1500,"n":14592}}
{"sessionId":"0173da","runId":"post-fix","timestamp":1783913469379,"hypothesisId":"L2","location":"dataplane_local.c:encrypt_to_wan","message":"split_l2_ok","data":{"frag0_wire":1500,"frag1_wire":98,"n":14592}}
{"sessionId":"0173da","runId":"post-fix","timestamp":1783913469381,"hypothesisId":"L2","location":"dataplane_local.c:encrypt_to_wan","message":"split_l2_enter","data":{"plain_len":1514,"mode":1,"frag_meta":35,"mtu":1500,"n":14848}}
{"sessionId":"0173da","runId":"post-fix","timestamp":1783913469381,"hypothesisId":"L2","location":"dataplane_local.c:encrypt_to_wan","message":"split_l2_ok","data":{"frag0_wire":1500,"frag1_wire":98,"n":14848}}
{"sessionId":"0173da","runId":"post-fix","timestamp":1783913469384,"hypothesisId":"L2","location":"dataplane_local.c:encrypt_to_wan","message":"split_l2_enter","data":{"plain_len":1514,"mode":1,"frag_meta":35,"mtu":1500,"n":15104}}
{"sessionId":"0173da","runId":"post-fix","timestamp":1783913469384,"hypothesisId":"L2","location":"dataplane_local.c:encrypt_to_wan","message":"split_l2_ok","data":{"frag0_wire":1500,"frag1_wire":98,"n":15104}}
{"sessionId":"0173da","runId":"post-fix","timestamp":1783913469388,"hypothesisId":"L2","location":"dataplane_local.c:encrypt_to_wan","message":"split_l2_enter","data":{"plain_len":1514,"mode":1,"frag_meta":35,"mtu":1500,"n":15360}}
{"sessionId":"0173da","runId":"post-fix","timestamp":1783913469388,"hypothesisId":"L2","location":"dataplane_local.c:encrypt_to_wan","message":"split_l2_ok","data":{"frag0_wire":1500,"frag1_wire":98,"n":15360}}
{"sessionId":"0173da","runId":"post-fix","timestamp":1783913469395,"hypothesisId":"L2","location":"dataplane_local.c:encrypt_to_wan","message":"split_l2_enter","data":{"plain_len":1514,"mode":1,"frag_meta":35,"mtu":1500,"n":15616}}
{"sessionId":"0173da","runId":"post-fix","timestamp":1783913469395,"hypothesisId":"L2","location":"dataplane_local.c:encrypt_to_wan","message":"split_l2_ok","data":{"frag0_wire":1500,"frag1_wire":98,"n":15616}}
{"sessionId":"0173da","runId":"post-fix","timestamp":1783913469406,"hypothesisId":"L2","location":"dataplane_local.c:encrypt_to_wan","message":"split_l2_enter","data":{"plain_len":1514,"mode":1,"frag_meta":35,"mtu":1500,"n":15872}}
{"sessionId":"0173da","runId":"post-fix","timestamp":1783913469406,"hypothesisId":"L2","location":"dataplane_local.c:encrypt_to_wan","message":"split_l2_ok","data":{"frag0_wire":1500,"frag1_wire":98,"n":15872}}
{"sessionId":"0173da","runId":"post-fix","timestamp":1783913469421,"hypothesisId":"L2","location":"dataplane_local.c:encrypt_to_wan","message":"split_l2_enter","data":{"plain_len":1514,"mode":1,"frag_meta":35,"mtu":1500,"n":16128}}
{"sessionId":"0173da","runId":"post-fix","timestamp":1783913469421,"hypothesisId":"L2","location":"dataplane_local.c:encrypt_to_wan","message":"split_l2_ok","data":{"frag0_wire":1500,"frag1_wire":98,"n":16128}}
{"sessionId":"0173da","runId":"post-fix","timestamp":1783913469425,"hypothesisId":"L2","location":"dataplane_local.c:encrypt_to_wan","message":"split_l2_enter","data":{"plain_len":1514,"mode":1,"frag_meta":35,"mtu":1500,"n":16384}}
{"sessionId":"0173da","runId":"post-fix","timestamp":1783913469425,"hypothesisId":"L2","location":"dataplane_local.c:encrypt_to_wan","message":"split_l2_ok","data":{"frag0_wire":1500,"frag1_wire":98,"n":16384}}
{"sessionId":"0173da","runId":"post-fix","timestamp":1783913469427,"hypothesisId":"L2","location":"dataplane_local.c:encrypt_to_wan","message":"split_l2_enter","data":{"plain_len":1514,"mode":1,"frag_meta":35,"mtu":1500,"n":16640}}
{"sessionId":"0173da","runId":"post-fix","timestamp":1783913469427,"hypothesisId":"L2","location":"dataplane_local.c:encrypt_to_wan","message":"split_l2_ok","data":{"frag0_wire":1500,"frag1_wire":98,"n":16640}}
{"sessionId":"0173da","runId":"post-fix","timestamp":1783913469437,"hypothesisId":"L2","location":"dataplane_local.c:encrypt_to_wan","message":"split_l2_enter","data":{"plain_len":1514,"mode":1,"frag_meta":35,"mtu":1500,"n":16896}}
{"sessionId":"0173da","runId":"post-fix","timestamp":1783913469437,"hypothesisId":"L2","location":"dataplane_local.c:encrypt_to_wan","message":"split_l2_ok","data":{"frag0_wire":1500,"frag1_wire":98,"n":16896}}
{"sessionId":"0173da","runId":"post-fix","timestamp":1783913469438,"hypothesisId":"L2","location":"dataplane_wan.c:decrypt_wan","message":"l2_full_decrypt_ok","data":{"wire_len":96,"plain_len":66,"n":5120}}
{"sessionId":"0173da","runId":"post-fix","timestamp":1783913469438,"hypothesisId":"L2","location":"dataplane_wan.c:dataplane_process_wan","message":"wan_l2_forward_ok","data":{"wire_in":96,"plain_len":66,"n":5120}}
{"sessionId":"0173da","runId":"post-fix","timestamp":1783913469446,"hypothesisId":"L2","location":"dataplane_local.c:encrypt_to_wan","message":"split_l2_enter","data":{"plain_len":1514,"mode":1,"frag_meta":35,"mtu":1500,"n":17152}}
{"sessionId":"0173da","runId":"post-fix","timestamp":1783913469446,"hypothesisId":"L2","location":"dataplane_local.c:encrypt_to_wan","message":"split_l2_ok","data":{"frag0_wire":1500,"frag1_wire":98,"n":17152}}
{"sessionId":"0173da","runId":"post-fix","timestamp":1783913469453,"hypothesisId":"L2","location":"dataplane_local.c:encrypt_to_wan","message":"split_l2_enter","data":{"plain_len":1514,"mode":1,"frag_meta":35,"mtu":1500,"n":17408}}
{"sessionId":"0173da","runId":"post-fix","timestamp":1783913469453,"hypothesisId":"L2","location":"dataplane_local.c:encrypt_to_wan","message":"split_l2_ok","data":{"frag0_wire":1500,"frag1_wire":98,"n":17408}}
{"sessionId":"0173da","runId":"post-fix","timestamp":1783913469463,"hypothesisId":"L2","location":"dataplane_local.c:encrypt_to_wan","message":"split_l2_enter","data":{"plain_len":1514,"mode":1,"frag_meta":35,"mtu":1500,"n":17664}}
{"sessionId":"0173da","runId":"post-fix","timestamp":1783913469463,"hypothesisId":"L2","location":"dataplane_local.c:encrypt_to_wan","message":"split_l2_ok","data":{"frag0_wire":1500,"frag1_wire":98,"n":17664}}
{"sessionId":"0173da","runId":"post-fix","timestamp":1783913469468,"hypothesisId":"L2","location":"dataplane_local.c:encrypt_to_wan","message":"split_l2_enter","data":{"plain_len":1514,"mode":1,"frag_meta":35,"mtu":1500,"n":17920}}
{"sessionId":"0173da","runId":"post-fix","timestamp":1783913469468,"hypothesisId":"L2","location":"dataplane_local.c:encrypt_to_wan","message":"split_l2_ok","data":{"frag0_wire":1500,"frag1_wire":98,"n":17920}}
{"sessionId":"0173da","runId":"post-fix","timestamp":1783913469474,"hypothesisId":"L2","location":"dataplane_local.c:encrypt_to_wan","message":"split_l2_enter","data":{"plain_len":1514,"mode":1,"frag_meta":35,"mtu":1500,"n":18176}}
{"sessionId":"0173da","runId":"post-fix","timestamp":1783913469474,"hypothesisId":"L2","location":"dataplane_local.c:encrypt_to_wan","message":"split_l2_ok","data":{"frag0_wire":1500,"frag1_wire":98,"n":18176}}
{"sessionId":"0173da","runId":"post-fix","timestamp":1783913469486,"hypothesisId":"L2","location":"dataplane_local.c:encrypt_to_wan","message":"split_l2_enter","data":{"plain_len":1514,"mode":1,"frag_meta":35,"mtu":1500,"n":18432}}
{"sessionId":"0173da","runId":"post-fix","timestamp":1783913469486,"hypothesisId":"L2","location":"dataplane_local.c:encrypt_to_wan","message":"split_l2_ok","data":{"frag0_wire":1500,"frag1_wire":98,"n":18432}}
{"sessionId":"0173da","runId":"post-fix","timestamp":1783913469497,"hypothesisId":"L2","location":"dataplane_local.c:encrypt_to_wan","message":"split_l2_enter","data":{"plain_len":1514,"mode":1,"frag_meta":35,"mtu":1500,"n":18688}}
{"sessionId":"0173da","runId":"post-fix","timestamp":1783913469497,"hypothesisId":"L2","location":"dataplane_local.c:encrypt_to_wan","message":"split_l2_ok","data":{"frag0_wire":1500,"frag1_wire":98,"n":18688}}
{"sessionId":"0173da","runId":"post-fix","timestamp":1783913469508,"hypothesisId":"L2","location":"dataplane_local.c:encrypt_to_wan","message":"split_l2_enter","data":{"plain_len":1514,"mode":1,"frag_meta":35,"mtu":1500,"n":18944}}
{"sessionId":"0173da","runId":"post-fix","timestamp":1783913469508,"hypothesisId":"L2","location":"dataplane_local.c:encrypt_to_wan","message":"split_l2_ok","data":{"frag0_wire":1500,"frag1_wire":98,"n":18944}}
{"sessionId":"0173da","runId":"post-fix","timestamp":1783913469510,"hypothesisId":"L2","location":"dataplane_local.c:encrypt_to_wan","message":"split_l2_enter","data":{"plain_len":1514,"mode":1,"frag_meta":35,"mtu":1500,"n":19200}}
{"sessionId":"0173da","runId":"post-fix","timestamp":1783913469510,"hypothesisId":"L2","location":"dataplane_local.c:encrypt_to_wan","message":"split_l2_ok","data":{"frag0_wire":1500,"frag1_wire":98,"n":19200}}
{"sessionId":"0173da","runId":"post-fix","timestamp":1783913469517,"hypothesisId":"L2","location":"dataplane_local.c:encrypt_to_wan","message":"split_l2_enter","data":{"plain_len":1514,"mode":1,"frag_meta":35,"mtu":1500,"n":19456}}
{"sessionId":"0173da","runId":"post-fix","timestamp":1783913469517,"hypothesisId":"L2","location":"dataplane_local.c:encrypt_to_wan","message":"split_l2_ok","data":{"frag0_wire":1500,"frag1_wire":98,"n":19456}}
{"sessionId":"0173da","runId":"post-fix","timestamp":1783913469527,"hypothesisId":"L2","location":"dataplane_local.c:encrypt_to_wan","message":"split_l2_enter","data":{"plain_len":1514,"mode":1,"frag_meta":35,"mtu":1500,"n":19712}}
{"sessionId":"0173da","runId":"post-fix","timestamp":1783913469528,"hypothesisId":"L2","location":"dataplane_local.c:encrypt_to_wan","message":"split_l2_ok","data":{"frag0_wire":1500,"frag1_wire":98,"n":19712}}
{"sessionId":"0173da","runId":"post-fix","timestamp":1783913469537,"hypothesisId":"L2","location":"dataplane_local.c:encrypt_to_wan","message":"split_l2_enter","data":{"plain_len":1514,"mode":1,"frag_meta":35,"mtu":1500,"n":19968}}
{"sessionId":"0173da","runId":"post-fix","timestamp":1783913469537,"hypothesisId":"L2","location":"dataplane_local.c:encrypt_to_wan","message":"split_l2_ok","data":{"frag0_wire":1500,"frag1_wire":98,"n":19968}}
{"sessionId":"0173da","runId":"post-fix","timestamp":1783913469548,"hypothesisId":"L2","location":"dataplane_local.c:encrypt_to_wan","message":"split_l2_enter","data":{"plain_len":1514,"mode":1,"frag_meta":35,"mtu":1500,"n":20224}}
{"sessionId":"0173da","runId":"post-fix","timestamp":1783913469549,"hypothesisId":"L2","location":"dataplane_local.c:encrypt_to_wan","message":"split_l2_ok","data":{"frag0_wire":1500,"frag1_wire":98,"n":20224}}
{"sessionId":"0173da","runId":"post-fix","timestamp":1783913469556,"hypothesisId":"L2","location":"dataplane_local.c:encrypt_to_wan","message":"split_l2_enter","data":{"plain_len":1514,"mode":1,"frag_meta":35,"mtu":1500,"n":20480}}
{"sessionId":"0173da","runId":"post-fix","timestamp":1783913469556,"hypothesisId":"L2","location":"dataplane_local.c:encrypt_to_wan","message":"split_l2_ok","data":{"frag0_wire":1500,"frag1_wire":98,"n":20480}}
{"sessionId":"0173da","runId":"post-fix","timestamp":1783913469571,"hypothesisId":"L2","location":"dataplane_local.c:encrypt_to_wan","message":"split_l2_enter","data":{"plain_len":1514,"mode":1,"frag_meta":35,"mtu":1500,"n":20736}}
{"sessionId":"0173da","runId":"post-fix","timestamp":1783913469571,"hypothesisId":"L2","location":"dataplane_local.c:encrypt_to_wan","message":"split_l2_ok","data":{"frag0_wire":1500,"frag1_wire":98,"n":20736}}
{"sessionId":"0173da","runId":"post-fix","timestamp":1783913469583,"hypothesisId":"L2","location":"dataplane_local.c:encrypt_to_wan","message":"split_l2_enter","data":{"plain_len":1514,"mode":1,"frag_meta":35,"mtu":1500,"n":20992}}
{"sessionId":"0173da","runId":"post-fix","timestamp":1783913469583,"hypothesisId":"L2","location":"dataplane_local.c:encrypt_to_wan","message":"split_l2_ok","data":{"frag0_wire":1500,"frag1_wire":98,"n":20992}}
{"sessionId":"0173da","runId":"post-fix","timestamp":1783913469594,"hypothesisId":"L2","location":"dataplane_local.c:encrypt_to_wan","message":"split_l2_enter","data":{"plain_len":1514,"mode":1,"frag_meta":35,"mtu":1500,"n":21248}}
{"sessionId":"0173da","runId":"post-fix","timestamp":1783913469594,"hypothesisId":"L2","location":"dataplane_local.c:encrypt_to_wan","message":"split_l2_ok","data":{"frag0_wire":1500,"frag1_wire":98,"n":21248}}
{"sessionId":"0173da","runId":"post-fix","timestamp":1783913469604,"hypothesisId":"L2","location":"dataplane_local.c:encrypt_to_wan","message":"split_l2_enter","data":{"plain_len":1514,"mode":1,"frag_meta":35,"mtu":1500,"n":21504}}
{"sessionId":"0173da","runId":"post-fix","timestamp":1783913469604,"hypothesisId":"L2","location":"dataplane_local.c:encrypt_to_wan","message":"split_l2_ok","data":{"frag0_wire":1500,"frag1_wire":98,"n":21504}}
{"sessionId":"0173da","runId":"post-fix","timestamp":1783913469621,"hypothesisId":"L2","location":"dataplane_local.c:encrypt_to_wan","message":"split_l2_enter","data":{"plain_len":1514,"mode":1,"frag_meta":35,"mtu":1500,"n":21760}}
{"sessionId":"0173da","runId":"post-fix","timestamp":1783913469621,"hypothesisId":"L2","location":"dataplane_local.c:encrypt_to_wan","message":"split_l2_ok","data":{"frag0_wire":1500,"frag1_wire":98,"n":21760}}
{"sessionId":"0173da","runId":"post-fix","timestamp":1783913469629,"hypothesisId":"L2","location":"dataplane_local.c:encrypt_to_wan","message":"split_l2_enter","data":{"plain_len":1514,"mode":1,"frag_meta":35,"mtu":1500,"n":22016}}
{"sessionId":"0173da","runId":"post-fix","timestamp":1783913469629,"hypothesisId":"L2","location":"dataplane_local.c:encrypt_to_wan","message":"split_l2_ok","data":{"frag0_wire":1500,"frag1_wire":98,"n":22016}}
{"sessionId":"0173da","runId":"post-fix","timestamp":1783913469636,"hypothesisId":"L2","location":"dataplane_local.c:encrypt_to_wan","message":"split_l2_enter","data":{"plain_len":1514,"mode":1,"frag_meta":35,"mtu":1500,"n":22272}}
{"sessionId":"0173da","runId":"post-fix","timestamp":1783913469637,"hypothesisId":"L2","location":"dataplane_local.c:encrypt_to_wan","message":"split_l2_ok","data":{"frag0_wire":1500,"frag1_wire":98,"n":22272}}
{"sessionId":"0173da","runId":"post-fix","timestamp":1783913469650,"hypothesisId":"L2","location":"dataplane_local.c:encrypt_to_wan","message":"split_l2_enter","data":{"plain_len":1514,"mode":1,"frag_meta":35,"mtu":1500,"n":22528}}
{"sessionId":"0173da","runId":"post-fix","timestamp":1783913469650,"hypothesisId":"L2","location":"dataplane_local.c:encrypt_to_wan","message":"split_l2_ok","data":{"frag0_wire":1500,"frag1_wire":98,"n":22528}}
{"sessionId":"0173da","runId":"post-fix","timestamp":1783913469668,"hypothesisId":"L2","location":"dataplane_local.c:encrypt_to_wan","message":"split_l2_enter","data":{"plain_len":1514,"mode":1,"frag_meta":35,"mtu":1500,"n":22784}}
{"sessionId":"0173da","runId":"post-fix","timestamp":1783913469668,"hypothesisId":"L2","location":"dataplane_local.c:encrypt_to_wan","message":"split_l2_ok","data":{"frag0_wire":1500,"frag1_wire":98,"n":22784}}
{"sessionId":"0173da","runId":"post-fix","timestamp":1783913469677,"hypothesisId":"L2","location":"dataplane_local.c:encrypt_to_wan","message":"split_l2_enter","data":{"plain_len":1514,"mode":1,"frag_meta":35,"mtu":1500,"n":23040}}
{"sessionId":"0173da","runId":"post-fix","timestamp":1783913469677,"hypothesisId":"L2","location":"dataplane_local.c:encrypt_to_wan","message":"split_l2_ok","data":{"frag0_wire":1500,"frag1_wire":98,"n":23040}}
{"sessionId":"0173da","runId":"post-fix","timestamp":1783913469694,"hypothesisId":"L2","location":"dataplane_local.c:encrypt_to_wan","message":"split_l2_enter","data":{"plain_len":1474,"mode":1,"frag_meta":35,"mtu":1500,"n":23296}}
{"sessionId":"0173da","runId":"post-fix","timestamp":1783913469694,"hypothesisId":"L2","location":"dataplane_local.c:encrypt_to_wan","message":"split_l2_ok","data":{"frag0_wire":1500,"frag1_wire":58,"n":23296}}
{"sessionId":"0173da","runId":"post-fix","timestamp":1783913469705,"hypothesisId":"L2","location":"dataplane_wan.c:decrypt_wan","message":"l2_full_decrypt_ok","data":{"wire_len":116,"plain_len":86,"n":5632}}
{"sessionId":"0173da","runId":"post-fix","timestamp":1783913469705,"hypothesisId":"L2","location":"dataplane_wan.c:dataplane_process_wan","message":"wan_l2_forward_ok","data":{"wire_in":96,"plain_len":66,"n":5632}}
{"sessionId":"0173da","runId":"post-fix","timestamp":1783913469707,"hypothesisId":"L2","location":"dataplane_local.c:encrypt_to_wan","message":"split_l2_enter","data":{"plain_len":1514,"mode":1,"frag_meta":35,"mtu":1500,"n":23552}}
{"sessionId":"0173da","runId":"post-fix","timestamp":1783913469707,"hypothesisId":"L2","location":"dataplane_local.c:encrypt_to_wan","message":"split_l2_ok","data":{"frag0_wire":1500,"frag1_wire":98,"n":23552}}
{"sessionId":"0173da","runId":"post-fix","timestamp":1783913469719,"hypothesisId":"L2","location":"dataplane_local.c:encrypt_to_wan","message":"split_l2_enter","data":{"plain_len":1514,"mode":1,"frag_meta":35,"mtu":1500,"n":23808}}
{"sessionId":"0173da","runId":"post-fix","timestamp":1783913469719,"hypothesisId":"L2","location":"dataplane_local.c:encrypt_to_wan","message":"split_l2_ok","data":{"frag0_wire":1500,"frag1_wire":98,"n":23808}}
{"sessionId":"0173da","runId":"post-fix","timestamp":1783913469733,"hypothesisId":"L2","location":"dataplane_local.c:encrypt_to_wan","message":"split_l2_enter","data":{"plain_len":1514,"mode":1,"frag_meta":35,"mtu":1500,"n":24064}}
{"sessionId":"0173da","runId":"post-fix","timestamp":1783913469733,"hypothesisId":"L2","location":"dataplane_local.c:encrypt_to_wan","message":"split_l2_ok","data":{"frag0_wire":1500,"frag1_wire":98,"n":24064}}
{"sessionId":"0173da","runId":"post-fix","timestamp":1783913469748,"hypothesisId":"L2","location":"dataplane_local.c:encrypt_to_wan","message":"split_l2_enter","data":{"plain_len":1514,"mode":1,"frag_meta":35,"mtu":1500,"n":24320}}
{"sessionId":"0173da","runId":"post-fix","timestamp":1783913469748,"hypothesisId":"L2","location":"dataplane_local.c:encrypt_to_wan","message":"split_l2_ok","data":{"frag0_wire":1500,"frag1_wire":98,"n":24320}}
{"sessionId":"0173da","runId":"post-fix","timestamp":1783913469757,"hypothesisId":"L2","location":"dataplane_local.c:encrypt_to_wan","message":"split_l2_enter","data":{"plain_len":1514,"mode":1,"frag_meta":35,"mtu":1500,"n":24576}}
{"sessionId":"0173da","runId":"post-fix","timestamp":1783913469757,"hypothesisId":"L2","location":"dataplane_local.c:encrypt_to_wan","message":"split_l2_ok","data":{"frag0_wire":1500,"frag1_wire":98,"n":24576}}
{"sessionId":"0173da","runId":"post-fix","timestamp":1783913469768,"hypothesisId":"L2","location":"dataplane_local.c:encrypt_to_wan","message":"split_l2_enter","data":{"plain_len":1514,"mode":1,"frag_meta":35,"mtu":1500,"n":24832}}
{"sessionId":"0173da","runId":"post-fix","timestamp":1783913469768,"hypothesisId":"L2","location":"dataplane_local.c:encrypt_to_wan","message":"split_l2_ok","data":{"frag0_wire":1500,"frag1_wire":98,"n":24832}}
{"sessionId":"0173da","runId":"post-fix","timestamp":1783913469789,"hypothesisId":"L2","location":"dataplane_local.c:encrypt_to_wan","message":"split_l2_enter","data":{"plain_len":1514,"mode":1,"frag_meta":35,"mtu":1500,"n":25088}}
{"sessionId":"0173da","runId":"post-fix","timestamp":1783913469789,"hypothesisId":"L2","location":"dataplane_local.c:encrypt_to_wan","message":"split_l2_ok","data":{"frag0_wire":1500,"frag1_wire":98,"n":25088}}
{"sessionId":"0173da","runId":"post-fix","timestamp":1783913469794,"hypothesisId":"L2","location":"dataplane_local.c:encrypt_to_wan","message":"split_l2_enter","data":{"plain_len":1514,"mode":1,"frag_meta":35,"mtu":1500,"n":25344}}
{"sessionId":"0173da","runId":"post-fix","timestamp":1783913469794,"hypothesisId":"L2","location":"dataplane_local.c:encrypt_to_wan","message":"split_l2_ok","data":{"frag0_wire":1500,"frag1_wire":98,"n":25344}}
{"sessionId":"0173da","runId":"post-fix","timestamp":1783913469807,"hypothesisId":"L2","location":"dataplane_local.c:encrypt_to_wan","message":"split_l2_enter","data":{"plain_len":1514,"mode":1,"frag_meta":35,"mtu":1500,"n":25600}}
{"sessionId":"0173da","runId":"post-fix","timestamp":1783913469807,"hypothesisId":"L2","location":"dataplane_local.c:encrypt_to_wan","message":"split_l2_ok","data":{"frag0_wire":1500,"frag1_wire":98,"n":25600}}
{"sessionId":"0173da","runId":"post-fix","timestamp":1783913469835,"hypothesisId":"L2","location":"dataplane_local.c:encrypt_to_wan","message":"split_l2_enter","data":{"plain_len":1514,"mode":1,"frag_meta":35,"mtu":1500,"n":25856}}
{"sessionId":"0173da","runId":"post-fix","timestamp":1783913469835,"hypothesisId":"L2","location":"dataplane_local.c:encrypt_to_wan","message":"split_l2_ok","data":{"frag0_wire":1500,"frag1_wire":98,"n":25856}}
{"sessionId":"0173da","runId":"post-fix","timestamp":1783913469847,"hypothesisId":"L2","location":"dataplane_local.c:encrypt_to_wan","message":"split_l2_enter","data":{"plain_len":1514,"mode":1,"frag_meta":35,"mtu":1500,"n":26112}}
{"sessionId":"0173da","runId":"post-fix","timestamp":1783913469848,"hypothesisId":"L2","location":"dataplane_local.c:encrypt_to_wan","message":"split_l2_ok","data":{"frag0_wire":1500,"frag1_wire":98,"n":26112}}
{"sessionId":"0173da","runId":"post-fix","timestamp":1783913469871,"hypothesisId":"L2","location":"dataplane_local.c:encrypt_to_wan","message":"split_l2_enter","data":{"plain_len":1514,"mode":1,"frag_meta":35,"mtu":1500,"n":26368}}
{"sessionId":"0173da","runId":"post-fix","timestamp":1783913469871,"hypothesisId":"L2","location":"dataplane_local.c:encrypt_to_wan","message":"split_l2_ok","data":{"frag0_wire":1500,"frag1_wire":98,"n":26368}}
{"sessionId":"0173da","runId":"post-fix","timestamp":1783913469893,"hypothesisId":"L2","location":"dataplane_local.c:encrypt_to_wan","message":"split_l2_enter","data":{"plain_len":1514,"mode":1,"frag_meta":35,"mtu":1500,"n":26624}}
{"sessionId":"0173da","runId":"post-fix","timestamp":1783913469893,"hypothesisId":"L2","location":"dataplane_local.c:encrypt_to_wan","message":"split_l2_ok","data":{"frag0_wire":1500,"frag1_wire":98,"n":26624}}
{"sessionId":"0173da","runId":"post-fix","timestamp":1783913469910,"hypothesisId":"L2","location":"dataplane_local.c:encrypt_to_wan","message":"split_l2_enter","data":{"plain_len":1514,"mode":1,"frag_meta":35,"mtu":1500,"n":26880}}
{"sessionId":"0173da","runId":"post-fix","timestamp":1783913469910,"hypothesisId":"L2","location":"dataplane_local.c:encrypt_to_wan","message":"split_l2_ok","data":{"frag0_wire":1500,"frag1_wire":98,"n":26880}}
{"sessionId":"0173da","runId":"post-fix","timestamp":1783913469936,"hypothesisId":"L2","location":"dataplane_local.c:encrypt_to_wan","message":"split_l2_enter","data":{"plain_len":1514,"mode":1,"frag_meta":35,"mtu":1500,"n":27136}}
{"sessionId":"0173da","runId":"post-fix","timestamp":1783913469936,"hypothesisId":"L2","location":"dataplane_local.c:encrypt_to_wan","message":"split_l2_ok","data":{"frag0_wire":1500,"frag1_wire":98,"n":27136}}
{"sessionId":"0173da","runId":"post-fix","timestamp":1783913469954,"hypothesisId":"L2","location":"dataplane_local.c:encrypt_to_wan","message":"split_l2_enter","data":{"plain_len":1514,"mode":1,"frag_meta":35,"mtu":1500,"n":27392}}
{"sessionId":"0173da","runId":"post-fix","timestamp":1783913469955,"hypothesisId":"L2","location":"dataplane_local.c:encrypt_to_wan","message":"split_l2_ok","data":{"frag0_wire":1500,"frag1_wire":98,"n":27392}}
{"sessionId":"0173da","runId":"post-fix","timestamp":1783913469968,"hypothesisId":"L2","location":"dataplane_local.c:encrypt_to_wan","message":"split_l2_enter","data":{"plain_len":1514,"mode":1,"frag_meta":35,"mtu":1500,"n":27648}}
{"sessionId":"0173da","runId":"post-fix","timestamp":1783913469968,"hypothesisId":"L2","location":"dataplane_local.c:encrypt_to_wan","message":"split_l2_ok","data":{"frag0_wire":1500,"frag1_wire":98,"n":27648}}
{"sessionId":"0173da","runId":"post-fix","timestamp":1783913469998,"hypothesisId":"L2","location":"dataplane_local.c:encrypt_to_wan","message":"split_l2_enter","data":{"plain_len":1514,"mode":1,"frag_meta":35,"mtu":1500,"n":27904}}
{"sessionId":"0173da","runId":"post-fix","timestamp":1783913469998,"hypothesisId":"L2","location":"dataplane_local.c:encrypt_to_wan","message":"split_l2_ok","data":{"frag0_wire":1500,"frag1_wire":98,"n":27904}}
{"sessionId":"0173da","runId":"post-fix","timestamp":1783913470030,"hypothesisId":"L2","location":"dataplane_local.c:encrypt_to_wan","message":"split_l2_enter","data":{"plain_len":1514,"mode":1,"frag_meta":35,"mtu":1500,"n":28160}}
{"sessionId":"0173da","runId":"post-fix","timestamp":1783913470030,"hypothesisId":"L2","location":"dataplane_local.c:encrypt_to_wan","message":"split_l2_ok","data":{"frag0_wire":1500,"frag1_wire":98,"n":28160}}
{"sessionId":"0173da","runId":"post-fix","timestamp":1783913470047,"hypothesisId":"L2","location":"dataplane_local.c:encrypt_to_wan","message":"split_l2_enter","data":{"plain_len":1514,"mode":1,"frag_meta":35,"mtu":1500,"n":28416}}
{"sessionId":"0173da","runId":"post-fix","timestamp":1783913470047,"hypothesisId":"L2","location":"dataplane_local.c:encrypt_to_wan","message":"split_l2_ok","data":{"frag0_wire":1500,"frag1_wire":98,"n":28416}}
{"sessionId":"0173da","runId":"post-fix","timestamp":1783913470080,"hypothesisId":"L2","location":"dataplane_local.c:encrypt_to_wan","message":"split_l2_enter","data":{"plain_len":1514,"mode":1,"frag_meta":35,"mtu":1500,"n":28672}}
{"sessionId":"0173da","runId":"post-fix","timestamp":1783913470080,"hypothesisId":"L2","location":"dataplane_local.c:encrypt_to_wan","message":"split_l2_ok","data":{"frag0_wire":1500,"frag1_wire":98,"n":28672}}
{"sessionId":"0173da","runId":"post-fix","timestamp":1783913470109,"hypothesisId":"L2","location":"dataplane_local.c:encrypt_to_wan","message":"split_l2_enter","data":{"plain_len":1514,"mode":1,"frag_meta":35,"mtu":1500,"n":28928}}
{"sessionId":"0173da","runId":"post-fix","timestamp":1783913470109,"hypothesisId":"L2","location":"dataplane_local.c:encrypt_to_wan","message":"split_l2_ok","data":{"frag0_wire":1500,"frag1_wire":98,"n":28928}}
{"sessionId":"0173da","runId":"post-fix","timestamp":1783913470123,"hypothesisId":"L2","location":"dataplane_local.c:encrypt_to_wan","message":"split_l2_enter","data":{"plain_len":1514,"mode":1,"frag_meta":35,"mtu":1500,"n":29184}}
{"sessionId":"0173da","runId":"post-fix","timestamp":1783913470123,"hypothesisId":"L2","location":"dataplane_local.c:encrypt_to_wan","message":"split_l2_ok","data":{"frag0_wire":1500,"frag1_wire":98,"n":29184}}
{"sessionId":"0173da","runId":"post-fix","timestamp":1783913470156,"hypothesisId":"L2","location":"dataplane_local.c:encrypt_to_wan","message":"split_l2_enter","data":{"plain_len":1514,"mode":1,"frag_meta":35,"mtu":1500,"n":29440}}
{"sessionId":"0173da","runId":"post-fix","timestamp":1783913470156,"hypothesisId":"L2","location":"dataplane_local.c:encrypt_to_wan","message":"split_l2_ok","data":{"frag0_wire":1500,"frag1_wire":98,"n":29440}}
{"sessionId":"0173da","runId":"post-fix","timestamp":1783913470176,"hypothesisId":"L2","location":"dataplane_local.c:encrypt_to_wan","message":"split_l2_enter","data":{"plain_len":1514,"mode":1,"frag_meta":35,"mtu":1500,"n":29696}}
{"sessionId":"0173da","runId":"post-fix","timestamp":1783913470176,"hypothesisId":"L2","location":"dataplane_local.c:encrypt_to_wan","message":"split_l2_ok","data":{"frag0_wire":1500,"frag1_wire":98,"n":29696}}
{"sessionId":"0173da","runId":"post-fix","timestamp":1783913470206,"hypothesisId":"L2","location":"dataplane_local.c:encrypt_to_wan","message":"split_l2_enter","data":{"plain_len":1514,"mode":1,"frag_meta":35,"mtu":1500,"n":29952}}
{"sessionId":"0173da","runId":"post-fix","timestamp":1783913470206,"hypothesisId":"L2","location":"dataplane_local.c:encrypt_to_wan","message":"split_l2_ok","data":{"frag0_wire":1500,"frag1_wire":98,"n":29952}}
{"sessionId":"0173da","runId":"post-fix","timestamp":1783913470247,"hypothesisId":"L2","location":"dataplane_local.c:encrypt_to_wan","message":"split_l2_enter","data":{"plain_len":1514,"mode":1,"frag_meta":35,"mtu":1500,"n":30208}}
{"sessionId":"0173da","runId":"post-fix","timestamp":1783913470247,"hypothesisId":"L2","location":"dataplane_local.c:encrypt_to_wan","message":"split_l2_ok","data":{"frag0_wire":1500,"frag1_wire":98,"n":30208}}
{"sessionId":"0173da","runId":"post-fix","timestamp":1783913470253,"hypothesisId":"L2","location":"dataplane_wan.c:decrypt_wan","message":"l2_full_decrypt_ok","data":{"wire_len":108,"plain_len":78,"n":6144}}
{"sessionId":"0173da","runId":"post-fix","timestamp":1783913470253,"hypothesisId":"L2","location":"dataplane_wan.c:dataplane_process_wan","message":"wan_l2_forward_ok","data":{"wire_in":108,"plain_len":78,"n":6144}}
{"sessionId":"0173da","runId":"post-fix","timestamp":1783913470271,"hypothesisId":"L2","location":"dataplane_local.c:encrypt_to_wan","message":"split_l2_enter","data":{"plain_len":1514,"mode":1,"frag_meta":35,"mtu":1500,"n":30464}}
{"sessionId":"0173da","runId":"post-fix","timestamp":1783913470271,"hypothesisId":"L2","location":"dataplane_local.c:encrypt_to_wan","message":"split_l2_ok","data":{"frag0_wire":1500,"frag1_wire":98,"n":30464}}
{"sessionId":"0173da","runId":"post-fix","timestamp":1783913470308,"hypothesisId":"L2","location":"dataplane_local.c:encrypt_to_wan","message":"split_l2_enter","data":{"plain_len":1514,"mode":1,"frag_meta":35,"mtu":1500,"n":30720}}
{"sessionId":"0173da","runId":"post-fix","timestamp":1783913470308,"hypothesisId":"L2","location":"dataplane_local.c:encrypt_to_wan","message":"split_l2_ok","data":{"frag0_wire":1500,"frag1_wire":98,"n":30720}}
{"sessionId":"0173da","runId":"post-fix","timestamp":1783913470349,"hypothesisId":"L2","location":"dataplane_local.c:encrypt_to_wan","message":"split_l2_enter","data":{"plain_len":1514,"mode":1,"frag_meta":35,"mtu":1500,"n":30976}}
{"sessionId":"0173da","runId":"post-fix","timestamp":1783913470349,"hypothesisId":"L2","location":"dataplane_local.c:encrypt_to_wan","message":"split_l2_ok","data":{"frag0_wire":1500,"frag1_wire":98,"n":30976}}
{"sessionId":"0173da","runId":"post-fix","timestamp":1783913470399,"hypothesisId":"L2","location":"dataplane_local.c:encrypt_to_wan","message":"split_l2_enter","data":{"plain_len":1514,"mode":1,"frag_meta":35,"mtu":1500,"n":31232}}
{"sessionId":"0173da","runId":"post-fix","timestamp":1783913470399,"hypothesisId":"L2","location":"dataplane_local.c:encrypt_to_wan","message":"split_l2_ok","data":{"frag0_wire":1500,"frag1_wire":98,"n":31232}}
{"sessionId":"0173da","runId":"post-fix","timestamp":1783913470441,"hypothesisId":"L2","location":"dataplane_local.c:encrypt_to_wan","message":"split_l2_enter","data":{"plain_len":1514,"mode":1,"frag_meta":35,"mtu":1500,"n":31488}}
{"sessionId":"0173da","runId":"post-fix","timestamp":1783913470441,"hypothesisId":"L2","location":"dataplane_local.c:encrypt_to_wan","message":"split_l2_ok","data":{"frag0_wire":1500,"frag1_wire":98,"n":31488}}
{"sessionId":"0173da","runId":"post-fix","timestamp":1783913470505,"hypothesisId":"L2","location":"dataplane_local.c:encrypt_to_wan","message":"split_l2_enter","data":{"plain_len":1514,"mode":1,"frag_meta":35,"mtu":1500,"n":31744}}
{"sessionId":"0173da","runId":"post-fix","timestamp":1783913470506,"hypothesisId":"L2","location":"dataplane_local.c:encrypt_to_wan","message":"split_l2_ok","data":{"frag0_wire":1500,"frag1_wire":98,"n":31744}}
{"sessionId":"0173da","runId":"post-fix","timestamp":1783913470560,"hypothesisId":"L2","location":"dataplane_local.c:encrypt_to_wan","message":"split_l2_enter","data":{"plain_len":1514,"mode":1,"frag_meta":35,"mtu":1500,"n":32000}}
{"sessionId":"0173da","runId":"post-fix","timestamp":1783913470560,"hypothesisId":"L2","location":"dataplane_local.c:encrypt_to_wan","message":"split_l2_ok","data":{"frag0_wire":1500,"frag1_wire":98,"n":32000}}
{"sessionId":"0173da","runId":"post-fix","timestamp":1783913470618,"hypothesisId":"L2","location":"dataplane_local.c:encrypt_to_wan","message":"split_l2_enter","data":{"plain_len":1514,"mode":1,"frag_meta":35,"mtu":1500,"n":32256}}
{"sessionId":"0173da","runId":"post-fix","timestamp":1783913470619,"hypothesisId":"L2","location":"dataplane_local.c:encrypt_to_wan","message":"split_l2_ok","data":{"frag0_wire":1500,"frag1_wire":98,"n":32256}}
{"sessionId":"0173da","runId":"post-fix","timestamp":1783913470677,"hypothesisId":"L2","location":"dataplane_local.c:encrypt_to_wan","message":"split_l2_enter","data":{"plain_len":1514,"mode":1,"frag_meta":35,"mtu":1500,"n":32512}}
{"sessionId":"0173da","runId":"post-fix","timestamp":1783913470677,"hypothesisId":"L2","location":"dataplane_local.c:encrypt_to_wan","message":"split_l2_ok","data":{"frag0_wire":1500,"frag1_wire":98,"n":32512}}
{"sessionId":"0173da","runId":"post-fix","timestamp":1783913470718,"hypothesisId":"L2","location":"dataplane_local.c:encrypt_to_wan","message":"split_l2_enter","data":{"plain_len":1514,"mode":1,"frag_meta":35,"mtu":1500,"n":32768}}
{"sessionId":"0173da","runId":"post-fix","timestamp":1783913470718,"hypothesisId":"L2","location":"dataplane_local.c:encrypt_to_wan","message":"split_l2_ok","data":{"frag0_wire":1500,"frag1_wire":98,"n":32768}}
{"sessionId":"0173da","runId":"post-fix","timestamp":1783913470775,"hypothesisId":"L2","location":"dataplane_local.c:encrypt_to_wan","message":"split_l2_enter","data":{"plain_len":1514,"mode":1,"frag_meta":35,"mtu":1500,"n":33024}}
{"sessionId":"0173da","runId":"post-fix","timestamp":1783913470775,"hypothesisId":"L2","location":"dataplane_local.c:encrypt_to_wan","message":"split_l2_ok","data":{"frag0_wire":1500,"frag1_wire":98,"n":33024}}
{"sessionId":"0173da","runId":"post-fix","timestamp":1783913470836,"hypothesisId":"L2","location":"dataplane_local.c:encrypt_to_wan","message":"split_l2_enter","data":{"plain_len":1514,"mode":1,"frag_meta":35,"mtu":1500,"n":33280}}
{"sessionId":"0173da","runId":"post-fix","timestamp":1783913470837,"hypothesisId":"L2","location":"dataplane_local.c:encrypt_to_wan","message":"split_l2_ok","data":{"frag0_wire":1500,"frag1_wire":98,"n":33280}}
{"sessionId":"0173da","runId":"post-fix","timestamp":1783913470919,"hypothesisId":"L2","location":"dataplane_local.c:encrypt_to_wan","message":"split_l2_enter","data":{"plain_len":1514,"mode":1,"frag_meta":35,"mtu":1500,"n":33536}}
{"sessionId":"0173da","runId":"post-fix","timestamp":1783913470919,"hypothesisId":"L2","location":"dataplane_local.c:encrypt_to_wan","message":"split_l2_ok","data":{"frag0_wire":1500,"frag1_wire":98,"n":33536}}
{"sessionId":"0173da","runId":"post-fix","timestamp":1783913470993,"hypothesisId":"L2","location":"dataplane_local.c:encrypt_to_wan","message":"split_l2_enter","data":{"plain_len":1514,"mode":1,"frag_meta":35,"mtu":1500,"n":33792}}
{"sessionId":"0173da","runId":"post-fix","timestamp":1783913470993,"hypothesisId":"L2","location":"dataplane_local.c:encrypt_to_wan","message":"split_l2_ok","data":{"frag0_wire":1500,"frag1_wire":98,"n":33792}}
{"sessionId":"0173da","runId":"post-fix","timestamp":1783913471063,"hypothesisId":"L2","location":"dataplane_local.c:encrypt_to_wan","message":"split_l2_enter","data":{"plain_len":1514,"mode":1,"frag_meta":35,"mtu":1500,"n":34048}}
{"sessionId":"0173da","runId":"post-fix","timestamp":1783913471063,"hypothesisId":"L2","location":"dataplane_local.c:encrypt_to_wan","message":"split_l2_ok","data":{"frag0_wire":1500,"frag1_wire":98,"n":34048}}
{"sessionId":"0173da","runId":"post-fix","timestamp":1783913471120,"hypothesisId":"L2","location":"dataplane_local.c:encrypt_to_wan","message":"split_l2_enter","data":{"plain_len":1514,"mode":1,"frag_meta":35,"mtu":1500,"n":34304}}
{"sessionId":"0173da","runId":"post-fix","timestamp":1783913471120,"hypothesisId":"L2","location":"dataplane_local.c:encrypt_to_wan","message":"split_l2_ok","data":{"frag0_wire":1500,"frag1_wire":98,"n":34304}}
{"sessionId":"0173da","runId":"post-fix","timestamp":1783913471203,"hypothesisId":"L2","location":"dataplane_local.c:encrypt_to_wan","message":"split_l2_enter","data":{"plain_len":1514,"mode":1,"frag_meta":35,"mtu":1500,"n":34560}}
{"sessionId":"0173da","runId":"post-fix","timestamp":1783913471203,"hypothesisId":"L2","location":"dataplane_local.c:encrypt_to_wan","message":"split_l2_ok","data":{"frag0_wire":1500,"frag1_wire":98,"n":34560}}
{"sessionId":"0173da","runId":"post-fix","timestamp":1783913471270,"hypothesisId":"L2","location":"dataplane_local.c:encrypt_to_wan","message":"split_l2_enter","data":{"plain_len":1514,"mode":1,"frag_meta":35,"mtu":1500,"n":34816}}
{"sessionId":"0173da","runId":"post-fix","timestamp":1783913471270,"hypothesisId":"L2","location":"dataplane_local.c:encrypt_to_wan","message":"split_l2_ok","data":{"frag0_wire":1500,"frag1_wire":98,"n":34816}}
{"sessionId":"0173da","runId":"post-fix","timestamp":1783913471432,"hypothesisId":"L2","location":"dataplane_local.c:encrypt_to_wan","message":"split_l2_enter","data":{"plain_len":1514,"mode":1,"frag_meta":35,"mtu":1500,"n":35072}}
{"sessionId":"0173da","runId":"post-fix","timestamp":1783913471433,"hypothesisId":"L2","location":"dataplane_local.c:encrypt_to_wan","message":"split_l2_ok","data":{"frag0_wire":1500,"frag1_wire":98,"n":35072}}
{"sessionId":"0173da","runId":"post-fix","timestamp":1783913471630,"hypothesisId":"L2","location":"dataplane_local.c:encrypt_to_wan","message":"split_l2_enter","data":{"plain_len":1514,"mode":1,"frag_meta":35,"mtu":1500,"n":35328}}
{"sessionId":"0173da","runId":"post-fix","timestamp":1783913471631,"hypothesisId":"L2","location":"dataplane_local.c:encrypt_to_wan","message":"split_l2_ok","data":{"frag0_wire":1500,"frag1_wire":98,"n":35328}}
{"sessionId":"0173da","runId":"post-fix","timestamp":1783913471716,"hypothesisId":"L2","location":"dataplane_wan.c:decrypt_wan","message":"l2_full_decrypt_ok","data":{"wire_len":96,"plain_len":66,"n":6656}}
{"sessionId":"0173da","runId":"post-fix","timestamp":1783913471716,"hypothesisId":"L2","location":"dataplane_wan.c:dataplane_process_wan","message":"wan_l2_forward_ok","data":{"wire_in":96,"plain_len":66,"n":6656}}
{"sessionId":"0173da","runId":"post-fix","timestamp":1783913471873,"hypothesisId":"L2","location":"dataplane_local.c:encrypt_to_wan","message":"split_l2_enter","data":{"plain_len":1514,"mode":1,"frag_meta":35,"mtu":1500,"n":35584}}
{"sessionId":"0173da","runId":"post-fix","timestamp":1783913471873,"hypothesisId":"L2","location":"dataplane_local.c:encrypt_to_wan","message":"split_l2_ok","data":{"frag0_wire":1500,"frag1_wire":98,"n":35584}}
{"sessionId":"0173da","runId":"post-fix","timestamp":1783913472441,"hypothesisId":"L2","location":"dataplane_local.c:encrypt_to_wan","message":"split_l2_enter","data":{"plain_len":1514,"mode":1,"frag_meta":35,"mtu":1500,"n":35840}}
{"sessionId":"0173da","runId":"post-fix","timestamp":1783913472441,"hypothesisId":"L2","location":"dataplane_local.c:encrypt_to_wan","message":"split_l2_ok","data":{"frag0_wire":1500,"frag1_wire":98,"n":35840}}
{"sessionId":"0173da","runId":"post-fix","timestamp":1783913472523,"hypothesisId":"L2","location":"dataplane_local.c:encrypt_to_wan","message":"split_l2_enter","data":{"plain_len":1514,"mode":1,"frag_meta":35,"mtu":1500,"n":36096}}
{"sessionId":"0173da","runId":"post-fix","timestamp":1783913472523,"hypothesisId":"L2","location":"dataplane_local.c:encrypt_to_wan","message":"split_l2_ok","data":{"frag0_wire":1500,"frag1_wire":98,"n":36096}}
{"sessionId":"0173da","runId":"post-fix","timestamp":1783913472527,"hypothesisId":"L2","location":"dataplane_local.c:encrypt_to_wan","message":"split_l2_enter","data":{"plain_len":1514,"mode":1,"frag_meta":35,"mtu":1500,"n":36352}}
{"sessionId":"0173da","runId":"post-fix","timestamp":1783913472527,"hypothesisId":"L2","location":"dataplane_local.c:encrypt_to_wan","message":"split_l2_ok","data":{"frag0_wire":1500,"frag1_wire":98,"n":36352}}
{"sessionId":"0173da","runId":"post-fix","timestamp":1783913472532,"hypothesisId":"L2","location":"dataplane_local.c:encrypt_to_wan","message":"split_l2_enter","data":{"plain_len":1514,"mode":1,"frag_meta":35,"mtu":1500,"n":36608}}
{"sessionId":"0173da","runId":"post-fix","timestamp":1783913472532,"hypothesisId":"L2","location":"dataplane_local.c:encrypt_to_wan","message":"split_l2_ok","data":{"frag0_wire":1500,"frag1_wire":98,"n":36608}}
{"sessionId":"0173da","runId":"post-fix","timestamp":1783913472536,"hypothesisId":"L2","location":"dataplane_local.c:encrypt_to_wan","message":"split_l2_enter","data":{"plain_len":1514,"mode":1,"frag_meta":35,"mtu":1500,"n":36864}}
{"sessionId":"0173da","runId":"post-fix","timestamp":1783913472536,"hypothesisId":"L2","location":"dataplane_local.c:encrypt_to_wan","message":"split_l2_ok","data":{"frag0_wire":1500,"frag1_wire":98,"n":36864}}
{"sessionId":"0173da","runId":"post-fix","timestamp":1783913472539,"hypothesisId":"L2","location":"dataplane_local.c:encrypt_to_wan","message":"split_l2_enter","data":{"plain_len":1514,"mode":1,"frag_meta":35,"mtu":1500,"n":37120}}
{"sessionId":"0173da","runId":"post-fix","timestamp":1783913472539,"hypothesisId":"L2","location":"dataplane_local.c:encrypt_to_wan","message":"split_l2_ok","data":{"frag0_wire":1500,"frag1_wire":98,"n":37120}}
{"sessionId":"0173da","runId":"post-fix","timestamp":1783913472540,"hypothesisId":"L2","location":"dataplane_wan.c:decrypt_wan","message":"l2_full_decrypt_ok","data":{"wire_len":96,"plain_len":66,"n":7168}}
{"sessionId":"0173da","runId":"post-fix","timestamp":1783913472540,"hypothesisId":"L2","location":"dataplane_wan.c:dataplane_process_wan","message":"wan_l2_forward_ok","data":{"wire_in":96,"plain_len":66,"n":7168}}
{"sessionId":"0173da","runId":"post-fix","timestamp":1783913472542,"hypothesisId":"L2","location":"dataplane_local.c:encrypt_to_wan","message":"split_l2_enter","data":{"plain_len":1514,"mode":1,"frag_meta":35,"mtu":1500,"n":37376}}
{"sessionId":"0173da","runId":"post-fix","timestamp":1783913472542,"hypothesisId":"L2","location":"dataplane_local.c:encrypt_to_wan","message":"split_l2_ok","data":{"frag0_wire":1500,"frag1_wire":98,"n":37376}}
{"sessionId":"0173da","runId":"post-fix","timestamp":1783913472546,"hypothesisId":"L2","location":"dataplane_local.c:encrypt_to_wan","message":"split_l2_enter","data":{"plain_len":1514,"mode":1,"frag_meta":35,"mtu":1500,"n":37632}}
{"sessionId":"0173da","runId":"post-fix","timestamp":1783913472546,"hypothesisId":"L2","location":"dataplane_local.c:encrypt_to_wan","message":"split_l2_ok","data":{"frag0_wire":1500,"frag1_wire":98,"n":37632}}
{"sessionId":"0173da","runId":"post-fix","timestamp":1783913472549,"hypothesisId":"L2","location":"dataplane_local.c:encrypt_to_wan","message":"split_l2_enter","data":{"plain_len":1514,"mode":1,"frag_meta":35,"mtu":1500,"n":37888}}
{"sessionId":"0173da","runId":"post-fix","timestamp":1783913472549,"hypothesisId":"L2","location":"dataplane_local.c:encrypt_to_wan","message":"split_l2_ok","data":{"frag0_wire":1500,"frag1_wire":98,"n":37888}}
{"sessionId":"0173da","runId":"post-fix","timestamp":1783913472553,"hypothesisId":"L2","location":"dataplane_local.c:encrypt_to_wan","message":"split_l2_enter","data":{"plain_len":1514,"mode":1,"frag_meta":35,"mtu":1500,"n":38144}}
{"sessionId":"0173da","runId":"post-fix","timestamp":1783913472553,"hypothesisId":"L2","location":"dataplane_local.c:encrypt_to_wan","message":"split_l2_ok","data":{"frag0_wire":1500,"frag1_wire":98,"n":38144}}
{"sessionId":"0173da","runId":"post-fix","timestamp":1783913472556,"hypothesisId":"L2","location":"dataplane_local.c:encrypt_to_wan","message":"split_l2_enter","data":{"plain_len":1514,"mode":1,"frag_meta":35,"mtu":1500,"n":38400}}
{"sessionId":"0173da","runId":"post-fix","timestamp":1783913472557,"hypothesisId":"L2","location":"dataplane_local.c:encrypt_to_wan","message":"split_l2_ok","data":{"frag0_wire":1500,"frag1_wire":98,"n":38400}}
{"sessionId":"0173da","runId":"post-fix","timestamp":1783913472560,"hypothesisId":"L2","location":"dataplane_local.c:encrypt_to_wan","message":"split_l2_enter","data":{"plain_len":1514,"mode":1,"frag_meta":35,"mtu":1500,"n":38656}}
{"sessionId":"0173da","runId":"post-fix","timestamp":1783913472560,"hypothesisId":"L2","location":"dataplane_local.c:encrypt_to_wan","message":"split_l2_ok","data":{"frag0_wire":1500,"frag1_wire":98,"n":38656}}
{"sessionId":"0173da","runId":"post-fix","timestamp":1783913472560,"hypothesisId":"L2","location":"dataplane_wan.c:decrypt_wan","message":"l2_full_decrypt_ok","data":{"wire_len":108,"plain_len":78,"n":7680}}
{"sessionId":"0173da","runId":"post-fix","timestamp":1783913472560,"hypothesisId":"L2","location":"dataplane_wan.c:dataplane_process_wan","message":"wan_l2_forward_ok","data":{"wire_in":96,"plain_len":66,"n":7680}}
{"sessionId":"0173da","runId":"post-fix","timestamp":1783913472563,"hypothesisId":"L2","location":"dataplane_local.c:encrypt_to_wan","message":"split_l2_enter","data":{"plain_len":1514,"mode":1,"frag_meta":35,"mtu":1500,"n":38912}}
{"sessionId":"0173da","runId":"post-fix","timestamp":1783913472563,"hypothesisId":"L2","location":"dataplane_local.c:encrypt_to_wan","message":"split_l2_ok","data":{"frag0_wire":1500,"frag1_wire":98,"n":38912}}
{"sessionId":"0173da","runId":"post-fix","timestamp":1783913472566,"hypothesisId":"L2","location":"dataplane_local.c:encrypt_to_wan","message":"split_l2_enter","data":{"plain_len":1514,"mode":1,"frag_meta":35,"mtu":1500,"n":39168}}
{"sessionId":"0173da","runId":"post-fix","timestamp":1783913472566,"hypothesisId":"L2","location":"dataplane_local.c:encrypt_to_wan","message":"split_l2_ok","data":{"frag0_wire":1500,"frag1_wire":98,"n":39168}}
{"sessionId":"0173da","runId":"post-fix","timestamp":1783913472569,"hypothesisId":"L2","location":"dataplane_local.c:encrypt_to_wan","message":"split_l2_enter","data":{"plain_len":1514,"mode":1,"frag_meta":35,"mtu":1500,"n":39424}}
{"sessionId":"0173da","runId":"post-fix","timestamp":1783913472569,"hypothesisId":"L2","location":"dataplane_local.c:encrypt_to_wan","message":"split_l2_ok","data":{"frag0_wire":1500,"frag1_wire":98,"n":39424}}
{"sessionId":"0173da","runId":"post-fix","timestamp":1783913472571,"hypothesisId":"L2","location":"dataplane_local.c:encrypt_to_wan","message":"split_l2_enter","data":{"plain_len":1514,"mode":1,"frag_meta":35,"mtu":1500,"n":39680}}
{"sessionId":"0173da","runId":"post-fix","timestamp":1783913472571,"hypothesisId":"L2","location":"dataplane_local.c:encrypt_to_wan","message":"split_l2_ok","data":{"frag0_wire":1500,"frag1_wire":98,"n":39680}}
{"sessionId":"0173da","runId":"post-fix","timestamp":1783913472574,"hypothesisId":"L2","location":"dataplane_local.c:encrypt_to_wan","message":"split_l2_enter","data":{"plain_len":1514,"mode":1,"frag_meta":35,"mtu":1500,"n":39936}}
{"sessionId":"0173da","runId":"post-fix","timestamp":1783913472574,"hypothesisId":"L2","location":"dataplane_local.c:encrypt_to_wan","message":"split_l2_ok","data":{"frag0_wire":1500,"frag1_wire":98,"n":39936}}
{"sessionId":"0173da","runId":"post-fix","timestamp":1783913472576,"hypothesisId":"L2","location":"dataplane_wan.c:decrypt_wan","message":"l2_full_decrypt_ok","data":{"wire_len":96,"plain_len":66,"n":8192}}
{"sessionId":"0173da","runId":"post-fix","timestamp":1783913472576,"hypothesisId":"L2","location":"dataplane_wan.c:dataplane_process_wan","message":"wan_l2_forward_ok","data":{"wire_in":96,"plain_len":66,"n":8192}}
{"sessionId":"0173da","runId":"post-fix","timestamp":1783913472577,"hypothesisId":"L2","location":"dataplane_local.c:encrypt_to_wan","message":"split_l2_enter","data":{"plain_len":1514,"mode":1,"frag_meta":35,"mtu":1500,"n":40192}}
{"sessionId":"0173da","runId":"post-fix","timestamp":1783913472577,"hypothesisId":"L2","location":"dataplane_local.c:encrypt_to_wan","message":"split_l2_ok","data":{"frag0_wire":1500,"frag1_wire":98,"n":40192}}
{"sessionId":"0173da","runId":"post-fix","timestamp":1783913472580,"hypothesisId":"L2","location":"dataplane_local.c:encrypt_to_wan","message":"split_l2_enter","data":{"plain_len":1514,"mode":1,"frag_meta":35,"mtu":1500,"n":40448}}
{"sessionId":"0173da","runId":"post-fix","timestamp":1783913472581,"hypothesisId":"L2","location":"dataplane_local.c:encrypt_to_wan","message":"split_l2_ok","data":{"frag0_wire":1500,"frag1_wire":98,"n":40448}}
{"sessionId":"0173da","runId":"post-fix","timestamp":1783913472583,"hypothesisId":"L2","location":"dataplane_local.c:encrypt_to_wan","message":"split_l2_enter","data":{"plain_len":1514,"mode":1,"frag_meta":35,"mtu":1500,"n":40704}}
{"sessionId":"0173da","runId":"post-fix","timestamp":1783913472583,"hypothesisId":"L2","location":"dataplane_local.c:encrypt_to_wan","message":"split_l2_ok","data":{"frag0_wire":1500,"frag1_wire":98,"n":40704}}
{"sessionId":"0173da","runId":"post-fix","timestamp":1783913472587,"hypothesisId":"L2","location":"dataplane_local.c:encrypt_to_wan","message":"split_l2_enter","data":{"plain_len":1514,"mode":1,"frag_meta":35,"mtu":1500,"n":40960}}
{"sessionId":"0173da","runId":"post-fix","timestamp":1783913472587,"hypothesisId":"L2","location":"dataplane_local.c:encrypt_to_wan","message":"split_l2_ok","data":{"frag0_wire":1500,"frag1_wire":98,"n":40960}}
{"sessionId":"0173da","runId":"post-fix","timestamp":1783913472590,"hypothesisId":"L2","location":"dataplane_local.c:encrypt_to_wan","message":"split_l2_enter","data":{"plain_len":1514,"mode":1,"frag_meta":35,"mtu":1500,"n":41216}}
{"sessionId":"0173da","runId":"post-fix","timestamp":1783913472590,"hypothesisId":"L2","location":"dataplane_local.c:encrypt_to_wan","message":"split_l2_ok","data":{"frag0_wire":1500,"frag1_wire":98,"n":41216}}
{"sessionId":"0173da","runId":"post-fix","timestamp":1783913472592,"hypothesisId":"L2","location":"dataplane_local.c:encrypt_to_wan","message":"split_l2_enter","data":{"plain_len":1514,"mode":1,"frag_meta":35,"mtu":1500,"n":41472}}
{"sessionId":"0173da","runId":"post-fix","timestamp":1783913472592,"hypothesisId":"L2","location":"dataplane_local.c:encrypt_to_wan","message":"split_l2_ok","data":{"frag0_wire":1500,"frag1_wire":98,"n":41472}}
{"sessionId":"0173da","runId":"post-fix","timestamp":1783913472594,"hypothesisId":"L2","location":"dataplane_wan.c:decrypt_wan","message":"l2_full_decrypt_ok","data":{"wire_len":96,"plain_len":66,"n":8704}}
{"sessionId":"0173da","runId":"post-fix","timestamp":1783913472594,"hypothesisId":"L2","location":"dataplane_wan.c:dataplane_process_wan","message":"wan_l2_forward_ok","data":{"wire_in":96,"plain_len":66,"n":8704}}
{"sessionId":"0173da","runId":"post-fix","timestamp":1783913472595,"hypothesisId":"L2","location":"dataplane_local.c:encrypt_to_wan","message":"split_l2_enter","data":{"plain_len":1514,"mode":1,"frag_meta":35,"mtu":1500,"n":41728}}
{"sessionId":"0173da","runId":"post-fix","timestamp":1783913472595,"hypothesisId":"L2","location":"dataplane_local.c:encrypt_to_wan","message":"split_l2_ok","data":{"frag0_wire":1500,"frag1_wire":98,"n":41728}}
{"sessionId":"0173da","runId":"post-fix","timestamp":1783913472599,"hypothesisId":"L2","location":"dataplane_local.c:encrypt_to_wan","message":"split_l2_enter","data":{"plain_len":1514,"mode":1,"frag_meta":35,"mtu":1500,"n":41984}}
{"sessionId":"0173da","runId":"post-fix","timestamp":1783913472599,"hypothesisId":"L2","location":"dataplane_local.c:encrypt_to_wan","message":"split_l2_ok","data":{"frag0_wire":1500,"frag1_wire":98,"n":41984}}
{"sessionId":"0173da","runId":"post-fix","timestamp":1783913472602,"hypothesisId":"L2","location":"dataplane_local.c:encrypt_to_wan","message":"split_l2_enter","data":{"plain_len":1514,"mode":1,"frag_meta":35,"mtu":1500,"n":42240}}
{"sessionId":"0173da","runId":"post-fix","timestamp":1783913472602,"hypothesisId":"L2","location":"dataplane_local.c:encrypt_to_wan","message":"split_l2_ok","data":{"frag0_wire":1500,"frag1_wire":98,"n":42240}}
{"sessionId":"0173da","runId":"post-fix","timestamp":1783913472605,"hypothesisId":"L2","location":"dataplane_local.c:encrypt_to_wan","message":"split_l2_enter","data":{"plain_len":1514,"mode":1,"frag_meta":35,"mtu":1500,"n":42496}}
{"sessionId":"0173da","runId":"post-fix","timestamp":1783913472605,"hypothesisId":"L2","location":"dataplane_local.c:encrypt_to_wan","message":"split_l2_ok","data":{"frag0_wire":1500,"frag1_wire":98,"n":42496}}
{"sessionId":"0173da","runId":"post-fix","timestamp":1783913472608,"hypothesisId":"L2","location":"dataplane_local.c:encrypt_to_wan","message":"split_l2_enter","data":{"plain_len":1514,"mode":1,"frag_meta":35,"mtu":1500,"n":42752}}
{"sessionId":"0173da","runId":"post-fix","timestamp":1783913472608,"hypothesisId":"L2","location":"dataplane_local.c:encrypt_to_wan","message":"split_l2_ok","data":{"frag0_wire":1500,"frag1_wire":98,"n":42752}}
{"sessionId":"0173da","runId":"post-fix","timestamp":1783913472611,"hypothesisId":"L2","location":"dataplane_local.c:encrypt_to_wan","message":"split_l2_enter","data":{"plain_len":1514,"mode":1,"frag_meta":35,"mtu":1500,"n":43008}}
{"sessionId":"0173da","runId":"post-fix","timestamp":1783913472611,"hypothesisId":"L2","location":"dataplane_local.c:encrypt_to_wan","message":"split_l2_ok","data":{"frag0_wire":1500,"frag1_wire":98,"n":43008}}
{"sessionId":"0173da","runId":"post-fix","timestamp":1783913472613,"hypothesisId":"L2","location":"dataplane_wan.c:decrypt_wan","message":"l2_full_decrypt_ok","data":{"wire_len":96,"plain_len":66,"n":9216}}
{"sessionId":"0173da","runId":"post-fix","timestamp":1783913472613,"hypothesisId":"L2","location":"dataplane_wan.c:dataplane_process_wan","message":"wan_l2_forward_ok","data":{"wire_in":96,"plain_len":66,"n":9216}}
{"sessionId":"0173da","runId":"post-fix","timestamp":1783913472615,"hypothesisId":"L2","location":"dataplane_local.c:encrypt_to_wan","message":"split_l2_enter","data":{"plain_len":1514,"mode":1,"frag_meta":35,"mtu":1500,"n":43264}}
{"sessionId":"0173da","runId":"post-fix","timestamp":1783913472615,"hypothesisId":"L2","location":"dataplane_local.c:encrypt_to_wan","message":"split_l2_ok","data":{"frag0_wire":1500,"frag1_wire":98,"n":43264}}
{"sessionId":"0173da","runId":"post-fix","timestamp":1783913472616,"hypothesisId":"L2","location":"dataplane_local.c:encrypt_to_wan","message":"encrypt_l2_full_ok","data":{"plain_len":1202,"wire_len":1232,"mode":1,"n":1024}}
{"sessionId":"0173da","runId":"post-fix","timestamp":1783913472618,"hypothesisId":"L2","location":"dataplane_local.c:encrypt_to_wan","message":"split_l2_enter","data":{"plain_len":1514,"mode":1,"frag_meta":35,"mtu":1500,"n":43520}}
{"sessionId":"0173da","runId":"post-fix","timestamp":1783913472619,"hypothesisId":"L2","location":"dataplane_local.c:encrypt_to_wan","message":"split_l2_ok","data":{"frag0_wire":1500,"frag1_wire":98,"n":43520}}
{"sessionId":"0173da","runId":"post-fix","timestamp":1783913472622,"hypothesisId":"L2","location":"dataplane_local.c:encrypt_to_wan","message":"split_l2_enter","data":{"plain_len":1514,"mode":1,"frag_meta":35,"mtu":1500,"n":43776}}
{"sessionId":"0173da","runId":"post-fix","timestamp":1783913472622,"hypothesisId":"L2","location":"dataplane_local.c:encrypt_to_wan","message":"split_l2_ok","data":{"frag0_wire":1500,"frag1_wire":98,"n":43776}}
{"sessionId":"0173da","runId":"post-fix","timestamp":1783913472625,"hypothesisId":"L2","location":"dataplane_local.c:encrypt_to_wan","message":"split_l2_enter","data":{"plain_len":1514,"mode":1,"frag_meta":35,"mtu":1500,"n":44032}}
{"sessionId":"0173da","runId":"post-fix","timestamp":1783913472625,"hypothesisId":"L2","location":"dataplane_local.c:encrypt_to_wan","message":"split_l2_ok","data":{"frag0_wire":1500,"frag1_wire":98,"n":44032}}
{"sessionId":"0173da","runId":"post-fix","timestamp":1783913472628,"hypothesisId":"L2","location":"dataplane_local.c:encrypt_to_wan","message":"split_l2_enter","data":{"plain_len":1514,"mode":1,"frag_meta":35,"mtu":1500,"n":44288}}
{"sessionId":"0173da","runId":"post-fix","timestamp":1783913472628,"hypothesisId":"L2","location":"dataplane_local.c:encrypt_to_wan","message":"split_l2_ok","data":{"frag0_wire":1500,"frag1_wire":98,"n":44288}}
{"sessionId":"0173da","runId":"post-fix","timestamp":1783913472631,"hypothesisId":"L2","location":"dataplane_local.c:encrypt_to_wan","message":"split_l2_enter","data":{"plain_len":1514,"mode":1,"frag_meta":35,"mtu":1500,"n":44544}}
{"sessionId":"0173da","runId":"post-fix","timestamp":1783913472631,"hypothesisId":"L2","location":"dataplane_local.c:encrypt_to_wan","message":"split_l2_ok","data":{"frag0_wire":1500,"frag1_wire":98,"n":44544}}
{"sessionId":"0173da","runId":"post-fix","timestamp":1783913472635,"hypothesisId":"L2","location":"dataplane_local.c:encrypt_to_wan","message":"split_l2_enter","data":{"plain_len":1514,"mode":1,"frag_meta":35,"mtu":1500,"n":44800}}
{"sessionId":"0173da","runId":"post-fix","timestamp":1783913472635,"hypothesisId":"L2","location":"dataplane_local.c:encrypt_to_wan","message":"split_l2_ok","data":{"frag0_wire":1500,"frag1_wire":98,"n":44800}}
{"sessionId":"0173da","runId":"post-fix","timestamp":1783913472638,"hypothesisId":"L2","location":"dataplane_wan.c:decrypt_wan","message":"l2_full_decrypt_ok","data":{"wire_len":96,"plain_len":66,"n":9728}}
{"sessionId":"0173da","runId":"post-fix","timestamp":1783913472638,"hypothesisId":"L2","location":"dataplane_wan.c:dataplane_process_wan","message":"wan_l2_forward_ok","data":{"wire_in":96,"plain_len":66,"n":9728}}
{"sessionId":"0173da","runId":"post-fix","timestamp":1783913472638,"hypothesisId":"L2","location":"dataplane_local.c:encrypt_to_wan","message":"split_l2_enter","data":{"plain_len":1514,"mode":1,"frag_meta":35,"mtu":1500,"n":45056}}
{"sessionId":"0173da","runId":"post-fix","timestamp":1783913472638,"hypothesisId":"L2","location":"dataplane_local.c:encrypt_to_wan","message":"split_l2_ok","data":{"frag0_wire":1500,"frag1_wire":98,"n":45056}}
{"sessionId":"0173da","runId":"post-fix","timestamp":1783913472642,"hypothesisId":"L2","location":"dataplane_local.c:encrypt_to_wan","message":"split_l2_enter","data":{"plain_len":1514,"mode":1,"frag_meta":35,"mtu":1500,"n":45312}}
{"sessionId":"0173da","runId":"post-fix","timestamp":1783913472642,"hypothesisId":"L2","location":"dataplane_local.c:encrypt_to_wan","message":"split_l2_ok","data":{"frag0_wire":1500,"frag1_wire":98,"n":45312}}
{"sessionId":"0173da","runId":"post-fix","timestamp":1783913472645,"hypothesisId":"L2","location":"dataplane_local.c:encrypt_to_wan","message":"split_l2_enter","data":{"plain_len":1514,"mode":1,"frag_meta":35,"mtu":1500,"n":45568}}
{"sessionId":"0173da","runId":"post-fix","timestamp":1783913472645,"hypothesisId":"L2","location":"dataplane_local.c:encrypt_to_wan","message":"split_l2_ok","data":{"frag0_wire":1500,"frag1_wire":98,"n":45568}}
{"sessionId":"0173da","runId":"post-fix","timestamp":1783913472647,"hypothesisId":"L2","location":"dataplane_local.c:encrypt_to_wan","message":"split_l2_enter","data":{"plain_len":1514,"mode":1,"frag_meta":35,"mtu":1500,"n":45824}}
{"sessionId":"0173da","runId":"post-fix","timestamp":1783913472647,"hypothesisId":"L2","location":"dataplane_local.c:encrypt_to_wan","message":"split_l2_ok","data":{"frag0_wire":1500,"frag1_wire":98,"n":45824}}
{"sessionId":"0173da","runId":"post-fix","timestamp":1783913472649,"hypothesisId":"L2","location":"dataplane_local.c:encrypt_to_wan","message":"split_l2_enter","data":{"plain_len":1514,"mode":1,"frag_meta":35,"mtu":1500,"n":46080}}
{"sessionId":"0173da","runId":"post-fix","timestamp":1783913472650,"hypothesisId":"L2","location":"dataplane_local.c:encrypt_to_wan","message":"split_l2_ok","data":{"frag0_wire":1500,"frag1_wire":98,"n":46080}}
{"sessionId":"0173da","runId":"post-fix","timestamp":1783913472651,"hypothesisId":"L2","location":"dataplane_local.c:encrypt_to_wan","message":"split_l2_enter","data":{"plain_len":1514,"mode":1,"frag_meta":35,"mtu":1500,"n":46336}}
{"sessionId":"0173da","runId":"post-fix","timestamp":1783913472651,"hypothesisId":"L2","location":"dataplane_local.c:encrypt_to_wan","message":"split_l2_ok","data":{"frag0_wire":1500,"frag1_wire":98,"n":46336}}
{"sessionId":"0173da","runId":"post-fix","timestamp":1783913472653,"hypothesisId":"L2","location":"dataplane_local.c:encrypt_to_wan","message":"split_l2_enter","data":{"plain_len":1514,"mode":1,"frag_meta":35,"mtu":1500,"n":46592}}
{"sessionId":"0173da","runId":"post-fix","timestamp":1783913472653,"hypothesisId":"L2","location":"dataplane_local.c:encrypt_to_wan","message":"split_l2_ok","data":{"frag0_wire":1500,"frag1_wire":98,"n":46592}}
{"sessionId":"0173da","runId":"post-fix","timestamp":1783913472655,"hypothesisId":"L2","location":"dataplane_local.c:encrypt_to_wan","message":"split_l2_enter","data":{"plain_len":1514,"mode":1,"frag_meta":35,"mtu":1500,"n":46848}}
{"sessionId":"0173da","runId":"post-fix","timestamp":1783913472655,"hypothesisId":"L2","location":"dataplane_local.c:encrypt_to_wan","message":"split_l2_ok","data":{"frag0_wire":1500,"frag1_wire":98,"n":46848}}
{"sessionId":"0173da","runId":"post-fix","timestamp":1783913472657,"hypothesisId":"L2","location":"dataplane_wan.c:decrypt_wan","message":"l2_full_decrypt_ok","data":{"wire_len":96,"plain_len":66,"n":10240}}
{"sessionId":"0173da","runId":"post-fix","timestamp":1783913472658,"hypothesisId":"L2","location":"dataplane_wan.c:dataplane_process_wan","message":"wan_l2_forward_ok","data":{"wire_in":96,"plain_len":66,"n":10240}}
{"sessionId":"0173da","runId":"post-fix","timestamp":1783913472658,"hypothesisId":"L2","location":"dataplane_local.c:encrypt_to_wan","message":"split_l2_enter","data":{"plain_len":1514,"mode":1,"frag_meta":35,"mtu":1500,"n":47104}}
{"sessionId":"0173da","runId":"post-fix","timestamp":1783913472659,"hypothesisId":"L2","location":"dataplane_local.c:encrypt_to_wan","message":"split_l2_ok","data":{"frag0_wire":1500,"frag1_wire":98,"n":47104}}
{"sessionId":"0173da","runId":"post-fix","timestamp":1783913472662,"hypothesisId":"L2","location":"dataplane_local.c:encrypt_to_wan","message":"split_l2_enter","data":{"plain_len":1514,"mode":1,"frag_meta":35,"mtu":1500,"n":47360}}
{"sessionId":"0173da","runId":"post-fix","timestamp":1783913472662,"hypothesisId":"L2","location":"dataplane_local.c:encrypt_to_wan","message":"split_l2_ok","data":{"frag0_wire":1500,"frag1_wire":98,"n":47360}}
{"sessionId":"0173da","runId":"post-fix","timestamp":1783913472666,"hypothesisId":"L2","location":"dataplane_local.c:encrypt_to_wan","message":"split_l2_enter","data":{"plain_len":1514,"mode":1,"frag_meta":35,"mtu":1500,"n":47616}}
{"sessionId":"0173da","runId":"post-fix","timestamp":1783913472666,"hypothesisId":"L2","location":"dataplane_local.c:encrypt_to_wan","message":"split_l2_ok","data":{"frag0_wire":1500,"frag1_wire":98,"n":47616}}
{"sessionId":"0173da","runId":"post-fix","timestamp":1783913472669,"hypothesisId":"L2","location":"dataplane_local.c:encrypt_to_wan","message":"split_l2_enter","data":{"plain_len":1514,"mode":1,"frag_meta":35,"mtu":1500,"n":47872}}
{"sessionId":"0173da","runId":"post-fix","timestamp":1783913472669,"hypothesisId":"L2","location":"dataplane_local.c:encrypt_to_wan","message":"split_l2_ok","data":{"frag0_wire":1500,"frag1_wire":98,"n":47872}}
{"sessionId":"0173da","runId":"post-fix","timestamp":1783913472673,"hypothesisId":"L2","location":"dataplane_local.c:encrypt_to_wan","message":"split_l2_enter","data":{"plain_len":1514,"mode":1,"frag_meta":35,"mtu":1500,"n":48128}}
{"sessionId":"0173da","runId":"post-fix","timestamp":1783913472673,"hypothesisId":"L2","location":"dataplane_local.c:encrypt_to_wan","message":"split_l2_ok","data":{"frag0_wire":1500,"frag1_wire":98,"n":48128}}
{"sessionId":"0173da","runId":"post-fix","timestamp":1783913472676,"hypothesisId":"L2","location":"dataplane_local.c:encrypt_to_wan","message":"split_l2_enter","data":{"plain_len":1514,"mode":1,"frag_meta":35,"mtu":1500,"n":48384}}
{"sessionId":"0173da","runId":"post-fix","timestamp":1783913472676,"hypothesisId":"L2","location":"dataplane_local.c:encrypt_to_wan","message":"split_l2_ok","data":{"frag0_wire":1500,"frag1_wire":98,"n":48384}}
{"sessionId":"0173da","runId":"post-fix","timestamp":1783913472678,"hypothesisId":"L2","location":"dataplane_local.c:encrypt_to_wan","message":"split_l2_enter","data":{"plain_len":1514,"mode":1,"frag_meta":35,"mtu":1500,"n":48640}}
{"sessionId":"0173da","runId":"post-fix","timestamp":1783913472678,"hypothesisId":"L2","location":"dataplane_local.c:encrypt_to_wan","message":"split_l2_ok","data":{"frag0_wire":1500,"frag1_wire":98,"n":48640}}
{"sessionId":"0173da","runId":"post-fix","timestamp":1783913472680,"hypothesisId":"L2","location":"dataplane_wan.c:decrypt_wan","message":"l2_full_decrypt_ok","data":{"wire_len":108,"plain_len":78,"n":10752}}
{"sessionId":"0173da","runId":"post-fix","timestamp":1783913472680,"hypothesisId":"L2","location":"dataplane_wan.c:dataplane_process_wan","message":"wan_l2_forward_ok","data":{"wire_in":96,"plain_len":66,"n":10752}}
{"sessionId":"0173da","runId":"post-fix","timestamp":1783913472681,"hypothesisId":"L2","location":"dataplane_local.c:encrypt_to_wan","message":"split_l2_enter","data":{"plain_len":1514,"mode":1,"frag_meta":35,"mtu":1500,"n":48896}}
{"sessionId":"0173da","runId":"post-fix","timestamp":1783913472681,"hypothesisId":"L2","location":"dataplane_local.c:encrypt_to_wan","message":"split_l2_ok","data":{"frag0_wire":1500,"frag1_wire":98,"n":48896}}
{"sessionId":"0173da","runId":"post-fix","timestamp":1783913472684,"hypothesisId":"L2","location":"dataplane_local.c:encrypt_to_wan","message":"split_l2_enter","data":{"plain_len":1514,"mode":1,"frag_meta":35,"mtu":1500,"n":49152}}
{"sessionId":"0173da","runId":"post-fix","timestamp":1783913472684,"hypothesisId":"L2","location":"dataplane_local.c:encrypt_to_wan","message":"split_l2_ok","data":{"frag0_wire":1500,"frag1_wire":98,"n":49152}}
{"sessionId":"0173da","runId":"post-fix","timestamp":1783913472687,"hypothesisId":"L2","location":"dataplane_local.c:encrypt_to_wan","message":"split_l2_enter","data":{"plain_len":1514,"mode":1,"frag_meta":35,"mtu":1500,"n":49408}}
{"sessionId":"0173da","runId":"post-fix","timestamp":1783913472687,"hypothesisId":"L2","location":"dataplane_local.c:encrypt_to_wan","message":"split_l2_ok","data":{"frag0_wire":1500,"frag1_wire":98,"n":49408}}
{"sessionId":"0173da","runId":"post-fix","timestamp":1783913472690,"hypothesisId":"L2","location":"dataplane_local.c:encrypt_to_wan","message":"split_l2_enter","data":{"plain_len":1514,"mode":1,"frag_meta":35,"mtu":1500,"n":49664}}
{"sessionId":"0173da","runId":"post-fix","timestamp":1783913472690,"hypothesisId":"L2","location":"dataplane_local.c:encrypt_to_wan","message":"split_l2_ok","data":{"frag0_wire":1500,"frag1_wire":98,"n":49664}}
{"sessionId":"0173da","runId":"post-fix","timestamp":1783913472692,"hypothesisId":"L2","location":"dataplane_local.c:encrypt_to_wan","message":"split_l2_enter","data":{"plain_len":1514,"mode":1,"frag_meta":35,"mtu":1500,"n":49920}}
{"sessionId":"0173da","runId":"post-fix","timestamp":1783913472692,"hypothesisId":"L2","location":"dataplane_local.c:encrypt_to_wan","message":"split_l2_ok","data":{"frag0_wire":1500,"frag1_wire":98,"n":49920}}
{"sessionId":"0173da","runId":"post-fix","timestamp":1783913472694,"hypothesisId":"L2","location":"dataplane_local.c:encrypt_to_wan","message":"split_l2_enter","data":{"plain_len":1514,"mode":1,"frag_meta":35,"mtu":1500,"n":50176}}
{"sessionId":"0173da","runId":"post-fix","timestamp":1783913472694,"hypothesisId":"L2","location":"dataplane_local.c:encrypt_to_wan","message":"split_l2_ok","data":{"frag0_wire":1500,"frag1_wire":98,"n":50176}}
{"sessionId":"0173da","runId":"post-fix","timestamp":1783913472696,"hypothesisId":"L2","location":"dataplane_local.c:encrypt_to_wan","message":"split_l2_enter","data":{"plain_len":1514,"mode":1,"frag_meta":35,"mtu":1500,"n":50432}}
{"sessionId":"0173da","runId":"post-fix","timestamp":1783913472696,"hypothesisId":"L2","location":"dataplane_local.c:encrypt_to_wan","message":"split_l2_ok","data":{"frag0_wire":1500,"frag1_wire":98,"n":50432}}
{"sessionId":"0173da","runId":"post-fix","timestamp":1783913472697,"hypothesisId":"L2","location":"dataplane_local.c:encrypt_to_wan","message":"split_l2_enter","data":{"plain_len":1514,"mode":1,"frag_meta":35,"mtu":1500,"n":50688}}
{"sessionId":"0173da","runId":"post-fix","timestamp":1783913472697,"hypothesisId":"L2","location":"dataplane_local.c:encrypt_to_wan","message":"split_l2_ok","data":{"frag0_wire":1500,"frag1_wire":98,"n":50688}}
{"sessionId":"0173da","runId":"post-fix","timestamp":1783913472698,"hypothesisId":"L2","location":"dataplane_wan.c:decrypt_wan","message":"l2_full_decrypt_ok","data":{"wire_len":96,"plain_len":66,"n":11264}}
{"sessionId":"0173da","runId":"post-fix","timestamp":1783913472698,"hypothesisId":"L2","location":"dataplane_wan.c:dataplane_process_wan","message":"wan_l2_forward_ok","data":{"wire_in":96,"plain_len":66,"n":11264}}
{"sessionId":"0173da","runId":"post-fix","timestamp":1783913472698,"hypothesisId":"L2","location":"dataplane_local.c:encrypt_to_wan","message":"split_l2_enter","data":{"plain_len":1514,"mode":1,"frag_meta":35,"mtu":1500,"n":50944}}
{"sessionId":"0173da","runId":"post-fix","timestamp":1783913472698,"hypothesisId":"L2","location":"dataplane_local.c:encrypt_to_wan","message":"split_l2_ok","data":{"frag0_wire":1500,"frag1_wire":98,"n":50944}}
{"sessionId":"0173da","runId":"post-fix","timestamp":1783913472701,"hypothesisId":"L2","location":"dataplane_local.c:encrypt_to_wan","message":"split_l2_enter","data":{"plain_len":1514,"mode":1,"frag_meta":35,"mtu":1500,"n":51200}}
{"sessionId":"0173da","runId":"post-fix","timestamp":1783913472701,"hypothesisId":"L2","location":"dataplane_local.c:encrypt_to_wan","message":"split_l2_ok","data":{"frag0_wire":1500,"frag1_wire":98,"n":51200}}
{"sessionId":"0173da","runId":"post-fix","timestamp":1783913472703,"hypothesisId":"L2","location":"dataplane_local.c:encrypt_to_wan","message":"split_l2_enter","data":{"plain_len":1514,"mode":1,"frag_meta":35,"mtu":1500,"n":51456}}
{"sessionId":"0173da","runId":"post-fix","timestamp":1783913472703,"hypothesisId":"L2","location":"dataplane_local.c:encrypt_to_wan","message":"split_l2_ok","data":{"frag0_wire":1500,"frag1_wire":98,"n":51456}}
{"sessionId":"0173da","runId":"post-fix","timestamp":1783913472706,"hypothesisId":"L2","location":"dataplane_local.c:encrypt_to_wan","message":"split_l2_enter","data":{"plain_len":1514,"mode":1,"frag_meta":35,"mtu":1500,"n":51712}}
{"sessionId":"0173da","runId":"post-fix","timestamp":1783913472706,"hypothesisId":"L2","location":"dataplane_local.c:encrypt_to_wan","message":"split_l2_ok","data":{"frag0_wire":1500,"frag1_wire":98,"n":51712}}
{"sessionId":"0173da","runId":"post-fix","timestamp":1783913472709,"hypothesisId":"L2","location":"dataplane_local.c:encrypt_to_wan","message":"split_l2_enter","data":{"plain_len":1514,"mode":1,"frag_meta":35,"mtu":1500,"n":51968}}
{"sessionId":"0173da","runId":"post-fix","timestamp":1783913472709,"hypothesisId":"L2","location":"dataplane_local.c:encrypt_to_wan","message":"split_l2_ok","data":{"frag0_wire":1500,"frag1_wire":98,"n":51968}}
{"sessionId":"0173da","runId":"post-fix","timestamp":1783913472713,"hypothesisId":"L2","location":"dataplane_local.c:encrypt_to_wan","message":"split_l2_enter","data":{"plain_len":1514,"mode":1,"frag_meta":35,"mtu":1500,"n":52224}}
{"sessionId":"0173da","runId":"post-fix","timestamp":1783913472713,"hypothesisId":"L2","location":"dataplane_local.c:encrypt_to_wan","message":"split_l2_ok","data":{"frag0_wire":1500,"frag1_wire":98,"n":52224}}
{"sessionId":"0173da","runId":"post-fix","timestamp":1783913472716,"hypothesisId":"L2","location":"dataplane_local.c:encrypt_to_wan","message":"split_l2_enter","data":{"plain_len":1514,"mode":1,"frag_meta":35,"mtu":1500,"n":52480}}
{"sessionId":"0173da","runId":"post-fix","timestamp":1783913472716,"hypothesisId":"L2","location":"dataplane_local.c:encrypt_to_wan","message":"split_l2_ok","data":{"frag0_wire":1500,"frag1_wire":98,"n":52480}}
{"sessionId":"0173da","runId":"post-fix","timestamp":1783913472719,"hypothesisId":"L2","location":"dataplane_local.c:encrypt_to_wan","message":"split_l2_enter","data":{"plain_len":1514,"mode":1,"frag_meta":35,"mtu":1500,"n":52736}}
{"sessionId":"0173da","runId":"post-fix","timestamp":1783913472719,"hypothesisId":"L2","location":"dataplane_local.c:encrypt_to_wan","message":"split_l2_ok","data":{"frag0_wire":1500,"frag1_wire":98,"n":52736}}
{"sessionId":"0173da","runId":"post-fix","timestamp":1783913472721,"hypothesisId":"L2","location":"dataplane_local.c:encrypt_to_wan","message":"split_l2_enter","data":{"plain_len":1514,"mode":1,"frag_meta":35,"mtu":1500,"n":52992}}
{"sessionId":"0173da","runId":"post-fix","timestamp":1783913472721,"hypothesisId":"L2","location":"dataplane_local.c:encrypt_to_wan","message":"split_l2_ok","data":{"frag0_wire":1500,"frag1_wire":98,"n":52992}}
{"sessionId":"0173da","runId":"post-fix","timestamp":1783913472722,"hypothesisId":"L2","location":"dataplane_wan.c:dataplane_process_wan","message":"wan_l2_forward_ok","data":{"wire_in":108,"plain_len":78,"n":11776}}
{"sessionId":"0173da","runId":"post-fix","timestamp":1783913472722,"hypothesisId":"L2","location":"dataplane_wan.c:decrypt_wan","message":"l2_full_decrypt_ok","data":{"wire_len":96,"plain_len":66,"n":11776}}
{"sessionId":"0173da","runId":"post-fix","timestamp":1783913472725,"hypothesisId":"L2","location":"dataplane_local.c:encrypt_to_wan","message":"split_l2_enter","data":{"plain_len":1514,"mode":1,"frag_meta":35,"mtu":1500,"n":53248}}
{"sessionId":"0173da","runId":"post-fix","timestamp":1783913472726,"hypothesisId":"L2","location":"dataplane_local.c:encrypt_to_wan","message":"split_l2_ok","data":{"frag0_wire":1500,"frag1_wire":98,"n":53248}}
{"sessionId":"0173da","runId":"post-fix","timestamp":1783913472729,"hypothesisId":"L2","location":"dataplane_local.c:encrypt_to_wan","message":"split_l2_enter","data":{"plain_len":1514,"mode":1,"frag_meta":35,"mtu":1500,"n":53504}}
{"sessionId":"0173da","runId":"post-fix","timestamp":1783913472729,"hypothesisId":"L2","location":"dataplane_local.c:encrypt_to_wan","message":"split_l2_ok","data":{"frag0_wire":1500,"frag1_wire":98,"n":53504}}
{"sessionId":"0173da","runId":"post-fix","timestamp":1783913472733,"hypothesisId":"L2","location":"dataplane_local.c:encrypt_to_wan","message":"split_l2_enter","data":{"plain_len":1507,"mode":1,"frag_meta":35,"mtu":1500,"n":53760}}
{"sessionId":"0173da","runId":"post-fix","timestamp":1783913472733,"hypothesisId":"L2","location":"dataplane_local.c:encrypt_to_wan","message":"split_l2_ok","data":{"frag0_wire":1500,"frag1_wire":91,"n":53760}}
{"sessionId":"0173da","runId":"post-fix","timestamp":1783913472736,"hypothesisId":"L2","location":"dataplane_local.c:encrypt_to_wan","message":"split_l2_enter","data":{"plain_len":1514,"mode":1,"frag_meta":35,"mtu":1500,"n":54016}}
{"sessionId":"0173da","runId":"post-fix","timestamp":1783913472736,"hypothesisId":"L2","location":"dataplane_local.c:encrypt_to_wan","message":"split_l2_ok","data":{"frag0_wire":1500,"frag1_wire":98,"n":54016}}
{"sessionId":"0173da","runId":"post-fix","timestamp":1783913472739,"hypothesisId":"L2","location":"dataplane_local.c:encrypt_to_wan","message":"split_l2_enter","data":{"plain_len":1514,"mode":1,"frag_meta":35,"mtu":1500,"n":54272}}
{"sessionId":"0173da","runId":"post-fix","timestamp":1783913472739,"hypothesisId":"L2","location":"dataplane_local.c:encrypt_to_wan","message":"split_l2_ok","data":{"frag0_wire":1500,"frag1_wire":98,"n":54272}}
{"sessionId":"0173da","runId":"post-fix","timestamp":1783913472740,"hypothesisId":"L2","location":"dataplane_local.c:encrypt_to_wan","message":"split_l2_enter","data":{"plain_len":1514,"mode":1,"frag_meta":35,"mtu":1500,"n":54528}}
{"sessionId":"0173da","runId":"post-fix","timestamp":1783913472740,"hypothesisId":"L2","location":"dataplane_local.c:encrypt_to_wan","message":"split_l2_ok","data":{"frag0_wire":1500,"frag1_wire":98,"n":54528}}
{"sessionId":"0173da","runId":"post-fix","timestamp":1783913472742,"hypothesisId":"L2","location":"dataplane_local.c:encrypt_to_wan","message":"split_l2_enter","data":{"plain_len":1514,"mode":1,"frag_meta":35,"mtu":1500,"n":54784}}
{"sessionId":"0173da","runId":"post-fix","timestamp":1783913472742,"hypothesisId":"L2","location":"dataplane_local.c:encrypt_to_wan","message":"split_l2_ok","data":{"frag0_wire":1500,"frag1_wire":98,"n":54784}}
{"sessionId":"0173da","runId":"post-fix","timestamp":1783913472743,"hypothesisId":"L2","location":"dataplane_local.c:encrypt_to_wan","message":"split_l2_enter","data":{"plain_len":1514,"mode":1,"frag_meta":35,"mtu":1500,"n":55040}}
{"sessionId":"0173da","runId":"post-fix","timestamp":1783913472743,"hypothesisId":"L2","location":"dataplane_local.c:encrypt_to_wan","message":"split_l2_ok","data":{"frag0_wire":1500,"frag1_wire":98,"n":55040}}
{"sessionId":"0173da","runId":"post-fix","timestamp":1783913472746,"hypothesisId":"L2","location":"dataplane_local.c:encrypt_to_wan","message":"split_l2_enter","data":{"plain_len":1514,"mode":1,"frag_meta":35,"mtu":1500,"n":55296}}
{"sessionId":"0173da","runId":"post-fix","timestamp":1783913472746,"hypothesisId":"L2","location":"dataplane_local.c:encrypt_to_wan","message":"split_l2_ok","data":{"frag0_wire":1500,"frag1_wire":98,"n":55296}}
{"sessionId":"0173da","runId":"post-fix","timestamp":1783913472746,"hypothesisId":"L2","location":"dataplane_wan.c:decrypt_wan","message":"l2_full_decrypt_ok","data":{"wire_len":96,"plain_len":66,"n":12288}}
{"sessionId":"0173da","runId":"post-fix","timestamp":1783913472746,"hypothesisId":"L2","location":"dataplane_wan.c:dataplane_process_wan","message":"wan_l2_forward_ok","data":{"wire_in":108,"plain_len":78,"n":12288}}
{"sessionId":"0173da","runId":"post-fix","timestamp":1783913472748,"hypothesisId":"L2","location":"dataplane_local.c:encrypt_to_wan","message":"split_l2_enter","data":{"plain_len":1514,"mode":1,"frag_meta":35,"mtu":1500,"n":55552}}
{"sessionId":"0173da","runId":"post-fix","timestamp":1783913472748,"hypothesisId":"L2","location":"dataplane_local.c:encrypt_to_wan","message":"split_l2_ok","data":{"frag0_wire":1500,"frag1_wire":98,"n":55552}}
{"sessionId":"0173da","runId":"post-fix","timestamp":1783913472750,"hypothesisId":"L2","location":"dataplane_local.c:encrypt_to_wan","message":"split_l2_enter","data":{"plain_len":1514,"mode":1,"frag_meta":35,"mtu":1500,"n":55808}}
{"sessionId":"0173da","runId":"post-fix","timestamp":1783913472750,"hypothesisId":"L2","location":"dataplane_local.c:encrypt_to_wan","message":"split_l2_ok","data":{"frag0_wire":1500,"frag1_wire":98,"n":55808}}
{"sessionId":"0173da","runId":"post-fix","timestamp":1783913472751,"hypothesisId":"L2","location":"dataplane_local.c:encrypt_to_wan","message":"split_l2_enter","data":{"plain_len":1514,"mode":1,"frag_meta":35,"mtu":1500,"n":56064}}
{"sessionId":"0173da","runId":"post-fix","timestamp":1783913472752,"hypothesisId":"L2","location":"dataplane_local.c:encrypt_to_wan","message":"split_l2_ok","data":{"frag0_wire":1500,"frag1_wire":98,"n":56064}}
{"sessionId":"0173da","runId":"post-fix","timestamp":1783913472754,"hypothesisId":"L2","location":"dataplane_local.c:encrypt_to_wan","message":"split_l2_enter","data":{"plain_len":1514,"mode":1,"frag_meta":35,"mtu":1500,"n":56320}}
{"sessionId":"0173da","runId":"post-fix","timestamp":1783913472754,"hypothesisId":"L2","location":"dataplane_local.c:encrypt_to_wan","message":"split_l2_ok","data":{"frag0_wire":1500,"frag1_wire":98,"n":56320}}
{"sessionId":"0173da","runId":"post-fix","timestamp":1783913472756,"hypothesisId":"L2","location":"dataplane_local.c:encrypt_to_wan","message":"split_l2_enter","data":{"plain_len":1514,"mode":1,"frag_meta":35,"mtu":1500,"n":56576}}
{"sessionId":"0173da","runId":"post-fix","timestamp":1783913472756,"hypothesisId":"L2","location":"dataplane_local.c:encrypt_to_wan","message":"split_l2_ok","data":{"frag0_wire":1500,"frag1_wire":98,"n":56576}}
{"sessionId":"0173da","runId":"post-fix","timestamp":1783913472759,"hypothesisId":"L2","location":"dataplane_local.c:encrypt_to_wan","message":"split_l2_enter","data":{"plain_len":1514,"mode":1,"frag_meta":35,"mtu":1500,"n":56832}}
{"sessionId":"0173da","runId":"post-fix","timestamp":1783913472759,"hypothesisId":"L2","location":"dataplane_local.c:encrypt_to_wan","message":"split_l2_ok","data":{"frag0_wire":1500,"frag1_wire":98,"n":56832}}
{"sessionId":"0173da","runId":"post-fix","timestamp":1783913472762,"hypothesisId":"L2","location":"dataplane_local.c:encrypt_to_wan","message":"split_l2_enter","data":{"plain_len":1514,"mode":1,"frag_meta":35,"mtu":1500,"n":57088}}
{"sessionId":"0173da","runId":"post-fix","timestamp":1783913472762,"hypothesisId":"L2","location":"dataplane_local.c:encrypt_to_wan","message":"split_l2_ok","data":{"frag0_wire":1500,"frag1_wire":98,"n":57088}}
{"sessionId":"0173da","runId":"post-fix","timestamp":1783913472764,"hypothesisId":"L2","location":"dataplane_local.c:encrypt_to_wan","message":"split_l2_enter","data":{"plain_len":1514,"mode":1,"frag_meta":35,"mtu":1500,"n":57344}}
{"sessionId":"0173da","runId":"post-fix","timestamp":1783913472764,"hypothesisId":"L2","location":"dataplane_local.c:encrypt_to_wan","message":"split_l2_ok","data":{"frag0_wire":1500,"frag1_wire":98,"n":57344}}
{"sessionId":"0173da","runId":"post-fix","timestamp":1783913472766,"hypothesisId":"L2","location":"dataplane_wan.c:decrypt_wan","message":"l2_full_decrypt_ok","data":{"wire_len":96,"plain_len":66,"n":12800}}
{"sessionId":"0173da","runId":"post-fix","timestamp":1783913472766,"hypothesisId":"L2","location":"dataplane_wan.c:dataplane_process_wan","message":"wan_l2_forward_ok","data":{"wire_in":96,"plain_len":66,"n":12800}}
{"sessionId":"0173da","runId":"post-fix","timestamp":1783913472766,"hypothesisId":"L2","location":"dataplane_local.c:encrypt_to_wan","message":"split_l2_enter","data":{"plain_len":1514,"mode":1,"frag_meta":35,"mtu":1500,"n":57600}}
{"sessionId":"0173da","runId":"post-fix","timestamp":1783913472767,"hypothesisId":"L2","location":"dataplane_local.c:encrypt_to_wan","message":"split_l2_ok","data":{"frag0_wire":1500,"frag1_wire":98,"n":57600}}
{"sessionId":"0173da","runId":"post-fix","timestamp":1783913472770,"hypothesisId":"L2","location":"dataplane_local.c:encrypt_to_wan","message":"split_l2_enter","data":{"plain_len":1514,"mode":1,"frag_meta":35,"mtu":1500,"n":57856}}
{"sessionId":"0173da","runId":"post-fix","timestamp":1783913472770,"hypothesisId":"L2","location":"dataplane_local.c:encrypt_to_wan","message":"split_l2_ok","data":{"frag0_wire":1500,"frag1_wire":98,"n":57856}}
{"sessionId":"0173da","runId":"post-fix","timestamp":1783913472776,"hypothesisId":"L2","location":"dataplane_local.c:encrypt_to_wan","message":"split_l2_enter","data":{"plain_len":1514,"mode":1,"frag_meta":35,"mtu":1500,"n":58112}}
{"sessionId":"0173da","runId":"post-fix","timestamp":1783913472776,"hypothesisId":"L2","location":"dataplane_local.c:encrypt_to_wan","message":"split_l2_ok","data":{"frag0_wire":1500,"frag1_wire":98,"n":58112}}
{"sessionId":"0173da","runId":"post-fix","timestamp":1783913472780,"hypothesisId":"L2","location":"dataplane_local.c:encrypt_to_wan","message":"split_l2_enter","data":{"plain_len":1514,"mode":1,"frag_meta":35,"mtu":1500,"n":58368}}
{"sessionId":"0173da","runId":"post-fix","timestamp":1783913472780,"hypothesisId":"L2","location":"dataplane_local.c:encrypt_to_wan","message":"split_l2_ok","data":{"frag0_wire":1500,"frag1_wire":98,"n":58368}}
{"sessionId":"0173da","runId":"post-fix","timestamp":1783913472783,"hypothesisId":"L2","location":"dataplane_local.c:encrypt_to_wan","message":"split_l2_enter","data":{"plain_len":1514,"mode":1,"frag_meta":35,"mtu":1500,"n":58624}}
{"sessionId":"0173da","runId":"post-fix","timestamp":1783913472783,"hypothesisId":"L2","location":"dataplane_local.c:encrypt_to_wan","message":"split_l2_ok","data":{"frag0_wire":1500,"frag1_wire":98,"n":58624}}
{"sessionId":"0173da","runId":"post-fix","timestamp":1783913472787,"hypothesisId":"L2","location":"dataplane_local.c:encrypt_to_wan","message":"split_l2_enter","data":{"plain_len":1514,"mode":1,"frag_meta":35,"mtu":1500,"n":58880}}
{"sessionId":"0173da","runId":"post-fix","timestamp":1783913472787,"hypothesisId":"L2","location":"dataplane_local.c:encrypt_to_wan","message":"split_l2_ok","data":{"frag0_wire":1500,"frag1_wire":98,"n":58880}}
{"sessionId":"0173da","runId":"post-fix","timestamp":1783913472791,"hypothesisId":"L2","location":"dataplane_local.c:encrypt_to_wan","message":"split_l2_enter","data":{"plain_len":1514,"mode":1,"frag_meta":35,"mtu":1500,"n":59136}}
{"sessionId":"0173da","runId":"post-fix","timestamp":1783913472791,"hypothesisId":"L2","location":"dataplane_local.c:encrypt_to_wan","message":"split_l2_ok","data":{"frag0_wire":1500,"frag1_wire":98,"n":59136}}
{"sessionId":"0173da","runId":"post-fix","timestamp":1783913472794,"hypothesisId":"L2","location":"dataplane_local.c:encrypt_to_wan","message":"split_l2_enter","data":{"plain_len":1514,"mode":1,"frag_meta":35,"mtu":1500,"n":59392}}
{"sessionId":"0173da","runId":"post-fix","timestamp":1783913472794,"hypothesisId":"L2","location":"dataplane_local.c:encrypt_to_wan","message":"split_l2_ok","data":{"frag0_wire":1500,"frag1_wire":98,"n":59392}}
{"sessionId":"0173da","runId":"post-fix","timestamp":1783913472799,"hypothesisId":"L2","location":"dataplane_local.c:encrypt_to_wan","message":"split_l2_enter","data":{"plain_len":1514,"mode":1,"frag_meta":35,"mtu":1500,"n":59648}}
{"sessionId":"0173da","runId":"post-fix","timestamp":1783913472799,"hypothesisId":"L2","location":"dataplane_local.c:encrypt_to_wan","message":"split_l2_ok","data":{"frag0_wire":1500,"frag1_wire":98,"n":59648}}
{"sessionId":"0173da","runId":"post-fix","timestamp":1783913472807,"hypothesisId":"L2","location":"dataplane_local.c:encrypt_to_wan","message":"split_l2_enter","data":{"plain_len":1514,"mode":1,"frag_meta":35,"mtu":1500,"n":59904}}
{"sessionId":"0173da","runId":"post-fix","timestamp":1783913472807,"hypothesisId":"L2","location":"dataplane_local.c:encrypt_to_wan","message":"split_l2_ok","data":{"frag0_wire":1500,"frag1_wire":98,"n":59904}}
{"sessionId":"0173da","runId":"post-fix","timestamp":1783913472814,"hypothesisId":"L2","location":"dataplane_local.c:encrypt_to_wan","message":"split_l2_enter","data":{"plain_len":1514,"mode":1,"frag_meta":35,"mtu":1500,"n":60160}}
{"sessionId":"0173da","runId":"post-fix","timestamp":1783913472814,"hypothesisId":"L2","location":"dataplane_local.c:encrypt_to_wan","message":"split_l2_ok","data":{"frag0_wire":1500,"frag1_wire":98,"n":60160}}
{"sessionId":"0173da","runId":"post-fix","timestamp":1783913472820,"hypothesisId":"L2","location":"dataplane_local.c:encrypt_to_wan","message":"split_l2_enter","data":{"plain_len":1514,"mode":1,"frag_meta":35,"mtu":1500,"n":60416}}
{"sessionId":"0173da","runId":"post-fix","timestamp":1783913472821,"hypothesisId":"L2","location":"dataplane_local.c:encrypt_to_wan","message":"split_l2_ok","data":{"frag0_wire":1500,"frag1_wire":98,"n":60416}}
{"sessionId":"0173da","runId":"post-fix","timestamp":1783913472825,"hypothesisId":"L2","location":"dataplane_local.c:encrypt_to_wan","message":"split_l2_enter","data":{"plain_len":1514,"mode":1,"frag_meta":35,"mtu":1500,"n":60672}}
{"sessionId":"0173da","runId":"post-fix","timestamp":1783913472825,"hypothesisId":"L2","location":"dataplane_local.c:encrypt_to_wan","message":"split_l2_ok","data":{"frag0_wire":1500,"frag1_wire":98,"n":60672}}
{"sessionId":"0173da","runId":"post-fix","timestamp":1783913472827,"hypothesisId":"L2","location":"dataplane_local.c:encrypt_to_wan","message":"split_l2_enter","data":{"plain_len":1514,"mode":1,"frag_meta":35,"mtu":1500,"n":60928}}
{"sessionId":"0173da","runId":"post-fix","timestamp":1783913472827,"hypothesisId":"L2","location":"dataplane_local.c:encrypt_to_wan","message":"split_l2_ok","data":{"frag0_wire":1500,"frag1_wire":98,"n":60928}}
{"sessionId":"0173da","runId":"post-fix","timestamp":1783913472833,"hypothesisId":"L2","location":"dataplane_local.c:encrypt_to_wan","message":"split_l2_enter","data":{"plain_len":1514,"mode":1,"frag_meta":35,"mtu":1500,"n":61184}}
{"sessionId":"0173da","runId":"post-fix","timestamp":1783913472833,"hypothesisId":"L2","location":"dataplane_local.c:encrypt_to_wan","message":"split_l2_ok","data":{"frag0_wire":1500,"frag1_wire":98,"n":61184}}
{"sessionId":"0173da","runId":"post-fix","timestamp":1783913472838,"hypothesisId":"L2","location":"dataplane_local.c:encrypt_to_wan","message":"split_l2_enter","data":{"plain_len":1514,"mode":1,"frag_meta":35,"mtu":1500,"n":61440}}
{"sessionId":"0173da","runId":"post-fix","timestamp":1783913472838,"hypothesisId":"L2","location":"dataplane_local.c:encrypt_to_wan","message":"split_l2_ok","data":{"frag0_wire":1500,"frag1_wire":98,"n":61440}}
{"sessionId":"0173da","runId":"post-fix","timestamp":1783913472847,"hypothesisId":"L2","location":"dataplane_local.c:encrypt_to_wan","message":"split_l2_enter","data":{"plain_len":1514,"mode":1,"frag_meta":35,"mtu":1500,"n":61696}}
{"sessionId":"0173da","runId":"post-fix","timestamp":1783913472847,"hypothesisId":"L2","location":"dataplane_local.c:encrypt_to_wan","message":"split_l2_ok","data":{"frag0_wire":1500,"frag1_wire":98,"n":61696}}
{"sessionId":"0173da","runId":"post-fix","timestamp":1783913472853,"hypothesisId":"L2","location":"dataplane_local.c:encrypt_to_wan","message":"split_l2_enter","data":{"plain_len":1514,"mode":1,"frag_meta":35,"mtu":1500,"n":61952}}
{"sessionId":"0173da","runId":"post-fix","timestamp":1783913472853,"hypothesisId":"L2","location":"dataplane_local.c:encrypt_to_wan","message":"split_l2_ok","data":{"frag0_wire":1500,"frag1_wire":98,"n":61952}}
{"sessionId":"0173da","runId":"post-fix","timestamp":1783913472858,"hypothesisId":"L2","location":"dataplane_local.c:encrypt_to_wan","message":"split_l2_enter","data":{"plain_len":1514,"mode":1,"frag_meta":35,"mtu":1500,"n":62208}}
{"sessionId":"0173da","runId":"post-fix","timestamp":1783913472858,"hypothesisId":"L2","location":"dataplane_local.c:encrypt_to_wan","message":"split_l2_ok","data":{"frag0_wire":1500,"frag1_wire":98,"n":62208}}
{"sessionId":"0173da","runId":"post-fix","timestamp":1783913472862,"hypothesisId":"L2","location":"dataplane_local.c:encrypt_to_wan","message":"split_l2_enter","data":{"plain_len":1514,"mode":1,"frag_meta":35,"mtu":1500,"n":62464}}
{"sessionId":"0173da","runId":"post-fix","timestamp":1783913472862,"hypothesisId":"L2","location":"dataplane_local.c:encrypt_to_wan","message":"split_l2_ok","data":{"frag0_wire":1500,"frag1_wire":98,"n":62464}}
{"sessionId":"0173da","runId":"post-fix","timestamp":1783913472866,"hypothesisId":"L2","location":"dataplane_local.c:encrypt_to_wan","message":"split_l2_enter","data":{"plain_len":1514,"mode":1,"frag_meta":35,"mtu":1500,"n":62720}}
{"sessionId":"0173da","runId":"post-fix","timestamp":1783913472866,"hypothesisId":"L2","location":"dataplane_local.c:encrypt_to_wan","message":"split_l2_ok","data":{"frag0_wire":1500,"frag1_wire":98,"n":62720}}
{"sessionId":"0173da","runId":"post-fix","timestamp":1783913472869,"hypothesisId":"L2","location":"dataplane_local.c:encrypt_to_wan","message":"split_l2_enter","data":{"plain_len":1514,"mode":1,"frag_meta":35,"mtu":1500,"n":62976}}
{"sessionId":"0173da","runId":"post-fix","timestamp":1783913472869,"hypothesisId":"L2","location":"dataplane_local.c:encrypt_to_wan","message":"split_l2_ok","data":{"frag0_wire":1500,"frag1_wire":98,"n":62976}}
{"sessionId":"0173da","runId":"post-fix","timestamp":1783913472874,"hypothesisId":"L2","location":"dataplane_local.c:encrypt_to_wan","message":"split_l2_enter","data":{"plain_len":1514,"mode":1,"frag_meta":35,"mtu":1500,"n":63232}}
{"sessionId":"0173da","runId":"post-fix","timestamp":1783913472874,"hypothesisId":"L2","location":"dataplane_local.c:encrypt_to_wan","message":"split_l2_ok","data":{"frag0_wire":1500,"frag1_wire":98,"n":63232}}
{"sessionId":"0173da","runId":"post-fix","timestamp":1783913472880,"hypothesisId":"L2","location":"dataplane_local.c:encrypt_to_wan","message":"split_l2_enter","data":{"plain_len":1514,"mode":1,"frag_meta":35,"mtu":1500,"n":63488}}
{"sessionId":"0173da","runId":"post-fix","timestamp":1783913472880,"hypothesisId":"L2","location":"dataplane_local.c:encrypt_to_wan","message":"split_l2_ok","data":{"frag0_wire":1500,"frag1_wire":98,"n":63488}}
{"sessionId":"0173da","runId":"post-fix","timestamp":1783913472888,"hypothesisId":"L2","location":"dataplane_local.c:encrypt_to_wan","message":"split_l2_enter","data":{"plain_len":1514,"mode":1,"frag_meta":35,"mtu":1500,"n":63744}}
{"sessionId":"0173da","runId":"post-fix","timestamp":1783913472888,"hypothesisId":"L2","location":"dataplane_wan.c:dataplane_process_wan","message":"wan_l2_forward_ok","data":{"wire_in":108,"plain_len":78,"n":13312}}
{"sessionId":"0173da","runId":"post-fix","timestamp":1783913472888,"hypothesisId":"L2","location":"dataplane_local.c:encrypt_to_wan","message":"split_l2_ok","data":{"frag0_wire":1500,"frag1_wire":98,"n":63744}}
{"sessionId":"0173da","runId":"post-fix","timestamp":1783913472888,"hypothesisId":"L2","location":"dataplane_wan.c:decrypt_wan","message":"l2_full_decrypt_ok","data":{"wire_len":108,"plain_len":78,"n":13312}}
{"sessionId":"0173da","runId":"post-fix","timestamp":1783913472891,"hypothesisId":"L2","location":"dataplane_local.c:encrypt_to_wan","message":"split_l2_enter","data":{"plain_len":1507,"mode":1,"frag_meta":35,"mtu":1500,"n":64000}}
{"sessionId":"0173da","runId":"post-fix","timestamp":1783913472891,"hypothesisId":"L2","location":"dataplane_local.c:encrypt_to_wan","message":"split_l2_ok","data":{"frag0_wire":1500,"frag1_wire":91,"n":64000}}
{"sessionId":"0173da","runId":"post-fix","timestamp":1783913472893,"hypothesisId":"L2","location":"dataplane_local.c:encrypt_to_wan","message":"split_l2_enter","data":{"plain_len":1514,"mode":1,"frag_meta":35,"mtu":1500,"n":64256}}
{"sessionId":"0173da","runId":"post-fix","timestamp":1783913472893,"hypothesisId":"L2","location":"dataplane_local.c:encrypt_to_wan","message":"split_l2_ok","data":{"frag0_wire":1500,"frag1_wire":98,"n":64256}}
{"sessionId":"0173da","runId":"post-fix","timestamp":1783913472898,"hypothesisId":"L2","location":"dataplane_local.c:encrypt_to_wan","message":"split_l2_enter","data":{"plain_len":1514,"mode":1,"frag_meta":35,"mtu":1500,"n":64512}}
{"sessionId":"0173da","runId":"post-fix","timestamp":1783913472898,"hypothesisId":"L2","location":"dataplane_local.c:encrypt_to_wan","message":"split_l2_ok","data":{"frag0_wire":1500,"frag1_wire":98,"n":64512}}
{"sessionId":"0173da","runId":"post-fix","timestamp":1783913472902,"hypothesisId":"L2","location":"dataplane_local.c:encrypt_to_wan","message":"split_l2_enter","data":{"plain_len":1514,"mode":1,"frag_meta":35,"mtu":1500,"n":64768}}
{"sessionId":"0173da","runId":"post-fix","timestamp":1783913472902,"hypothesisId":"L2","location":"dataplane_local.c:encrypt_to_wan","message":"split_l2_ok","data":{"frag0_wire":1500,"frag1_wire":98,"n":64768}}
{"sessionId":"0173da","runId":"post-fix","timestamp":1783913472908,"hypothesisId":"L2","location":"dataplane_local.c:encrypt_to_wan","message":"split_l2_enter","data":{"plain_len":1514,"mode":1,"frag_meta":35,"mtu":1500,"n":65024}}
{"sessionId":"0173da","runId":"post-fix","timestamp":1783913472908,"hypothesisId":"L2","location":"dataplane_local.c:encrypt_to_wan","message":"split_l2_ok","data":{"frag0_wire":1500,"frag1_wire":98,"n":65024}}
{"sessionId":"0173da","runId":"post-fix","timestamp":1783913472914,"hypothesisId":"L2","location":"dataplane_local.c:encrypt_to_wan","message":"split_l2_enter","data":{"plain_len":1514,"mode":1,"frag_meta":35,"mtu":1500,"n":65280}}
{"sessionId":"0173da","runId":"post-fix","timestamp":1783913472914,"hypothesisId":"L2","location":"dataplane_local.c:encrypt_to_wan","message":"split_l2_ok","data":{"frag0_wire":1500,"frag1_wire":98,"n":65280}}
{"sessionId":"0173da","runId":"post-fix","timestamp":1783913472921,"hypothesisId":"L2","location":"dataplane_local.c:encrypt_to_wan","message":"split_l2_enter","data":{"plain_len":1507,"mode":1,"frag_meta":35,"mtu":1500,"n":65536}}
{"sessionId":"0173da","runId":"post-fix","timestamp":1783913472921,"hypothesisId":"L2","location":"dataplane_local.c:encrypt_to_wan","message":"split_l2_ok","data":{"frag0_wire":1500,"frag1_wire":91,"n":65536}}
{"sessionId":"0173da","runId":"post-fix","timestamp":1783913472928,"hypothesisId":"L2","location":"dataplane_local.c:encrypt_to_wan","message":"split_l2_enter","data":{"plain_len":1514,"mode":1,"frag_meta":35,"mtu":1500,"n":65792}}
{"sessionId":"0173da","runId":"post-fix","timestamp":1783913472928,"hypothesisId":"L2","location":"dataplane_local.c:encrypt_to_wan","message":"split_l2_ok","data":{"frag0_wire":1500,"frag1_wire":98,"n":65792}}
{"sessionId":"0173da","runId":"post-fix","timestamp":1783913472933,"hypothesisId":"L2","location":"dataplane_local.c:encrypt_to_wan","message":"split_l2_enter","data":{"plain_len":1514,"mode":1,"frag_meta":35,"mtu":1500,"n":66048}}
{"sessionId":"0173da","runId":"post-fix","timestamp":1783913472933,"hypothesisId":"L2","location":"dataplane_local.c:encrypt_to_wan","message":"split_l2_ok","data":{"frag0_wire":1500,"frag1_wire":98,"n":66048}}
{"sessionId":"0173da","runId":"post-fix","timestamp":1783913472936,"hypothesisId":"L2","location":"dataplane_local.c:encrypt_to_wan","message":"split_l2_enter","data":{"plain_len":1514,"mode":1,"frag_meta":35,"mtu":1500,"n":66304}}
{"sessionId":"0173da","runId":"post-fix","timestamp":1783913472936,"hypothesisId":"L2","location":"dataplane_local.c:encrypt_to_wan","message":"split_l2_ok","data":{"frag0_wire":1500,"frag1_wire":98,"n":66304}}
{"sessionId":"0173da","runId":"post-fix","timestamp":1783913472941,"hypothesisId":"L2","location":"dataplane_local.c:encrypt_to_wan","message":"split_l2_enter","data":{"plain_len":1514,"mode":1,"frag_meta":35,"mtu":1500,"n":66560}}
{"sessionId":"0173da","runId":"post-fix","timestamp":1783913472941,"hypothesisId":"L2","location":"dataplane_local.c:encrypt_to_wan","message":"split_l2_ok","data":{"frag0_wire":1500,"frag1_wire":98,"n":66560}}
{"sessionId":"0173da","runId":"post-fix","timestamp":1783913472949,"hypothesisId":"L2","location":"dataplane_local.c:encrypt_to_wan","message":"split_l2_enter","data":{"plain_len":1514,"mode":1,"frag_meta":35,"mtu":1500,"n":66816}}
{"sessionId":"0173da","runId":"post-fix","timestamp":1783913472949,"hypothesisId":"L2","location":"dataplane_local.c:encrypt_to_wan","message":"split_l2_ok","data":{"frag0_wire":1500,"frag1_wire":98,"n":66816}}
{"sessionId":"0173da","runId":"post-fix","timestamp":1783913472957,"hypothesisId":"L2","location":"dataplane_local.c:encrypt_to_wan","message":"split_l2_enter","data":{"plain_len":1514,"mode":1,"frag_meta":35,"mtu":1500,"n":67072}}
{"sessionId":"0173da","runId":"post-fix","timestamp":1783913472957,"hypothesisId":"L2","location":"dataplane_local.c:encrypt_to_wan","message":"split_l2_ok","data":{"frag0_wire":1500,"frag1_wire":98,"n":67072}}
{"sessionId":"0173da","runId":"post-fix","timestamp":1783913472960,"hypothesisId":"L2","location":"dataplane_local.c:encrypt_to_wan","message":"split_l2_enter","data":{"plain_len":1514,"mode":1,"frag_meta":35,"mtu":1500,"n":67328}}
{"sessionId":"0173da","runId":"post-fix","timestamp":1783913472960,"hypothesisId":"L2","location":"dataplane_local.c:encrypt_to_wan","message":"split_l2_ok","data":{"frag0_wire":1500,"frag1_wire":98,"n":67328}}
{"sessionId":"0173da","runId":"post-fix","timestamp":1783913472967,"hypothesisId":"L2","location":"dataplane_local.c:encrypt_to_wan","message":"split_l2_enter","data":{"plain_len":1514,"mode":1,"frag_meta":35,"mtu":1500,"n":67584}}
{"sessionId":"0173da","runId":"post-fix","timestamp":1783913472967,"hypothesisId":"L2","location":"dataplane_local.c:encrypt_to_wan","message":"split_l2_ok","data":{"frag0_wire":1500,"frag1_wire":98,"n":67584}}
{"sessionId":"0173da","runId":"post-fix","timestamp":1783913472975,"hypothesisId":"L2","location":"dataplane_local.c:encrypt_to_wan","message":"split_l2_enter","data":{"plain_len":1507,"mode":1,"frag_meta":35,"mtu":1500,"n":67840}}
{"sessionId":"0173da","runId":"post-fix","timestamp":1783913472975,"hypothesisId":"L2","location":"dataplane_local.c:encrypt_to_wan","message":"split_l2_ok","data":{"frag0_wire":1500,"frag1_wire":91,"n":67840}}
{"sessionId":"0173da","runId":"post-fix","timestamp":1783913472977,"hypothesisId":"L2","location":"dataplane_local.c:encrypt_to_wan","message":"split_l2_enter","data":{"plain_len":1514,"mode":1,"frag_meta":35,"mtu":1500,"n":68096}}
{"sessionId":"0173da","runId":"post-fix","timestamp":1783913472977,"hypothesisId":"L2","location":"dataplane_local.c:encrypt_to_wan","message":"split_l2_ok","data":{"frag0_wire":1500,"frag1_wire":98,"n":68096}}
{"sessionId":"0173da","runId":"post-fix","timestamp":1783913472986,"hypothesisId":"L2","location":"dataplane_local.c:encrypt_to_wan","message":"split_l2_enter","data":{"plain_len":1514,"mode":1,"frag_meta":35,"mtu":1500,"n":68352}}
{"sessionId":"0173da","runId":"post-fix","timestamp":1783913472986,"hypothesisId":"L2","location":"dataplane_local.c:encrypt_to_wan","message":"split_l2_ok","data":{"frag0_wire":1500,"frag1_wire":98,"n":68352}}
{"sessionId":"0173da","runId":"post-fix","timestamp":1783913472996,"hypothesisId":"L2","location":"dataplane_local.c:encrypt_to_wan","message":"split_l2_enter","data":{"plain_len":1514,"mode":1,"frag_meta":35,"mtu":1500,"n":68608}}
{"sessionId":"0173da","runId":"post-fix","timestamp":1783913472996,"hypothesisId":"L2","location":"dataplane_local.c:encrypt_to_wan","message":"split_l2_ok","data":{"frag0_wire":1500,"frag1_wire":98,"n":68608}}
{"sessionId":"0173da","runId":"post-fix","timestamp":1783913473003,"hypothesisId":"L2","location":"dataplane_local.c:encrypt_to_wan","message":"split_l2_enter","data":{"plain_len":1514,"mode":1,"frag_meta":35,"mtu":1500,"n":68864}}
{"sessionId":"0173da","runId":"post-fix","timestamp":1783913473003,"hypothesisId":"L2","location":"dataplane_local.c:encrypt_to_wan","message":"split_l2_ok","data":{"frag0_wire":1500,"frag1_wire":98,"n":68864}}
{"sessionId":"0173da","runId":"post-fix","timestamp":1783913473012,"hypothesisId":"L2","location":"dataplane_local.c:encrypt_to_wan","message":"split_l2_enter","data":{"plain_len":1514,"mode":1,"frag_meta":35,"mtu":1500,"n":69120}}
{"sessionId":"0173da","runId":"post-fix","timestamp":1783913473012,"hypothesisId":"L2","location":"dataplane_local.c:encrypt_to_wan","message":"split_l2_ok","data":{"frag0_wire":1500,"frag1_wire":98,"n":69120}}
{"sessionId":"0173da","runId":"post-fix","timestamp":1783913473020,"hypothesisId":"L2","location":"dataplane_local.c:encrypt_to_wan","message":"split_l2_enter","data":{"plain_len":1514,"mode":1,"frag_meta":35,"mtu":1500,"n":69376}}
{"sessionId":"0173da","runId":"post-fix","timestamp":1783913473020,"hypothesisId":"L2","location":"dataplane_local.c:encrypt_to_wan","message":"split_l2_ok","data":{"frag0_wire":1500,"frag1_wire":98,"n":69376}}
{"sessionId":"0173da","runId":"post-fix","timestamp":1783913473027,"hypothesisId":"L2","location":"dataplane_local.c:encrypt_to_wan","message":"split_l2_enter","data":{"plain_len":1514,"mode":1,"frag_meta":35,"mtu":1500,"n":69632}}
{"sessionId":"0173da","runId":"post-fix","timestamp":1783913473027,"hypothesisId":"L2","location":"dataplane_local.c:encrypt_to_wan","message":"split_l2_ok","data":{"frag0_wire":1500,"frag1_wire":98,"n":69632}}
{"sessionId":"0173da","runId":"post-fix","timestamp":1783913473036,"hypothesisId":"L2","location":"dataplane_wan.c:decrypt_wan","message":"l2_full_decrypt_ok","data":{"wire_len":96,"plain_len":66,"n":13824}}
{"sessionId":"0173da","runId":"post-fix","timestamp":1783913473036,"hypothesisId":"L2","location":"dataplane_wan.c:dataplane_process_wan","message":"wan_l2_forward_ok","data":{"wire_in":96,"plain_len":66,"n":13824}}
{"sessionId":"0173da","runId":"post-fix","timestamp":1783913473038,"hypothesisId":"L2","location":"dataplane_local.c:encrypt_to_wan","message":"split_l2_enter","data":{"plain_len":1514,"mode":1,"frag_meta":35,"mtu":1500,"n":69888}}
{"sessionId":"0173da","runId":"post-fix","timestamp":1783913473038,"hypothesisId":"L2","location":"dataplane_local.c:encrypt_to_wan","message":"split_l2_ok","data":{"frag0_wire":1500,"frag1_wire":98,"n":69888}}
{"sessionId":"0173da","runId":"post-fix","timestamp":1783913473045,"hypothesisId":"L2","location":"dataplane_local.c:encrypt_to_wan","message":"split_l2_enter","data":{"plain_len":1514,"mode":1,"frag_meta":35,"mtu":1500,"n":70144}}
{"sessionId":"0173da","runId":"post-fix","timestamp":1783913473045,"hypothesisId":"L2","location":"dataplane_local.c:encrypt_to_wan","message":"split_l2_ok","data":{"frag0_wire":1500,"frag1_wire":98,"n":70144}}
{"sessionId":"0173da","runId":"post-fix","timestamp":1783913473053,"hypothesisId":"L2","location":"dataplane_local.c:encrypt_to_wan","message":"split_l2_enter","data":{"plain_len":1514,"mode":1,"frag_meta":35,"mtu":1500,"n":70400}}
{"sessionId":"0173da","runId":"post-fix","timestamp":1783913473054,"hypothesisId":"L2","location":"dataplane_local.c:encrypt_to_wan","message":"split_l2_ok","data":{"frag0_wire":1500,"frag1_wire":98,"n":70400}}
{"sessionId":"0173da","runId":"post-fix","timestamp":1783913473066,"hypothesisId":"L2","location":"dataplane_local.c:encrypt_to_wan","message":"split_l2_enter","data":{"plain_len":1514,"mode":1,"frag_meta":35,"mtu":1500,"n":70656}}
{"sessionId":"0173da","runId":"post-fix","timestamp":1783913473066,"hypothesisId":"L2","location":"dataplane_local.c:encrypt_to_wan","message":"split_l2_ok","data":{"frag0_wire":1500,"frag1_wire":98,"n":70656}}
{"sessionId":"0173da","runId":"post-fix","timestamp":1783913473073,"hypothesisId":"L2","location":"dataplane_local.c:encrypt_to_wan","message":"split_l2_enter","data":{"plain_len":1514,"mode":1,"frag_meta":35,"mtu":1500,"n":70912}}
{"sessionId":"0173da","runId":"post-fix","timestamp":1783913473073,"hypothesisId":"L2","location":"dataplane_local.c:encrypt_to_wan","message":"split_l2_ok","data":{"frag0_wire":1500,"frag1_wire":98,"n":70912}}
{"sessionId":"0173da","runId":"post-fix","timestamp":1783913473086,"hypothesisId":"L2","location":"dataplane_local.c:encrypt_to_wan","message":"split_l2_enter","data":{"plain_len":1514,"mode":1,"frag_meta":35,"mtu":1500,"n":71168}}
{"sessionId":"0173da","runId":"post-fix","timestamp":1783913473086,"hypothesisId":"L2","location":"dataplane_local.c:encrypt_to_wan","message":"split_l2_ok","data":{"frag0_wire":1500,"frag1_wire":98,"n":71168}}
{"sessionId":"0173da","runId":"post-fix","timestamp":1783913473089,"hypothesisId":"L2","location":"dataplane_local.c:encrypt_to_wan","message":"split_l2_enter","data":{"plain_len":1514,"mode":1,"frag_meta":35,"mtu":1500,"n":71424}}
{"sessionId":"0173da","runId":"post-fix","timestamp":1783913473089,"hypothesisId":"L2","location":"dataplane_local.c:encrypt_to_wan","message":"split_l2_ok","data":{"frag0_wire":1500,"frag1_wire":98,"n":71424}}
{"sessionId":"0173da","runId":"post-fix","timestamp":1783913473095,"hypothesisId":"L2","location":"dataplane_local.c:encrypt_to_wan","message":"split_l2_enter","data":{"plain_len":1514,"mode":1,"frag_meta":35,"mtu":1500,"n":71680}}
{"sessionId":"0173da","runId":"post-fix","timestamp":1783913473096,"hypothesisId":"L2","location":"dataplane_local.c:encrypt_to_wan","message":"split_l2_ok","data":{"frag0_wire":1500,"frag1_wire":98,"n":71680}}
{"sessionId":"0173da","runId":"post-fix","timestamp":1783913473109,"hypothesisId":"L2","location":"dataplane_local.c:encrypt_to_wan","message":"split_l2_enter","data":{"plain_len":1514,"mode":1,"frag_meta":35,"mtu":1500,"n":71936}}
{"sessionId":"0173da","runId":"post-fix","timestamp":1783913473109,"hypothesisId":"L2","location":"dataplane_local.c:encrypt_to_wan","message":"split_l2_ok","data":{"frag0_wire":1500,"frag1_wire":98,"n":71936}}
{"sessionId":"0173da","runId":"post-fix","timestamp":1783913473123,"hypothesisId":"L2","location":"dataplane_local.c:encrypt_to_wan","message":"split_l2_enter","data":{"plain_len":1514,"mode":1,"frag_meta":35,"mtu":1500,"n":72192}}
{"sessionId":"0173da","runId":"post-fix","timestamp":1783913473123,"hypothesisId":"L2","location":"dataplane_local.c:encrypt_to_wan","message":"split_l2_ok","data":{"frag0_wire":1500,"frag1_wire":98,"n":72192}}
{"sessionId":"0173da","runId":"post-fix","timestamp":1783913473133,"hypothesisId":"L2","location":"dataplane_local.c:encrypt_to_wan","message":"split_l2_enter","data":{"plain_len":1514,"mode":1,"frag_meta":35,"mtu":1500,"n":72448}}
{"sessionId":"0173da","runId":"post-fix","timestamp":1783913473133,"hypothesisId":"L2","location":"dataplane_local.c:encrypt_to_wan","message":"split_l2_ok","data":{"frag0_wire":1500,"frag1_wire":98,"n":72448}}
{"sessionId":"0173da","runId":"post-fix","timestamp":1783913473138,"hypothesisId":"L2","location":"dataplane_local.c:encrypt_to_wan","message":"split_l2_enter","data":{"plain_len":1507,"mode":1,"frag_meta":35,"mtu":1500,"n":72704}}
{"sessionId":"0173da","runId":"post-fix","timestamp":1783913473138,"hypothesisId":"L2","location":"dataplane_local.c:encrypt_to_wan","message":"split_l2_ok","data":{"frag0_wire":1500,"frag1_wire":91,"n":72704}}
{"sessionId":"0173da","runId":"post-fix","timestamp":1783913473152,"hypothesisId":"L2","location":"dataplane_local.c:encrypt_to_wan","message":"split_l2_enter","data":{"plain_len":1514,"mode":1,"frag_meta":35,"mtu":1500,"n":72960}}
{"sessionId":"0173da","runId":"post-fix","timestamp":1783913473152,"hypothesisId":"L2","location":"dataplane_local.c:encrypt_to_wan","message":"split_l2_ok","data":{"frag0_wire":1500,"frag1_wire":98,"n":72960}}
{"sessionId":"0173da","runId":"post-fix","timestamp":1783913473169,"hypothesisId":"L2","location":"dataplane_local.c:encrypt_to_wan","message":"split_l2_enter","data":{"plain_len":1514,"mode":1,"frag_meta":35,"mtu":1500,"n":73216}}
{"sessionId":"0173da","runId":"post-fix","timestamp":1783913473169,"hypothesisId":"L2","location":"dataplane_local.c:encrypt_to_wan","message":"split_l2_ok","data":{"frag0_wire":1500,"frag1_wire":98,"n":73216}}
{"sessionId":"0173da","runId":"post-fix","timestamp":1783913473177,"hypothesisId":"L2","location":"dataplane_local.c:encrypt_to_wan","message":"split_l2_enter","data":{"plain_len":1514,"mode":1,"frag_meta":35,"mtu":1500,"n":73472}}
{"sessionId":"0173da","runId":"post-fix","timestamp":1783913473177,"hypothesisId":"L2","location":"dataplane_local.c:encrypt_to_wan","message":"split_l2_ok","data":{"frag0_wire":1500,"frag1_wire":98,"n":73472}}
{"sessionId":"0173da","runId":"post-fix","timestamp":1783913473190,"hypothesisId":"L2","location":"dataplane_local.c:encrypt_to_wan","message":"split_l2_enter","data":{"plain_len":1514,"mode":1,"frag_meta":35,"mtu":1500,"n":73728}}
{"sessionId":"0173da","runId":"post-fix","timestamp":1783913473190,"hypothesisId":"L2","location":"dataplane_local.c:encrypt_to_wan","message":"split_l2_ok","data":{"frag0_wire":1500,"frag1_wire":98,"n":73728}}
{"sessionId":"0173da","runId":"post-fix","timestamp":1783913473203,"hypothesisId":"L2","location":"dataplane_local.c:encrypt_to_wan","message":"split_l2_enter","data":{"plain_len":1514,"mode":1,"frag_meta":35,"mtu":1500,"n":73984}}
{"sessionId":"0173da","runId":"post-fix","timestamp":1783913473203,"hypothesisId":"L2","location":"dataplane_local.c:encrypt_to_wan","message":"split_l2_ok","data":{"frag0_wire":1500,"frag1_wire":98,"n":73984}}
{"sessionId":"0173da","runId":"post-fix","timestamp":1783913473213,"hypothesisId":"L2","location":"dataplane_local.c:encrypt_to_wan","message":"split_l2_enter","data":{"plain_len":1514,"mode":1,"frag_meta":35,"mtu":1500,"n":74240}}
{"sessionId":"0173da","runId":"post-fix","timestamp":1783913473213,"hypothesisId":"L2","location":"dataplane_local.c:encrypt_to_wan","message":"split_l2_ok","data":{"frag0_wire":1500,"frag1_wire":98,"n":74240}}
{"sessionId":"0173da","runId":"post-fix","timestamp":1783913473229,"hypothesisId":"L2","location":"dataplane_local.c:encrypt_to_wan","message":"split_l2_enter","data":{"plain_len":1514,"mode":1,"frag_meta":35,"mtu":1500,"n":74496}}
{"sessionId":"0173da","runId":"post-fix","timestamp":1783913473229,"hypothesisId":"L2","location":"dataplane_local.c:encrypt_to_wan","message":"split_l2_ok","data":{"frag0_wire":1500,"frag1_wire":98,"n":74496}}
{"sessionId":"0173da","runId":"post-fix","timestamp":1783913473243,"hypothesisId":"L2","location":"dataplane_local.c:encrypt_to_wan","message":"split_l2_enter","data":{"plain_len":1514,"mode":1,"frag_meta":35,"mtu":1500,"n":74752}}
{"sessionId":"0173da","runId":"post-fix","timestamp":1783913473243,"hypothesisId":"L2","location":"dataplane_local.c:encrypt_to_wan","message":"split_l2_ok","data":{"frag0_wire":1500,"frag1_wire":98,"n":74752}}
{"sessionId":"0173da","runId":"post-fix","timestamp":1783913473252,"hypothesisId":"L2","location":"dataplane_local.c:encrypt_to_wan","message":"split_l2_enter","data":{"plain_len":1514,"mode":1,"frag_meta":35,"mtu":1500,"n":75008}}
{"sessionId":"0173da","runId":"post-fix","timestamp":1783913473252,"hypothesisId":"L2","location":"dataplane_local.c:encrypt_to_wan","message":"split_l2_ok","data":{"frag0_wire":1500,"frag1_wire":98,"n":75008}}
{"sessionId":"0173da","runId":"post-fix","timestamp":1783913473270,"hypothesisId":"L2","location":"dataplane_local.c:encrypt_to_wan","message":"split_l2_enter","data":{"plain_len":1514,"mode":1,"frag_meta":35,"mtu":1500,"n":75264}}
{"sessionId":"0173da","runId":"post-fix","timestamp":1783913473270,"hypothesisId":"L2","location":"dataplane_local.c:encrypt_to_wan","message":"split_l2_ok","data":{"frag0_wire":1500,"frag1_wire":98,"n":75264}}
{"sessionId":"0173da","runId":"post-fix","timestamp":1783913473285,"hypothesisId":"L2","location":"dataplane_local.c:encrypt_to_wan","message":"split_l2_enter","data":{"plain_len":1514,"mode":1,"frag_meta":35,"mtu":1500,"n":75520}}
{"sessionId":"0173da","runId":"post-fix","timestamp":1783913473285,"hypothesisId":"L2","location":"dataplane_local.c:encrypt_to_wan","message":"split_l2_ok","data":{"frag0_wire":1500,"frag1_wire":98,"n":75520}}
{"sessionId":"0173da","runId":"post-fix","timestamp":1783913473300,"hypothesisId":"L2","location":"dataplane_local.c:encrypt_to_wan","message":"split_l2_enter","data":{"plain_len":1514,"mode":1,"frag_meta":35,"mtu":1500,"n":75776}}
{"sessionId":"0173da","runId":"post-fix","timestamp":1783913473300,"hypothesisId":"L2","location":"dataplane_local.c:encrypt_to_wan","message":"split_l2_ok","data":{"frag0_wire":1500,"frag1_wire":98,"n":75776}}
{"sessionId":"0173da","runId":"post-fix","timestamp":1783913473302,"hypothesisId":"L2","location":"dataplane_wan.c:decrypt_wan","message":"l2_full_decrypt_ok","data":{"wire_len":96,"plain_len":66,"n":14336}}
{"sessionId":"0173da","runId":"post-fix","timestamp":1783913473302,"hypothesisId":"L2","location":"dataplane_wan.c:dataplane_process_wan","message":"wan_l2_forward_ok","data":{"wire_in":96,"plain_len":66,"n":14336}}
{"sessionId":"0173da","runId":"post-fix","timestamp":1783913473316,"hypothesisId":"L2","location":"dataplane_local.c:encrypt_to_wan","message":"split_l2_enter","data":{"plain_len":1514,"mode":1,"frag_meta":35,"mtu":1500,"n":76032}}
{"sessionId":"0173da","runId":"post-fix","timestamp":1783913473316,"hypothesisId":"L2","location":"dataplane_local.c:encrypt_to_wan","message":"split_l2_ok","data":{"frag0_wire":1500,"frag1_wire":98,"n":76032}}
{"sessionId":"0173da","runId":"post-fix","timestamp":1783913473329,"hypothesisId":"L2","location":"dataplane_local.c:encrypt_to_wan","message":"split_l2_enter","data":{"plain_len":1514,"mode":1,"frag_meta":35,"mtu":1500,"n":76288}}
{"sessionId":"0173da","runId":"post-fix","timestamp":1783913473329,"hypothesisId":"L2","location":"dataplane_local.c:encrypt_to_wan","message":"split_l2_ok","data":{"frag0_wire":1500,"frag1_wire":98,"n":76288}}
{"sessionId":"0173da","runId":"post-fix","timestamp":1783913473349,"hypothesisId":"L2","location":"dataplane_local.c:encrypt_to_wan","message":"split_l2_enter","data":{"plain_len":1514,"mode":1,"frag_meta":35,"mtu":1500,"n":76544}}
{"sessionId":"0173da","runId":"post-fix","timestamp":1783913473349,"hypothesisId":"L2","location":"dataplane_local.c:encrypt_to_wan","message":"split_l2_ok","data":{"frag0_wire":1500,"frag1_wire":98,"n":76544}}
{"sessionId":"0173da","runId":"post-fix","timestamp":1783913473367,"hypothesisId":"L2","location":"dataplane_local.c:encrypt_to_wan","message":"split_l2_enter","data":{"plain_len":1514,"mode":1,"frag_meta":35,"mtu":1500,"n":76800}}
{"sessionId":"0173da","runId":"post-fix","timestamp":1783913473367,"hypothesisId":"L2","location":"dataplane_local.c:encrypt_to_wan","message":"split_l2_ok","data":{"frag0_wire":1500,"frag1_wire":98,"n":76800}}
{"sessionId":"0173da","runId":"post-fix","timestamp":1783913473382,"hypothesisId":"L2","location":"dataplane_local.c:encrypt_to_wan","message":"split_l2_enter","data":{"plain_len":1514,"mode":1,"frag_meta":35,"mtu":1500,"n":77056}}
{"sessionId":"0173da","runId":"post-fix","timestamp":1783913473382,"hypothesisId":"L2","location":"dataplane_local.c:encrypt_to_wan","message":"split_l2_ok","data":{"frag0_wire":1500,"frag1_wire":98,"n":77056}}
{"sessionId":"0173da","runId":"post-fix","timestamp":1783913473401,"hypothesisId":"L2","location":"dataplane_local.c:encrypt_to_wan","message":"split_l2_enter","data":{"plain_len":1514,"mode":1,"frag_meta":35,"mtu":1500,"n":77312}}
{"sessionId":"0173da","runId":"post-fix","timestamp":1783913473401,"hypothesisId":"L2","location":"dataplane_local.c:encrypt_to_wan","message":"split_l2_ok","data":{"frag0_wire":1500,"frag1_wire":98,"n":77312}}
{"sessionId":"0173da","runId":"post-fix","timestamp":1783913473415,"hypothesisId":"L2","location":"dataplane_local.c:encrypt_to_wan","message":"split_l2_enter","data":{"plain_len":1514,"mode":1,"frag_meta":35,"mtu":1500,"n":77568}}
{"sessionId":"0173da","runId":"post-fix","timestamp":1783913473415,"hypothesisId":"L2","location":"dataplane_local.c:encrypt_to_wan","message":"split_l2_ok","data":{"frag0_wire":1500,"frag1_wire":98,"n":77568}}
{"sessionId":"0173da","runId":"post-fix","timestamp":1783913473438,"hypothesisId":"L2","location":"dataplane_local.c:encrypt_to_wan","message":"split_l2_enter","data":{"plain_len":1514,"mode":1,"frag_meta":35,"mtu":1500,"n":77824}}
{"sessionId":"0173da","runId":"post-fix","timestamp":1783913473438,"hypothesisId":"L2","location":"dataplane_local.c:encrypt_to_wan","message":"split_l2_ok","data":{"frag0_wire":1500,"frag1_wire":98,"n":77824}}
{"sessionId":"0173da","runId":"post-fix","timestamp":1783913473451,"hypothesisId":"L2","location":"dataplane_local.c:encrypt_to_wan","message":"split_l2_enter","data":{"plain_len":1514,"mode":1,"frag_meta":35,"mtu":1500,"n":78080}}
{"sessionId":"0173da","runId":"post-fix","timestamp":1783913473451,"hypothesisId":"L2","location":"dataplane_local.c:encrypt_to_wan","message":"split_l2_ok","data":{"frag0_wire":1500,"frag1_wire":98,"n":78080}}
{"sessionId":"0173da","runId":"post-fix","timestamp":1783913473476,"hypothesisId":"L2","location":"dataplane_local.c:encrypt_to_wan","message":"split_l2_enter","data":{"plain_len":1514,"mode":1,"frag_meta":35,"mtu":1500,"n":78336}}
{"sessionId":"0173da","runId":"post-fix","timestamp":1783913473476,"hypothesisId":"L2","location":"dataplane_local.c:encrypt_to_wan","message":"split_l2_ok","data":{"frag0_wire":1500,"frag1_wire":98,"n":78336}}
{"sessionId":"0173da","runId":"post-fix","timestamp":1783913473496,"hypothesisId":"L2","location":"dataplane_local.c:encrypt_to_wan","message":"split_l2_enter","data":{"plain_len":1514,"mode":1,"frag_meta":35,"mtu":1500,"n":78592}}
{"sessionId":"0173da","runId":"post-fix","timestamp":1783913473496,"hypothesisId":"L2","location":"dataplane_local.c:encrypt_to_wan","message":"split_l2_ok","data":{"frag0_wire":1500,"frag1_wire":98,"n":78592}}
{"sessionId":"0173da","runId":"post-fix","timestamp":1783913473509,"hypothesisId":"L2","location":"dataplane_local.c:encrypt_to_wan","message":"split_l2_enter","data":{"plain_len":1514,"mode":1,"frag_meta":35,"mtu":1500,"n":78848}}
{"sessionId":"0173da","runId":"post-fix","timestamp":1783913473509,"hypothesisId":"L2","location":"dataplane_local.c:encrypt_to_wan","message":"split_l2_ok","data":{"frag0_wire":1500,"frag1_wire":98,"n":78848}}
{"sessionId":"0173da","runId":"post-fix","timestamp":1783913473523,"hypothesisId":"L2","location":"dataplane_local.c:encrypt_to_wan","message":"split_l2_enter","data":{"plain_len":1514,"mode":1,"frag_meta":35,"mtu":1500,"n":79104}}
{"sessionId":"0173da","runId":"post-fix","timestamp":1783913473523,"hypothesisId":"L2","location":"dataplane_local.c:encrypt_to_wan","message":"split_l2_ok","data":{"frag0_wire":1500,"frag1_wire":98,"n":79104}}
{"sessionId":"0173da","runId":"post-fix","timestamp":1783913473554,"hypothesisId":"L2","location":"dataplane_local.c:encrypt_to_wan","message":"split_l2_enter","data":{"plain_len":1514,"mode":1,"frag_meta":35,"mtu":1500,"n":79360}}
{"sessionId":"0173da","runId":"post-fix","timestamp":1783913473554,"hypothesisId":"L2","location":"dataplane_local.c:encrypt_to_wan","message":"split_l2_ok","data":{"frag0_wire":1500,"frag1_wire":98,"n":79360}}
{"sessionId":"0173da","runId":"post-fix","timestamp":1783913473581,"hypothesisId":"L2","location":"dataplane_local.c:encrypt_to_wan","message":"split_l2_enter","data":{"plain_len":1514,"mode":1,"frag_meta":35,"mtu":1500,"n":79616}}
{"sessionId":"0173da","runId":"post-fix","timestamp":1783913473582,"hypothesisId":"L2","location":"dataplane_local.c:encrypt_to_wan","message":"split_l2_ok","data":{"frag0_wire":1500,"frag1_wire":98,"n":79616}}
{"sessionId":"0173da","runId":"post-fix","timestamp":1783913473608,"hypothesisId":"L2","location":"dataplane_local.c:encrypt_to_wan","message":"split_l2_enter","data":{"plain_len":1514,"mode":1,"frag_meta":35,"mtu":1500,"n":79872}}
{"sessionId":"0173da","runId":"post-fix","timestamp":1783913473608,"hypothesisId":"L2","location":"dataplane_local.c:encrypt_to_wan","message":"split_l2_ok","data":{"frag0_wire":1500,"frag1_wire":98,"n":79872}}
{"sessionId":"0173da","runId":"post-fix","timestamp":1783913473624,"hypothesisId":"L2","location":"dataplane_local.c:encrypt_to_wan","message":"split_l2_enter","data":{"plain_len":1507,"mode":1,"frag_meta":35,"mtu":1500,"n":80128}}
{"sessionId":"0173da","runId":"post-fix","timestamp":1783913473625,"hypothesisId":"L2","location":"dataplane_local.c:encrypt_to_wan","message":"split_l2_ok","data":{"frag0_wire":1500,"frag1_wire":91,"n":80128}}
{"sessionId":"0173da","runId":"post-fix","timestamp":1783913473647,"hypothesisId":"L2","location":"dataplane_local.c:encrypt_to_wan","message":"split_l2_enter","data":{"plain_len":1514,"mode":1,"frag_meta":35,"mtu":1500,"n":80384}}
{"sessionId":"0173da","runId":"post-fix","timestamp":1783913473647,"hypothesisId":"L2","location":"dataplane_local.c:encrypt_to_wan","message":"split_l2_ok","data":{"frag0_wire":1500,"frag1_wire":98,"n":80384}}
{"sessionId":"0173da","runId":"post-fix","timestamp":1783913473676,"hypothesisId":"L2","location":"dataplane_local.c:encrypt_to_wan","message":"split_l2_enter","data":{"plain_len":1514,"mode":1,"frag_meta":35,"mtu":1500,"n":80640}}
{"sessionId":"0173da","runId":"post-fix","timestamp":1783913473676,"hypothesisId":"L2","location":"dataplane_local.c:encrypt_to_wan","message":"split_l2_ok","data":{"frag0_wire":1500,"frag1_wire":98,"n":80640}}
{"sessionId":"0173da","runId":"post-fix","timestamp":1783913473703,"hypothesisId":"L2","location":"dataplane_wan.c:decrypt_wan","message":"l2_full_decrypt_ok","data":{"wire_len":108,"plain_len":78,"n":14848}}
{"sessionId":"0173da","runId":"post-fix","timestamp":1783913473703,"hypothesisId":"L2","location":"dataplane_wan.c:dataplane_process_wan","message":"wan_l2_forward_ok","data":{"wire_in":108,"plain_len":78,"n":14848}}
{"sessionId":"0173da","runId":"post-fix","timestamp":1783913473707,"hypothesisId":"L2","location":"dataplane_local.c:encrypt_to_wan","message":"split_l2_enter","data":{"plain_len":1507,"mode":1,"frag_meta":35,"mtu":1500,"n":80896}}
{"sessionId":"0173da","runId":"post-fix","timestamp":1783913473707,"hypothesisId":"L2","location":"dataplane_local.c:encrypt_to_wan","message":"split_l2_ok","data":{"frag0_wire":1500,"frag1_wire":91,"n":80896}}
{"sessionId":"0173da","runId":"post-fix","timestamp":1783913473763,"hypothesisId":"L2","location":"dataplane_local.c:encrypt_to_wan","message":"split_l2_enter","data":{"plain_len":1514,"mode":1,"frag_meta":35,"mtu":1500,"n":81152}}
{"sessionId":"0173da","runId":"post-fix","timestamp":1783913473763,"hypothesisId":"L2","location":"dataplane_local.c:encrypt_to_wan","message":"split_l2_ok","data":{"frag0_wire":1500,"frag1_wire":98,"n":81152}}
{"sessionId":"0173da","runId":"post-fix","timestamp":1783913473812,"hypothesisId":"L2","location":"dataplane_local.c:encrypt_to_wan","message":"split_l2_enter","data":{"plain_len":1514,"mode":1,"frag_meta":35,"mtu":1500,"n":81408}}
{"sessionId":"0173da","runId":"post-fix","timestamp":1783913473813,"hypothesisId":"L2","location":"dataplane_local.c:encrypt_to_wan","message":"split_l2_ok","data":{"frag0_wire":1500,"frag1_wire":98,"n":81408}}
{"sessionId":"0173da","runId":"post-fix","timestamp":1783913473854,"hypothesisId":"L2","location":"dataplane_local.c:encrypt_to_wan","message":"split_l2_enter","data":{"plain_len":1514,"mode":1,"frag_meta":35,"mtu":1500,"n":81664}}
{"sessionId":"0173da","runId":"post-fix","timestamp":1783913473854,"hypothesisId":"L2","location":"dataplane_local.c:encrypt_to_wan","message":"split_l2_ok","data":{"frag0_wire":1500,"frag1_wire":98,"n":81664}}
{"sessionId":"0173da","runId":"post-fix","timestamp":1783913473908,"hypothesisId":"L2","location":"dataplane_local.c:encrypt_to_wan","message":"split_l2_enter","data":{"plain_len":1514,"mode":1,"frag_meta":35,"mtu":1500,"n":81920}}
{"sessionId":"0173da","runId":"post-fix","timestamp":1783913473908,"hypothesisId":"L2","location":"dataplane_local.c:encrypt_to_wan","message":"split_l2_ok","data":{"frag0_wire":1500,"frag1_wire":98,"n":81920}}
{"sessionId":"0173da","runId":"post-fix","timestamp":1783913473978,"hypothesisId":"L2","location":"dataplane_local.c:encrypt_to_wan","message":"split_l2_enter","data":{"plain_len":1514,"mode":1,"frag_meta":35,"mtu":1500,"n":82176}}
{"sessionId":"0173da","runId":"post-fix","timestamp":1783913473978,"hypothesisId":"L2","location":"dataplane_local.c:encrypt_to_wan","message":"split_l2_ok","data":{"frag0_wire":1500,"frag1_wire":98,"n":82176}}
{"sessionId":"0173da","runId":"post-fix","timestamp":1783913474055,"hypothesisId":"L2","location":"dataplane_local.c:encrypt_to_wan","message":"split_l2_enter","data":{"plain_len":1514,"mode":1,"frag_meta":35,"mtu":1500,"n":82432}}
{"sessionId":"0173da","runId":"post-fix","timestamp":1783913474055,"hypothesisId":"L2","location":"dataplane_local.c:encrypt_to_wan","message":"split_l2_ok","data":{"frag0_wire":1500,"frag1_wire":98,"n":82432}}
{"sessionId":"0173da","runId":"post-fix","timestamp":1783913474137,"hypothesisId":"L2","location":"dataplane_local.c:encrypt_to_wan","message":"split_l2_enter","data":{"plain_len":1514,"mode":1,"frag_meta":35,"mtu":1500,"n":82688}}
{"sessionId":"0173da","runId":"post-fix","timestamp":1783913474137,"hypothesisId":"L2","location":"dataplane_local.c:encrypt_to_wan","message":"split_l2_ok","data":{"frag0_wire":1500,"frag1_wire":98,"n":82688}}
{"sessionId":"0173da","runId":"post-fix","timestamp":1783913474219,"hypothesisId":"L2","location":"dataplane_local.c:encrypt_to_wan","message":"split_l2_enter","data":{"plain_len":1514,"mode":1,"frag_meta":35,"mtu":1500,"n":82944}}
{"sessionId":"0173da","runId":"post-fix","timestamp":1783913474219,"hypothesisId":"L2","location":"dataplane_local.c:encrypt_to_wan","message":"split_l2_ok","data":{"frag0_wire":1500,"frag1_wire":98,"n":82944}}
{"sessionId":"0173da","runId":"post-fix","timestamp":1783913474302,"hypothesisId":"L2","location":"dataplane_local.c:encrypt_to_wan","message":"split_l2_enter","data":{"plain_len":1514,"mode":1,"frag_meta":35,"mtu":1500,"n":83200}}
{"sessionId":"0173da","runId":"post-fix","timestamp":1783913474302,"hypothesisId":"L2","location":"dataplane_local.c:encrypt_to_wan","message":"split_l2_ok","data":{"frag0_wire":1500,"frag1_wire":98,"n":83200}}
{"sessionId":"0173da","runId":"post-fix","timestamp":1783913474384,"hypothesisId":"L2","location":"dataplane_local.c:encrypt_to_wan","message":"split_l2_enter","data":{"plain_len":1514,"mode":1,"frag_meta":35,"mtu":1500,"n":83456}}
{"sessionId":"0173da","runId":"post-fix","timestamp":1783913474384,"hypothesisId":"L2","location":"dataplane_local.c:encrypt_to_wan","message":"split_l2_ok","data":{"frag0_wire":1500,"frag1_wire":98,"n":83456}}
{"sessionId":"0173da","runId":"post-fix","timestamp":1783913474493,"hypothesisId":"L2","location":"dataplane_local.c:encrypt_to_wan","message":"split_l2_enter","data":{"plain_len":1514,"mode":1,"frag_meta":35,"mtu":1500,"n":83712}}
{"sessionId":"0173da","runId":"post-fix","timestamp":1783913474493,"hypothesisId":"L2","location":"dataplane_local.c:encrypt_to_wan","message":"split_l2_ok","data":{"frag0_wire":1500,"frag1_wire":98,"n":83712}}
{"sessionId":"0173da","runId":"post-fix","timestamp":1783913474560,"hypothesisId":"L2","location":"dataplane_local.c:encrypt_to_wan","message":"encrypt_l2_full_ok","data":{"plain_len":66,"wire_len":96,"mode":1,"n":1536}}
{"sessionId":"0173da","runId":"post-fix","timestamp":1783913474693,"hypothesisId":"L2","location":"dataplane_local.c:encrypt_to_wan","message":"split_l2_enter","data":{"plain_len":1514,"mode":1,"frag_meta":35,"mtu":1500,"n":83968}}
{"sessionId":"0173da","runId":"post-fix","timestamp":1783913474693,"hypothesisId":"L2","location":"dataplane_local.c:encrypt_to_wan","message":"split_l2_ok","data":{"frag0_wire":1500,"frag1_wire":98,"n":83968}}
{"sessionId":"0173da","runId":"post-fix","timestamp":1783913475138,"hypothesisId":"L2","location":"dataplane_local.c:encrypt_to_wan","message":"split_l2_enter","data":{"plain_len":1514,"mode":1,"frag_meta":35,"mtu":1500,"n":84224}}
{"sessionId":"0173da","runId":"post-fix","timestamp":1783913475138,"hypothesisId":"L2","location":"dataplane_local.c:encrypt_to_wan","message":"split_l2_ok","data":{"frag0_wire":1500,"frag1_wire":98,"n":84224}}
{"sessionId":"0173da","runId":"post-fix","timestamp":1783913475719,"hypothesisId":"L2","location":"dataplane_local.c:encrypt_to_wan","message":"split_l2_enter","data":{"plain_len":1514,"mode":1,"frag_meta":35,"mtu":1500,"n":84480}}
{"sessionId":"0173da","runId":"post-fix","timestamp":1783913475719,"hypothesisId":"L2","location":"dataplane_local.c:encrypt_to_wan","message":"split_l2_ok","data":{"frag0_wire":1500,"frag1_wire":98,"n":84480}}
{"sessionId":"0173da","runId":"post-fix","timestamp":1783913475721,"hypothesisId":"L2","location":"dataplane_wan.c:decrypt_wan","message":"l2_full_decrypt_ok","data":{"wire_len":96,"plain_len":66,"n":15360}}
{"sessionId":"0173da","runId":"post-fix","timestamp":1783913475721,"hypothesisId":"L2","location":"dataplane_wan.c:dataplane_process_wan","message":"wan_l2_forward_ok","data":{"wire_in":96,"plain_len":66,"n":15360}}
{"sessionId":"0173da","runId":"post-fix","timestamp":1783913475725,"hypothesisId":"L2","location":"dataplane_local.c:encrypt_to_wan","message":"split_l2_enter","data":{"plain_len":1514,"mode":1,"frag_meta":35,"mtu":1500,"n":84736}}
{"sessionId":"0173da","runId":"post-fix","timestamp":1783913475725,"hypothesisId":"L2","location":"dataplane_local.c:encrypt_to_wan","message":"split_l2_ok","data":{"frag0_wire":1500,"frag1_wire":98,"n":84736}}
{"sessionId":"0173da","runId":"post-fix","timestamp":1783913475728,"hypothesisId":"L2","location":"dataplane_local.c:encrypt_to_wan","message":"split_l2_enter","data":{"plain_len":1514,"mode":1,"frag_meta":35,"mtu":1500,"n":84992}}
{"sessionId":"0173da","runId":"post-fix","timestamp":1783913475728,"hypothesisId":"L2","location":"dataplane_local.c:encrypt_to_wan","message":"split_l2_ok","data":{"frag0_wire":1500,"frag1_wire":98,"n":84992}}
{"sessionId":"0173da","runId":"post-fix","timestamp":1783913475731,"hypothesisId":"L2","location":"dataplane_local.c:encrypt_to_wan","message":"split_l2_enter","data":{"plain_len":1514,"mode":1,"frag_meta":35,"mtu":1500,"n":85248}}
{"sessionId":"0173da","runId":"post-fix","timestamp":1783913475732,"hypothesisId":"L2","location":"dataplane_local.c:encrypt_to_wan","message":"split_l2_ok","data":{"frag0_wire":1500,"frag1_wire":98,"n":85248}}
{"sessionId":"0173da","runId":"post-fix","timestamp":1783913475737,"hypothesisId":"L2","location":"dataplane_local.c:encrypt_to_wan","message":"split_l2_enter","data":{"plain_len":1514,"mode":1,"frag_meta":35,"mtu":1500,"n":85504}}
{"sessionId":"0173da","runId":"post-fix","timestamp":1783913475737,"hypothesisId":"L2","location":"dataplane_local.c:encrypt_to_wan","message":"split_l2_ok","data":{"frag0_wire":1500,"frag1_wire":98,"n":85504}}
{"sessionId":"0173da","runId":"post-fix","timestamp":1783913475741,"hypothesisId":"L2","location":"dataplane_local.c:encrypt_to_wan","message":"split_l2_enter","data":{"plain_len":1514,"mode":1,"frag_meta":35,"mtu":1500,"n":85760}}
{"sessionId":"0173da","runId":"post-fix","timestamp":1783913475741,"hypothesisId":"L2","location":"dataplane_local.c:encrypt_to_wan","message":"split_l2_ok","data":{"frag0_wire":1500,"frag1_wire":98,"n":85760}}
{"sessionId":"0173da","runId":"post-fix","timestamp":1783913475744,"hypothesisId":"L2","location":"dataplane_local.c:encrypt_to_wan","message":"split_l2_enter","data":{"plain_len":1514,"mode":1,"frag_meta":35,"mtu":1500,"n":86016}}
{"sessionId":"0173da","runId":"post-fix","timestamp":1783913475744,"hypothesisId":"L2","location":"dataplane_local.c:encrypt_to_wan","message":"split_l2_ok","data":{"frag0_wire":1500,"frag1_wire":98,"n":86016}}
{"sessionId":"0173da","runId":"post-fix","timestamp":1783913475746,"hypothesisId":"L2","location":"dataplane_wan.c:decrypt_wan","message":"l2_full_decrypt_ok","data":{"wire_len":96,"plain_len":66,"n":15872}}
{"sessionId":"0173da","runId":"post-fix","timestamp":1783913475746,"hypothesisId":"L2","location":"dataplane_wan.c:dataplane_process_wan","message":"wan_l2_forward_ok","data":{"wire_in":96,"plain_len":66,"n":15872}}
{"sessionId":"0173da","runId":"post-fix","timestamp":1783913475747,"hypothesisId":"L2","location":"dataplane_local.c:encrypt_to_wan","message":"split_l2_enter","data":{"plain_len":1514,"mode":1,"frag_meta":35,"mtu":1500,"n":86272}}
{"sessionId":"0173da","runId":"post-fix","timestamp":1783913475748,"hypothesisId":"L2","location":"dataplane_local.c:encrypt_to_wan","message":"split_l2_ok","data":{"frag0_wire":1500,"frag1_wire":98,"n":86272}}
{"sessionId":"0173da","runId":"post-fix","timestamp":1783913475752,"hypothesisId":"L2","location":"dataplane_local.c:encrypt_to_wan","message":"split_l2_enter","data":{"plain_len":1514,"mode":1,"frag_meta":35,"mtu":1500,"n":86528}}
{"sessionId":"0173da","runId":"post-fix","timestamp":1783913475752,"hypothesisId":"L2","location":"dataplane_local.c:encrypt_to_wan","message":"split_l2_ok","data":{"frag0_wire":1500,"frag1_wire":98,"n":86528}}
{"sessionId":"0173da","runId":"post-fix","timestamp":1783913475754,"hypothesisId":"L2","location":"dataplane_local.c:encrypt_to_wan","message":"split_l2_enter","data":{"plain_len":1514,"mode":1,"frag_meta":35,"mtu":1500,"n":86784}}
{"sessionId":"0173da","runId":"post-fix","timestamp":1783913475754,"hypothesisId":"L2","location":"dataplane_local.c:encrypt_to_wan","message":"split_l2_ok","data":{"frag0_wire":1500,"frag1_wire":98,"n":86784}}
{"sessionId":"0173da","runId":"post-fix","timestamp":1783913475756,"hypothesisId":"L2","location":"dataplane_local.c:encrypt_to_wan","message":"split_l2_enter","data":{"plain_len":1514,"mode":1,"frag_meta":35,"mtu":1500,"n":87040}}
{"sessionId":"0173da","runId":"post-fix","timestamp":1783913475756,"hypothesisId":"L2","location":"dataplane_local.c:encrypt_to_wan","message":"split_l2_ok","data":{"frag0_wire":1500,"frag1_wire":98,"n":87040}}
{"sessionId":"0173da","runId":"post-fix","timestamp":1783913475758,"hypothesisId":"L2","location":"dataplane_local.c:encrypt_to_wan","message":"split_l2_enter","data":{"plain_len":1514,"mode":1,"frag_meta":35,"mtu":1500,"n":87296}}
{"sessionId":"0173da","runId":"post-fix","timestamp":1783913475758,"hypothesisId":"L2","location":"dataplane_local.c:encrypt_to_wan","message":"split_l2_ok","data":{"frag0_wire":1500,"frag1_wire":98,"n":87296}}
{"sessionId":"0173da","runId":"post-fix","timestamp":1783913475760,"hypothesisId":"L2","location":"dataplane_local.c:encrypt_to_wan","message":"split_l2_enter","data":{"plain_len":1514,"mode":1,"frag_meta":35,"mtu":1500,"n":87552}}
{"sessionId":"0173da","runId":"post-fix","timestamp":1783913475760,"hypothesisId":"L2","location":"dataplane_local.c:encrypt_to_wan","message":"split_l2_ok","data":{"frag0_wire":1500,"frag1_wire":98,"n":87552}}
{"sessionId":"0173da","runId":"post-fix","timestamp":1783913475762,"hypothesisId":"L2","location":"dataplane_local.c:encrypt_to_wan","message":"split_l2_enter","data":{"plain_len":1507,"mode":1,"frag_meta":35,"mtu":1500,"n":87808}}
{"sessionId":"0173da","runId":"post-fix","timestamp":1783913475762,"hypothesisId":"L2","location":"dataplane_local.c:encrypt_to_wan","message":"split_l2_ok","data":{"frag0_wire":1500,"frag1_wire":91,"n":87808}}
{"sessionId":"0173da","runId":"post-fix","timestamp":1783913475764,"hypothesisId":"L2","location":"dataplane_local.c:encrypt_to_wan","message":"split_l2_enter","data":{"plain_len":1514,"mode":1,"frag_meta":35,"mtu":1500,"n":88064}}
{"sessionId":"0173da","runId":"post-fix","timestamp":1783913475764,"hypothesisId":"L2","location":"dataplane_local.c:encrypt_to_wan","message":"split_l2_ok","data":{"frag0_wire":1500,"frag1_wire":98,"n":88064}}
{"sessionId":"0173da","runId":"post-fix","timestamp":1783913475765,"hypothesisId":"L2","location":"dataplane_local.c:encrypt_to_wan","message":"split_l2_enter","data":{"plain_len":1514,"mode":1,"frag_meta":35,"mtu":1500,"n":88320}}
{"sessionId":"0173da","runId":"post-fix","timestamp":1783913475766,"hypothesisId":"L2","location":"dataplane_local.c:encrypt_to_wan","message":"split_l2_ok","data":{"frag0_wire":1500,"frag1_wire":98,"n":88320}}
{"sessionId":"0173da","runId":"post-fix","timestamp":1783913475770,"hypothesisId":"L2","location":"dataplane_local.c:encrypt_to_wan","message":"split_l2_enter","data":{"plain_len":1514,"mode":1,"frag_meta":35,"mtu":1500,"n":88576}}
{"sessionId":"0173da","runId":"post-fix","timestamp":1783913475770,"hypothesisId":"L2","location":"dataplane_local.c:encrypt_to_wan","message":"split_l2_ok","data":{"frag0_wire":1500,"frag1_wire":98,"n":88576}}
{"sessionId":"0173da","runId":"post-fix","timestamp":1783913475772,"hypothesisId":"L2","location":"dataplane_local.c:encrypt_to_wan","message":"split_l2_enter","data":{"plain_len":1514,"mode":1,"frag_meta":35,"mtu":1500,"n":88832}}
{"sessionId":"0173da","runId":"post-fix","timestamp":1783913475772,"hypothesisId":"L2","location":"dataplane_local.c:encrypt_to_wan","message":"split_l2_ok","data":{"frag0_wire":1500,"frag1_wire":98,"n":88832}}
{"sessionId":"0173da","runId":"post-fix","timestamp":1783913475773,"hypothesisId":"L2","location":"dataplane_wan.c:decrypt_wan","message":"l2_full_decrypt_ok","data":{"wire_len":96,"plain_len":66,"n":16384}}
{"sessionId":"0173da","runId":"post-fix","timestamp":1783913475773,"hypothesisId":"L2","location":"dataplane_wan.c:dataplane_process_wan","message":"wan_l2_forward_ok","data":{"wire_in":96,"plain_len":66,"n":16384}}
{"sessionId":"0173da","runId":"post-fix","timestamp":1783913475774,"hypothesisId":"L2","location":"dataplane_local.c:encrypt_to_wan","message":"split_l2_enter","data":{"plain_len":1514,"mode":1,"frag_meta":35,"mtu":1500,"n":89088}}
{"sessionId":"0173da","runId":"post-fix","timestamp":1783913475774,"hypothesisId":"L2","location":"dataplane_local.c:encrypt_to_wan","message":"split_l2_ok","data":{"frag0_wire":1500,"frag1_wire":98,"n":89088}}
{"sessionId":"0173da","runId":"post-fix","timestamp":1783913475775,"hypothesisId":"L2","location":"dataplane_local.c:encrypt_to_wan","message":"split_l2_enter","data":{"plain_len":1514,"mode":1,"frag_meta":35,"mtu":1500,"n":89344}}
{"sessionId":"0173da","runId":"post-fix","timestamp":1783913475776,"hypothesisId":"L2","location":"dataplane_local.c:encrypt_to_wan","message":"split_l2_ok","data":{"frag0_wire":1500,"frag1_wire":98,"n":89344}}
{"sessionId":"0173da","runId":"post-fix","timestamp":1783913475777,"hypothesisId":"L2","location":"dataplane_local.c:encrypt_to_wan","message":"split_l2_enter","data":{"plain_len":1514,"mode":1,"frag_meta":35,"mtu":1500,"n":89600}}
{"sessionId":"0173da","runId":"post-fix","timestamp":1783913475777,"hypothesisId":"L2","location":"dataplane_local.c:encrypt_to_wan","message":"split_l2_ok","data":{"frag0_wire":1500,"frag1_wire":98,"n":89600}}
{"sessionId":"0173da","runId":"post-fix","timestamp":1783913475778,"hypothesisId":"L2","location":"dataplane_local.c:encrypt_to_wan","message":"split_l2_enter","data":{"plain_len":1514,"mode":1,"frag_meta":35,"mtu":1500,"n":89856}}
{"sessionId":"0173da","runId":"post-fix","timestamp":1783913475778,"hypothesisId":"L2","location":"dataplane_local.c:encrypt_to_wan","message":"split_l2_ok","data":{"frag0_wire":1500,"frag1_wire":98,"n":89856}}
{"sessionId":"0173da","runId":"post-fix","timestamp":1783913475780,"hypothesisId":"L2","location":"dataplane_local.c:encrypt_to_wan","message":"split_l2_enter","data":{"plain_len":1514,"mode":1,"frag_meta":35,"mtu":1500,"n":90112}}
{"sessionId":"0173da","runId":"post-fix","timestamp":1783913475780,"hypothesisId":"L2","location":"dataplane_local.c:encrypt_to_wan","message":"split_l2_ok","data":{"frag0_wire":1500,"frag1_wire":98,"n":90112}}
{"sessionId":"0173da","runId":"post-fix","timestamp":1783913475781,"hypothesisId":"L2","location":"dataplane_local.c:encrypt_to_wan","message":"split_l2_enter","data":{"plain_len":1514,"mode":1,"frag_meta":35,"mtu":1500,"n":90368}}
{"sessionId":"0173da","runId":"post-fix","timestamp":1783913475781,"hypothesisId":"L2","location":"dataplane_local.c:encrypt_to_wan","message":"split_l2_ok","data":{"frag0_wire":1500,"frag1_wire":98,"n":90368}}
{"sessionId":"0173da","runId":"post-fix","timestamp":1783913475782,"hypothesisId":"L2","location":"dataplane_local.c:encrypt_to_wan","message":"split_l2_enter","data":{"plain_len":1514,"mode":1,"frag_meta":35,"mtu":1500,"n":90624}}
{"sessionId":"0173da","runId":"post-fix","timestamp":1783913475782,"hypothesisId":"L2","location":"dataplane_local.c:encrypt_to_wan","message":"split_l2_ok","data":{"frag0_wire":1500,"frag1_wire":98,"n":90624}}
{"sessionId":"0173da","runId":"post-fix","timestamp":1783913475783,"hypothesisId":"L2","location":"dataplane_local.c:encrypt_to_wan","message":"split_l2_enter","data":{"plain_len":1514,"mode":1,"frag_meta":35,"mtu":1500,"n":90880}}
{"sessionId":"0173da","runId":"post-fix","timestamp":1783913475784,"hypothesisId":"L2","location":"dataplane_local.c:encrypt_to_wan","message":"split_l2_ok","data":{"frag0_wire":1500,"frag1_wire":98,"n":90880}}
{"sessionId":"0173da","runId":"post-fix","timestamp":1783913475785,"hypothesisId":"L2","location":"dataplane_local.c:encrypt_to_wan","message":"split_l2_enter","data":{"plain_len":1514,"mode":1,"frag_meta":35,"mtu":1500,"n":91136}}
{"sessionId":"0173da","runId":"post-fix","timestamp":1783913475785,"hypothesisId":"L2","location":"dataplane_local.c:encrypt_to_wan","message":"split_l2_ok","data":{"frag0_wire":1500,"frag1_wire":98,"n":91136}}
{"sessionId":"0173da","runId":"post-fix","timestamp":1783913475786,"hypothesisId":"L2","location":"dataplane_wan.c:decrypt_wan","message":"l2_full_decrypt_ok","data":{"wire_len":96,"plain_len":66,"n":16896}}
{"sessionId":"0173da","runId":"post-fix","timestamp":1783913475786,"hypothesisId":"L2","location":"dataplane_wan.c:dataplane_process_wan","message":"wan_l2_forward_ok","data":{"wire_in":108,"plain_len":78,"n":16896}}
{"sessionId":"0173da","runId":"post-fix","timestamp":1783913475786,"hypothesisId":"L2","location":"dataplane_local.c:encrypt_to_wan","message":"split_l2_enter","data":{"plain_len":1514,"mode":1,"frag_meta":35,"mtu":1500,"n":91392}}
{"sessionId":"0173da","runId":"post-fix","timestamp":1783913475786,"hypothesisId":"L2","location":"dataplane_local.c:encrypt_to_wan","message":"split_l2_ok","data":{"frag0_wire":1500,"frag1_wire":98,"n":91392}}
{"sessionId":"0173da","runId":"post-fix","timestamp":1783913475787,"hypothesisId":"L2","location":"dataplane_local.c:encrypt_to_wan","message":"split_l2_enter","data":{"plain_len":1514,"mode":1,"frag_meta":35,"mtu":1500,"n":91648}}
{"sessionId":"0173da","runId":"post-fix","timestamp":1783913475788,"hypothesisId":"L2","location":"dataplane_local.c:encrypt_to_wan","message":"split_l2_ok","data":{"frag0_wire":1500,"frag1_wire":98,"n":91648}}
{"sessionId":"0173da","runId":"post-fix","timestamp":1783913475788,"hypothesisId":"L2","location":"dataplane_local.c:encrypt_to_wan","message":"split_l2_enter","data":{"plain_len":1514,"mode":1,"frag_meta":35,"mtu":1500,"n":91904}}
{"sessionId":"0173da","runId":"post-fix","timestamp":1783913475788,"hypothesisId":"L2","location":"dataplane_local.c:encrypt_to_wan","message":"split_l2_ok","data":{"frag0_wire":1500,"frag1_wire":98,"n":91904}}
{"sessionId":"0173da","runId":"post-fix","timestamp":1783913475790,"hypothesisId":"L2","location":"dataplane_local.c:encrypt_to_wan","message":"split_l2_enter","data":{"plain_len":1514,"mode":1,"frag_meta":35,"mtu":1500,"n":92160}}
{"sessionId":"0173da","runId":"post-fix","timestamp":1783913475790,"hypothesisId":"L2","location":"dataplane_local.c:encrypt_to_wan","message":"split_l2_ok","data":{"frag0_wire":1500,"frag1_wire":98,"n":92160}}
{"sessionId":"0173da","runId":"post-fix","timestamp":1783913475791,"hypothesisId":"L2","location":"dataplane_local.c:encrypt_to_wan","message":"split_l2_enter","data":{"plain_len":1514,"mode":1,"frag_meta":35,"mtu":1500,"n":92416}}
{"sessionId":"0173da","runId":"post-fix","timestamp":1783913475791,"hypothesisId":"L2","location":"dataplane_local.c:encrypt_to_wan","message":"split_l2_ok","data":{"frag0_wire":1500,"frag1_wire":98,"n":92416}}
{"sessionId":"0173da","runId":"post-fix","timestamp":1783913475792,"hypothesisId":"L2","location":"dataplane_local.c:encrypt_to_wan","message":"split_l2_enter","data":{"plain_len":1514,"mode":1,"frag_meta":35,"mtu":1500,"n":92672}}
{"sessionId":"0173da","runId":"post-fix","timestamp":1783913475792,"hypothesisId":"L2","location":"dataplane_local.c:encrypt_to_wan","message":"split_l2_ok","data":{"frag0_wire":1500,"frag1_wire":98,"n":92672}}
{"sessionId":"0173da","runId":"post-fix","timestamp":1783913475794,"hypothesisId":"L2","location":"dataplane_local.c:encrypt_to_wan","message":"split_l2_enter","data":{"plain_len":1514,"mode":1,"frag_meta":35,"mtu":1500,"n":92928}}
{"sessionId":"0173da","runId":"post-fix","timestamp":1783913475794,"hypothesisId":"L2","location":"dataplane_local.c:encrypt_to_wan","message":"split_l2_ok","data":{"frag0_wire":1500,"frag1_wire":98,"n":92928}}
{"sessionId":"0173da","runId":"post-fix","timestamp":1783913475795,"hypothesisId":"L2","location":"dataplane_local.c:encrypt_to_wan","message":"split_l2_enter","data":{"plain_len":1507,"mode":1,"frag_meta":35,"mtu":1500,"n":93184}}
{"sessionId":"0173da","runId":"post-fix","timestamp":1783913475795,"hypothesisId":"L2","location":"dataplane_local.c:encrypt_to_wan","message":"split_l2_ok","data":{"frag0_wire":1500,"frag1_wire":91,"n":93184}}
{"sessionId":"0173da","runId":"post-fix","timestamp":1783913475796,"hypothesisId":"L2","location":"dataplane_local.c:encrypt_to_wan","message":"split_l2_enter","data":{"plain_len":1514,"mode":1,"frag_meta":35,"mtu":1500,"n":93440}}
{"sessionId":"0173da","runId":"post-fix","timestamp":1783913475796,"hypothesisId":"L2","location":"dataplane_local.c:encrypt_to_wan","message":"split_l2_ok","data":{"frag0_wire":1500,"frag1_wire":98,"n":93440}}
{"sessionId":"0173da","runId":"post-fix","timestamp":1783913475798,"hypothesisId":"L2","location":"dataplane_wan.c:dataplane_process_wan","message":"wan_l2_forward_ok","data":{"wire_in":96,"plain_len":66,"n":17408}}
{"sessionId":"0173da","runId":"post-fix","timestamp":1783913475798,"hypothesisId":"L2","location":"dataplane_wan.c:decrypt_wan","message":"l2_full_decrypt_ok","data":{"wire_len":108,"plain_len":78,"n":17408}}
{"sessionId":"0173da","runId":"post-fix","timestamp":1783913475798,"hypothesisId":"L2","location":"dataplane_local.c:encrypt_to_wan","message":"split_l2_enter","data":{"plain_len":1514,"mode":1,"frag_meta":35,"mtu":1500,"n":93696}}
{"sessionId":"0173da","runId":"post-fix","timestamp":1783913475798,"hypothesisId":"L2","location":"dataplane_local.c:encrypt_to_wan","message":"split_l2_ok","data":{"frag0_wire":1500,"frag1_wire":98,"n":93696}}
{"sessionId":"0173da","runId":"post-fix","timestamp":1783913475799,"hypothesisId":"L2","location":"dataplane_local.c:encrypt_to_wan","message":"split_l2_enter","data":{"plain_len":1514,"mode":1,"frag_meta":35,"mtu":1500,"n":93952}}
{"sessionId":"0173da","runId":"post-fix","timestamp":1783913475799,"hypothesisId":"L2","location":"dataplane_local.c:encrypt_to_wan","message":"split_l2_ok","data":{"frag0_wire":1500,"frag1_wire":98,"n":93952}}
{"sessionId":"0173da","runId":"post-fix","timestamp":1783913475802,"hypothesisId":"L2","location":"dataplane_local.c:encrypt_to_wan","message":"split_l2_enter","data":{"plain_len":1514,"mode":1,"frag_meta":35,"mtu":1500,"n":94208}}
{"sessionId":"0173da","runId":"post-fix","timestamp":1783913475802,"hypothesisId":"L2","location":"dataplane_local.c:encrypt_to_wan","message":"split_l2_ok","data":{"frag0_wire":1500,"frag1_wire":98,"n":94208}}
{"sessionId":"0173da","runId":"post-fix","timestamp":1783913475805,"hypothesisId":"L2","location":"dataplane_local.c:encrypt_to_wan","message":"split_l2_enter","data":{"plain_len":1514,"mode":1,"frag_meta":35,"mtu":1500,"n":94464}}
{"sessionId":"0173da","runId":"post-fix","timestamp":1783913475806,"hypothesisId":"L2","location":"dataplane_local.c:encrypt_to_wan","message":"split_l2_ok","data":{"frag0_wire":1500,"frag1_wire":98,"n":94464}}
{"sessionId":"0173da","runId":"post-fix","timestamp":1783913475807,"hypothesisId":"L2","location":"dataplane_local.c:encrypt_to_wan","message":"split_l2_enter","data":{"plain_len":1514,"mode":1,"frag_meta":35,"mtu":1500,"n":94720}}
{"sessionId":"0173da","runId":"post-fix","timestamp":1783913475807,"hypothesisId":"L2","location":"dataplane_local.c:encrypt_to_wan","message":"split_l2_ok","data":{"frag0_wire":1500,"frag1_wire":98,"n":94720}}
{"sessionId":"0173da","runId":"post-fix","timestamp":1783913475809,"hypothesisId":"L2","location":"dataplane_local.c:encrypt_to_wan","message":"split_l2_enter","data":{"plain_len":1514,"mode":1,"frag_meta":35,"mtu":1500,"n":94976}}
{"sessionId":"0173da","runId":"post-fix","timestamp":1783913475809,"hypothesisId":"L2","location":"dataplane_local.c:encrypt_to_wan","message":"split_l2_ok","data":{"frag0_wire":1500,"frag1_wire":98,"n":94976}}
{"sessionId":"0173da","runId":"post-fix","timestamp":1783913475810,"hypothesisId":"L2","location":"dataplane_local.c:encrypt_to_wan","message":"split_l2_enter","data":{"plain_len":1514,"mode":1,"frag_meta":35,"mtu":1500,"n":95232}}
{"sessionId":"0173da","runId":"post-fix","timestamp":1783913475810,"hypothesisId":"L2","location":"dataplane_local.c:encrypt_to_wan","message":"split_l2_ok","data":{"frag0_wire":1500,"frag1_wire":98,"n":95232}}
{"sessionId":"0173da","runId":"post-fix","timestamp":1783913475811,"hypothesisId":"L2","location":"dataplane_local.c:encrypt_to_wan","message":"split_l2_enter","data":{"plain_len":1514,"mode":1,"frag_meta":35,"mtu":1500,"n":95488}}
{"sessionId":"0173da","runId":"post-fix","timestamp":1783913475811,"hypothesisId":"L2","location":"dataplane_local.c:encrypt_to_wan","message":"split_l2_ok","data":{"frag0_wire":1500,"frag1_wire":98,"n":95488}}
{"sessionId":"0173da","runId":"post-fix","timestamp":1783913475813,"hypothesisId":"L2","location":"dataplane_local.c:encrypt_to_wan","message":"split_l2_enter","data":{"plain_len":1514,"mode":1,"frag_meta":35,"mtu":1500,"n":95744}}
{"sessionId":"0173da","runId":"post-fix","timestamp":1783913475813,"hypothesisId":"L2","location":"dataplane_local.c:encrypt_to_wan","message":"split_l2_ok","data":{"frag0_wire":1500,"frag1_wire":98,"n":95744}}
{"sessionId":"0173da","runId":"post-fix","timestamp":1783913475814,"hypothesisId":"L2","location":"dataplane_local.c:encrypt_to_wan","message":"split_l2_enter","data":{"plain_len":1514,"mode":1,"frag_meta":35,"mtu":1500,"n":96000}}
{"sessionId":"0173da","runId":"post-fix","timestamp":1783913475814,"hypothesisId":"L2","location":"dataplane_local.c:encrypt_to_wan","message":"split_l2_ok","data":{"frag0_wire":1500,"frag1_wire":98,"n":96000}}
{"sessionId":"0173da","runId":"post-fix","timestamp":1783913475815,"hypothesisId":"L2","location":"dataplane_local.c:encrypt_to_wan","message":"split_l2_enter","data":{"plain_len":1514,"mode":1,"frag_meta":35,"mtu":1500,"n":96256}}
{"sessionId":"0173da","runId":"post-fix","timestamp":1783913475815,"hypothesisId":"L2","location":"dataplane_local.c:encrypt_to_wan","message":"split_l2_ok","data":{"frag0_wire":1500,"frag1_wire":98,"n":96256}}
{"sessionId":"0173da","runId":"post-fix","timestamp":1783913475816,"hypothesisId":"L2","location":"dataplane_local.c:encrypt_to_wan","message":"split_l2_enter","data":{"plain_len":1514,"mode":1,"frag_meta":35,"mtu":1500,"n":96512}}
{"sessionId":"0173da","runId":"post-fix","timestamp":1783913475816,"hypothesisId":"L2","location":"dataplane_local.c:encrypt_to_wan","message":"split_l2_ok","data":{"frag0_wire":1500,"frag1_wire":98,"n":96512}}
{"sessionId":"0173da","runId":"post-fix","timestamp":1783913475817,"hypothesisId":"L2","location":"dataplane_wan.c:dataplane_process_wan","message":"wan_l2_forward_ok","data":{"wire_in":96,"plain_len":66,"n":17920}}
{"sessionId":"0173da","runId":"post-fix","timestamp":1783913475817,"hypothesisId":"L2","location":"dataplane_wan.c:decrypt_wan","message":"l2_full_decrypt_ok","data":{"wire_len":96,"plain_len":66,"n":17920}}
{"sessionId":"0173da","runId":"post-fix","timestamp":1783913475818,"hypothesisId":"L2","location":"dataplane_local.c:encrypt_to_wan","message":"split_l2_enter","data":{"plain_len":1514,"mode":1,"frag_meta":35,"mtu":1500,"n":96768}}
{"sessionId":"0173da","runId":"post-fix","timestamp":1783913475818,"hypothesisId":"L2","location":"dataplane_local.c:encrypt_to_wan","message":"split_l2_ok","data":{"frag0_wire":1500,"frag1_wire":98,"n":96768}}
{"sessionId":"0173da","runId":"post-fix","timestamp":1783913475819,"hypothesisId":"L2","location":"dataplane_local.c:encrypt_to_wan","message":"encrypt_l2_full_ok","data":{"plain_len":1461,"wire_len":1491,"mode":1,"n":2048}}
{"sessionId":"0173da","runId":"post-fix","timestamp":1783913475819,"hypothesisId":"L2","location":"dataplane_local.c:encrypt_to_wan","message":"split_l2_enter","data":{"plain_len":1514,"mode":1,"frag_meta":35,"mtu":1500,"n":97024}}
{"sessionId":"0173da","runId":"post-fix","timestamp":1783913475819,"hypothesisId":"L2","location":"dataplane_local.c:encrypt_to_wan","message":"split_l2_ok","data":{"frag0_wire":1500,"frag1_wire":98,"n":97024}}
{"sessionId":"0173da","runId":"post-fix","timestamp":1783913475820,"hypothesisId":"L2","location":"dataplane_local.c:encrypt_to_wan","message":"split_l2_enter","data":{"plain_len":1514,"mode":1,"frag_meta":35,"mtu":1500,"n":97280}}
{"sessionId":"0173da","runId":"post-fix","timestamp":1783913475820,"hypothesisId":"L2","location":"dataplane_local.c:encrypt_to_wan","message":"split_l2_ok","data":{"frag0_wire":1500,"frag1_wire":98,"n":97280}}
{"sessionId":"0173da","runId":"post-fix","timestamp":1783913475821,"hypothesisId":"L2","location":"dataplane_local.c:encrypt_to_wan","message":"split_l2_enter","data":{"plain_len":1514,"mode":1,"frag_meta":35,"mtu":1500,"n":97536}}
{"sessionId":"0173da","runId":"post-fix","timestamp":1783913475821,"hypothesisId":"L2","location":"dataplane_local.c:encrypt_to_wan","message":"split_l2_ok","data":{"frag0_wire":1500,"frag1_wire":98,"n":97536}}
{"sessionId":"0173da","runId":"post-fix","timestamp":1783913475822,"hypothesisId":"L2","location":"dataplane_local.c:encrypt_to_wan","message":"split_l2_enter","data":{"plain_len":1514,"mode":1,"frag_meta":35,"mtu":1500,"n":97792}}
{"sessionId":"0173da","runId":"post-fix","timestamp":1783913475823,"hypothesisId":"L2","location":"dataplane_local.c:encrypt_to_wan","message":"split_l2_ok","data":{"frag0_wire":1500,"frag1_wire":98,"n":97792}}
{"sessionId":"0173da","runId":"post-fix","timestamp":1783913475824,"hypothesisId":"L2","location":"dataplane_wan.c:decrypt_wan","message":"l2_full_decrypt_ok","data":{"wire_len":108,"plain_len":78,"n":18432}}
{"sessionId":"0173da","runId":"post-fix","timestamp":1783913475824,"hypothesisId":"L2","location":"dataplane_wan.c:dataplane_process_wan","message":"wan_l2_forward_ok","data":{"wire_in":108,"plain_len":78,"n":18432}}
{"sessionId":"0173da","runId":"post-fix","timestamp":1783913475824,"hypothesisId":"L2","location":"dataplane_local.c:encrypt_to_wan","message":"split_l2_enter","data":{"plain_len":1514,"mode":1,"frag_meta":35,"mtu":1500,"n":98048}}
{"sessionId":"0173da","runId":"post-fix","timestamp":1783913475824,"hypothesisId":"L2","location":"dataplane_local.c:encrypt_to_wan","message":"split_l2_ok","data":{"frag0_wire":1500,"frag1_wire":98,"n":98048}}
{"sessionId":"0173da","runId":"post-fix","timestamp":1783913475825,"hypothesisId":"L2","location":"dataplane_local.c:encrypt_to_wan","message":"split_l2_enter","data":{"plain_len":1514,"mode":1,"frag_meta":35,"mtu":1500,"n":98304}}
{"sessionId":"0173da","runId":"post-fix","timestamp":1783913475825,"hypothesisId":"L2","location":"dataplane_local.c:encrypt_to_wan","message":"split_l2_ok","data":{"frag0_wire":1500,"frag1_wire":98,"n":98304}}
{"sessionId":"0173da","runId":"post-fix","timestamp":1783913475826,"hypothesisId":"L2","location":"dataplane_local.c:encrypt_to_wan","message":"split_l2_enter","data":{"plain_len":1514,"mode":1,"frag_meta":35,"mtu":1500,"n":98560}}
{"sessionId":"0173da","runId":"post-fix","timestamp":1783913475827,"hypothesisId":"L2","location":"dataplane_local.c:encrypt_to_wan","message":"split_l2_ok","data":{"frag0_wire":1500,"frag1_wire":98,"n":98560}}
{"sessionId":"0173da","runId":"post-fix","timestamp":1783913475828,"hypothesisId":"L2","location":"dataplane_local.c:encrypt_to_wan","message":"split_l2_enter","data":{"plain_len":1514,"mode":1,"frag_meta":35,"mtu":1500,"n":98816}}
{"sessionId":"0173da","runId":"post-fix","timestamp":1783913475828,"hypothesisId":"L2","location":"dataplane_local.c:encrypt_to_wan","message":"split_l2_ok","data":{"frag0_wire":1500,"frag1_wire":98,"n":98816}}
{"sessionId":"0173da","runId":"post-fix","timestamp":1783913475829,"hypothesisId":"L2","location":"dataplane_local.c:encrypt_to_wan","message":"split_l2_enter","data":{"plain_len":1514,"mode":1,"frag_meta":35,"mtu":1500,"n":99072}}
{"sessionId":"0173da","runId":"post-fix","timestamp":1783913475829,"hypothesisId":"L2","location":"dataplane_local.c:encrypt_to_wan","message":"split_l2_ok","data":{"frag0_wire":1500,"frag1_wire":98,"n":99072}}
{"sessionId":"0173da","runId":"post-fix","timestamp":1783913475830,"hypothesisId":"L2","location":"dataplane_local.c:encrypt_to_wan","message":"split_l2_enter","data":{"plain_len":1514,"mode":1,"frag_meta":35,"mtu":1500,"n":99328}}
{"sessionId":"0173da","runId":"post-fix","timestamp":1783913475830,"hypothesisId":"L2","location":"dataplane_local.c:encrypt_to_wan","message":"split_l2_ok","data":{"frag0_wire":1500,"frag1_wire":98,"n":99328}}
{"sessionId":"0173da","runId":"post-fix","timestamp":1783913475831,"hypothesisId":"L2","location":"dataplane_wan.c:dataplane_process_wan","message":"wan_l2_forward_ok","data":{"wire_in":96,"plain_len":66,"n":18944}}
{"sessionId":"0173da","runId":"post-fix","timestamp":1783913475831,"hypothesisId":"L2","location":"dataplane_wan.c:decrypt_wan","message":"l2_full_decrypt_ok","data":{"wire_len":96,"plain_len":66,"n":18944}}
{"sessionId":"0173da","runId":"post-fix","timestamp":1783913475831,"hypothesisId":"L2","location":"dataplane_local.c:encrypt_to_wan","message":"split_l2_enter","data":{"plain_len":1514,"mode":1,"frag_meta":35,"mtu":1500,"n":99584}}
{"sessionId":"0173da","runId":"post-fix","timestamp":1783913475831,"hypothesisId":"L2","location":"dataplane_local.c:encrypt_to_wan","message":"split_l2_ok","data":{"frag0_wire":1500,"frag1_wire":98,"n":99584}}
{"sessionId":"0173da","runId":"post-fix","timestamp":1783913475833,"hypothesisId":"L2","location":"dataplane_local.c:encrypt_to_wan","message":"split_l2_enter","data":{"plain_len":1514,"mode":1,"frag_meta":35,"mtu":1500,"n":99840}}
{"sessionId":"0173da","runId":"post-fix","timestamp":1783913475833,"hypothesisId":"L2","location":"dataplane_local.c:encrypt_to_wan","message":"split_l2_ok","data":{"frag0_wire":1500,"frag1_wire":98,"n":99840}}
{"sessionId":"0173da","runId":"post-fix","timestamp":1783913475834,"hypothesisId":"L2","location":"dataplane_local.c:encrypt_to_wan","message":"split_l2_enter","data":{"plain_len":1514,"mode":1,"frag_meta":35,"mtu":1500,"n":100096}}
{"sessionId":"0173da","runId":"post-fix","timestamp":1783913475834,"hypothesisId":"L2","location":"dataplane_local.c:encrypt_to_wan","message":"split_l2_ok","data":{"frag0_wire":1500,"frag1_wire":98,"n":100096}}
{"sessionId":"0173da","runId":"post-fix","timestamp":1783913475835,"hypothesisId":"L2","location":"dataplane_local.c:encrypt_to_wan","message":"split_l2_enter","data":{"plain_len":1514,"mode":1,"frag_meta":35,"mtu":1500,"n":100352}}
{"sessionId":"0173da","runId":"post-fix","timestamp":1783913475835,"hypothesisId":"L2","location":"dataplane_local.c:encrypt_to_wan","message":"split_l2_ok","data":{"frag0_wire":1500,"frag1_wire":98,"n":100352}}
{"sessionId":"0173da","runId":"post-fix","timestamp":1783913475836,"hypothesisId":"L2","location":"dataplane_local.c:encrypt_to_wan","message":"split_l2_enter","data":{"plain_len":1514,"mode":1,"frag_meta":35,"mtu":1500,"n":100608}}
{"sessionId":"0173da","runId":"post-fix","timestamp":1783913475837,"hypothesisId":"L2","location":"dataplane_local.c:encrypt_to_wan","message":"split_l2_ok","data":{"frag0_wire":1500,"frag1_wire":98,"n":100608}}
{"sessionId":"0173da","runId":"post-fix","timestamp":1783913475838,"hypothesisId":"L2","location":"dataplane_local.c:encrypt_to_wan","message":"split_l2_enter","data":{"plain_len":1514,"mode":1,"frag_meta":35,"mtu":1500,"n":100864}}
{"sessionId":"0173da","runId":"post-fix","timestamp":1783913475838,"hypothesisId":"L2","location":"dataplane_local.c:encrypt_to_wan","message":"split_l2_ok","data":{"frag0_wire":1500,"frag1_wire":98,"n":100864}}
{"sessionId":"0173da","runId":"post-fix","timestamp":1783913475839,"hypothesisId":"L2","location":"dataplane_local.c:encrypt_to_wan","message":"split_l2_enter","data":{"plain_len":1514,"mode":1,"frag_meta":35,"mtu":1500,"n":101120}}
{"sessionId":"0173da","runId":"post-fix","timestamp":1783913475839,"hypothesisId":"L2","location":"dataplane_local.c:encrypt_to_wan","message":"split_l2_ok","data":{"frag0_wire":1500,"frag1_wire":98,"n":101120}}
{"sessionId":"0173da","runId":"post-fix","timestamp":1783913475840,"hypothesisId":"L2","location":"dataplane_wan.c:decrypt_wan","message":"l2_full_decrypt_ok","data":{"wire_len":124,"plain_len":94,"n":19456}}
{"sessionId":"0173da","runId":"post-fix","timestamp":1783913475840,"hypothesisId":"L2","location":"dataplane_wan.c:dataplane_process_wan","message":"wan_l2_forward_ok","data":{"wire_in":116,"plain_len":86,"n":19456}}
{"sessionId":"0173da","runId":"post-fix","timestamp":1783913475840,"hypothesisId":"L2","location":"dataplane_local.c:encrypt_to_wan","message":"split_l2_enter","data":{"plain_len":1514,"mode":1,"frag_meta":35,"mtu":1500,"n":101376}}
{"sessionId":"0173da","runId":"post-fix","timestamp":1783913475841,"hypothesisId":"L2","location":"dataplane_local.c:encrypt_to_wan","message":"split_l2_ok","data":{"frag0_wire":1500,"frag1_wire":98,"n":101376}}
{"sessionId":"0173da","runId":"post-fix","timestamp":1783913475842,"hypothesisId":"L2","location":"dataplane_local.c:encrypt_to_wan","message":"split_l2_enter","data":{"plain_len":1514,"mode":1,"frag_meta":35,"mtu":1500,"n":101632}}
{"sessionId":"0173da","runId":"post-fix","timestamp":1783913475842,"hypothesisId":"L2","location":"dataplane_local.c:encrypt_to_wan","message":"split_l2_ok","data":{"frag0_wire":1500,"frag1_wire":98,"n":101632}}
{"sessionId":"0173da","runId":"post-fix","timestamp":1783913475843,"hypothesisId":"L2","location":"dataplane_local.c:encrypt_to_wan","message":"split_l2_enter","data":{"plain_len":1514,"mode":1,"frag_meta":35,"mtu":1500,"n":101888}}
{"sessionId":"0173da","runId":"post-fix","timestamp":1783913475843,"hypothesisId":"L2","location":"dataplane_local.c:encrypt_to_wan","message":"split_l2_ok","data":{"frag0_wire":1500,"frag1_wire":98,"n":101888}}
{"sessionId":"0173da","runId":"post-fix","timestamp":1783913475844,"hypothesisId":"L2","location":"dataplane_local.c:encrypt_to_wan","message":"split_l2_enter","data":{"plain_len":1514,"mode":1,"frag_meta":35,"mtu":1500,"n":102144}}
{"sessionId":"0173da","runId":"post-fix","timestamp":1783913475845,"hypothesisId":"L2","location":"dataplane_local.c:encrypt_to_wan","message":"split_l2_ok","data":{"frag0_wire":1500,"frag1_wire":98,"n":102144}}
{"sessionId":"0173da","runId":"post-fix","timestamp":1783913475846,"hypothesisId":"L2","location":"dataplane_local.c:encrypt_to_wan","message":"split_l2_enter","data":{"plain_len":1514,"mode":1,"frag_meta":35,"mtu":1500,"n":102400}}
{"sessionId":"0173da","runId":"post-fix","timestamp":1783913475846,"hypothesisId":"L2","location":"dataplane_local.c:encrypt_to_wan","message":"split_l2_ok","data":{"frag0_wire":1500,"frag1_wire":98,"n":102400}}
{"sessionId":"0173da","runId":"post-fix","timestamp":1783913475847,"hypothesisId":"L2","location":"dataplane_wan.c:decrypt_wan","message":"l2_full_decrypt_ok","data":{"wire_len":108,"plain_len":78,"n":19968}}
{"sessionId":"0173da","runId":"post-fix","timestamp":1783913475847,"hypothesisId":"L2","location":"dataplane_wan.c:dataplane_process_wan","message":"wan_l2_forward_ok","data":{"wire_in":108,"plain_len":78,"n":19968}}
{"sessionId":"0173da","runId":"post-fix","timestamp":1783913475847,"hypothesisId":"L2","location":"dataplane_local.c:encrypt_to_wan","message":"split_l2_enter","data":{"plain_len":1514,"mode":1,"frag_meta":35,"mtu":1500,"n":102656}}
{"sessionId":"0173da","runId":"post-fix","timestamp":1783913475847,"hypothesisId":"L2","location":"dataplane_local.c:encrypt_to_wan","message":"split_l2_ok","data":{"frag0_wire":1500,"frag1_wire":98,"n":102656}}
{"sessionId":"0173da","runId":"post-fix","timestamp":1783913475848,"hypothesisId":"L2","location":"dataplane_local.c:encrypt_to_wan","message":"split_l2_enter","data":{"plain_len":1514,"mode":1,"frag_meta":35,"mtu":1500,"n":102912}}
{"sessionId":"0173da","runId":"post-fix","timestamp":1783913475849,"hypothesisId":"L2","location":"dataplane_local.c:encrypt_to_wan","message":"split_l2_ok","data":{"frag0_wire":1500,"frag1_wire":98,"n":102912}}
{"sessionId":"0173da","runId":"post-fix","timestamp":1783913475850,"hypothesisId":"L2","location":"dataplane_local.c:encrypt_to_wan","message":"split_l2_enter","data":{"plain_len":1514,"mode":1,"frag_meta":35,"mtu":1500,"n":103168}}
{"sessionId":"0173da","runId":"post-fix","timestamp":1783913475850,"hypothesisId":"L2","location":"dataplane_local.c:encrypt_to_wan","message":"split_l2_ok","data":{"frag0_wire":1500,"frag1_wire":98,"n":103168}}
{"sessionId":"0173da","runId":"post-fix","timestamp":1783913475851,"hypothesisId":"L2","location":"dataplane_local.c:encrypt_to_wan","message":"split_l2_enter","data":{"plain_len":1507,"mode":1,"frag_meta":35,"mtu":1500,"n":103424}}
{"sessionId":"0173da","runId":"post-fix","timestamp":1783913475851,"hypothesisId":"L2","location":"dataplane_local.c:encrypt_to_wan","message":"split_l2_ok","data":{"frag0_wire":1500,"frag1_wire":91,"n":103424}}
{"sessionId":"0173da","runId":"post-fix","timestamp":1783913475852,"hypothesisId":"L2","location":"dataplane_local.c:encrypt_to_wan","message":"split_l2_enter","data":{"plain_len":1514,"mode":1,"frag_meta":35,"mtu":1500,"n":103680}}
{"sessionId":"0173da","runId":"post-fix","timestamp":1783913475852,"hypothesisId":"L2","location":"dataplane_local.c:encrypt_to_wan","message":"split_l2_ok","data":{"frag0_wire":1500,"frag1_wire":98,"n":103680}}
{"sessionId":"0173da","runId":"post-fix","timestamp":1783913475853,"hypothesisId":"L2","location":"dataplane_wan.c:dataplane_process_wan","message":"wan_l2_forward_ok","data":{"wire_in":96,"plain_len":66,"n":20480}}
{"sessionId":"0173da","runId":"post-fix","timestamp":1783913475853,"hypothesisId":"L2","location":"dataplane_wan.c:decrypt_wan","message":"l2_full_decrypt_ok","data":{"wire_len":116,"plain_len":86,"n":20480}}
{"sessionId":"0173da","runId":"post-fix","timestamp":1783913475853,"hypothesisId":"L2","location":"dataplane_local.c:encrypt_to_wan","message":"split_l2_enter","data":{"plain_len":1514,"mode":1,"frag_meta":35,"mtu":1500,"n":103936}}
{"sessionId":"0173da","runId":"post-fix","timestamp":1783913475853,"hypothesisId":"L2","location":"dataplane_local.c:encrypt_to_wan","message":"split_l2_ok","data":{"frag0_wire":1500,"frag1_wire":98,"n":103936}}
{"sessionId":"0173da","runId":"post-fix","timestamp":1783913475855,"hypothesisId":"L2","location":"dataplane_local.c:encrypt_to_wan","message":"split_l2_enter","data":{"plain_len":1514,"mode":1,"frag_meta":35,"mtu":1500,"n":104192}}
{"sessionId":"0173da","runId":"post-fix","timestamp":1783913475855,"hypothesisId":"L2","location":"dataplane_local.c:encrypt_to_wan","message":"split_l2_ok","data":{"frag0_wire":1500,"frag1_wire":98,"n":104192}}
{"sessionId":"0173da","runId":"post-fix","timestamp":1783913475856,"hypothesisId":"L2","location":"dataplane_local.c:encrypt_to_wan","message":"split_l2_enter","data":{"plain_len":1514,"mode":1,"frag_meta":35,"mtu":1500,"n":104448}}
{"sessionId":"0173da","runId":"post-fix","timestamp":1783913475856,"hypothesisId":"L2","location":"dataplane_local.c:encrypt_to_wan","message":"split_l2_ok","data":{"frag0_wire":1500,"frag1_wire":98,"n":104448}}
{"sessionId":"0173da","runId":"post-fix","timestamp":1783913475857,"hypothesisId":"L2","location":"dataplane_local.c:encrypt_to_wan","message":"split_l2_enter","data":{"plain_len":1514,"mode":1,"frag_meta":35,"mtu":1500,"n":104704}}
{"sessionId":"0173da","runId":"post-fix","timestamp":1783913475857,"hypothesisId":"L2","location":"dataplane_local.c:encrypt_to_wan","message":"split_l2_ok","data":{"frag0_wire":1500,"frag1_wire":98,"n":104704}}
{"sessionId":"0173da","runId":"post-fix","timestamp":1783913475858,"hypothesisId":"L2","location":"dataplane_local.c:encrypt_to_wan","message":"split_l2_enter","data":{"plain_len":1507,"mode":1,"frag_meta":35,"mtu":1500,"n":104960}}
{"sessionId":"0173da","runId":"post-fix","timestamp":1783913475858,"hypothesisId":"L2","location":"dataplane_local.c:encrypt_to_wan","message":"split_l2_ok","data":{"frag0_wire":1500,"frag1_wire":91,"n":104960}}
{"sessionId":"0173da","runId":"post-fix","timestamp":1783913475860,"hypothesisId":"L2","location":"dataplane_local.c:encrypt_to_wan","message":"split_l2_enter","data":{"plain_len":1514,"mode":1,"frag_meta":35,"mtu":1500,"n":105216}}
{"sessionId":"0173da","runId":"post-fix","timestamp":1783913475860,"hypothesisId":"L2","location":"dataplane_local.c:encrypt_to_wan","message":"split_l2_ok","data":{"frag0_wire":1500,"frag1_wire":98,"n":105216}}
{"sessionId":"0173da","runId":"post-fix","timestamp":1783913475861,"hypothesisId":"L2","location":"dataplane_local.c:encrypt_to_wan","message":"split_l2_enter","data":{"plain_len":1514,"mode":1,"frag_meta":35,"mtu":1500,"n":105472}}
{"sessionId":"0173da","runId":"post-fix","timestamp":1783913475861,"hypothesisId":"L2","location":"dataplane_wan.c:decrypt_wan","message":"l2_full_decrypt_ok","data":{"wire_len":96,"plain_len":66,"n":20992}}
{"sessionId":"0173da","runId":"post-fix","timestamp":1783913475861,"hypothesisId":"L2","location":"dataplane_local.c:encrypt_to_wan","message":"split_l2_ok","data":{"frag0_wire":1500,"frag1_wire":98,"n":105472}}
{"sessionId":"0173da","runId":"post-fix","timestamp":1783913475861,"hypothesisId":"L2","location":"dataplane_wan.c:dataplane_process_wan","message":"wan_l2_forward_ok","data":{"wire_in":96,"plain_len":66,"n":20992}}
{"sessionId":"0173da","runId":"post-fix","timestamp":1783913475862,"hypothesisId":"L2","location":"dataplane_local.c:encrypt_to_wan","message":"split_l2_enter","data":{"plain_len":1514,"mode":1,"frag_meta":35,"mtu":1500,"n":105728}}
{"sessionId":"0173da","runId":"post-fix","timestamp":1783913475862,"hypothesisId":"L2","location":"dataplane_local.c:encrypt_to_wan","message":"split_l2_ok","data":{"frag0_wire":1500,"frag1_wire":98,"n":105728}}
{"sessionId":"0173da","runId":"post-fix","timestamp":1783913475864,"hypothesisId":"L2","location":"dataplane_local.c:encrypt_to_wan","message":"split_l2_enter","data":{"plain_len":1514,"mode":1,"frag_meta":35,"mtu":1500,"n":105984}}
{"sessionId":"0173da","runId":"post-fix","timestamp":1783913475864,"hypothesisId":"L2","location":"dataplane_local.c:encrypt_to_wan","message":"split_l2_ok","data":{"frag0_wire":1500,"frag1_wire":98,"n":105984}}
{"sessionId":"0173da","runId":"post-fix","timestamp":1783913475865,"hypothesisId":"L2","location":"dataplane_local.c:encrypt_to_wan","message":"split_l2_enter","data":{"plain_len":1514,"mode":1,"frag_meta":35,"mtu":1500,"n":106240}}
{"sessionId":"0173da","runId":"post-fix","timestamp":1783913475865,"hypothesisId":"L2","location":"dataplane_local.c:encrypt_to_wan","message":"split_l2_ok","data":{"frag0_wire":1500,"frag1_wire":98,"n":106240}}
{"sessionId":"0173da","runId":"post-fix","timestamp":1783913475866,"hypothesisId":"L2","location":"dataplane_local.c:encrypt_to_wan","message":"split_l2_enter","data":{"plain_len":1514,"mode":1,"frag_meta":35,"mtu":1500,"n":106496}}
{"sessionId":"0173da","runId":"post-fix","timestamp":1783913475866,"hypothesisId":"L2","location":"dataplane_local.c:encrypt_to_wan","message":"split_l2_ok","data":{"frag0_wire":1500,"frag1_wire":98,"n":106496}}
{"sessionId":"0173da","runId":"post-fix","timestamp":1783913475867,"hypothesisId":"L2","location":"dataplane_wan.c:decrypt_wan","message":"l2_full_decrypt_ok","data":{"wire_len":96,"plain_len":66,"n":21504}}
{"sessionId":"0173da","runId":"post-fix","timestamp":1783913475867,"hypothesisId":"L2","location":"dataplane_wan.c:dataplane_process_wan","message":"wan_l2_forward_ok","data":{"wire_in":96,"plain_len":66,"n":21504}}
{"sessionId":"0173da","runId":"post-fix","timestamp":1783913475867,"hypothesisId":"L2","location":"dataplane_local.c:encrypt_to_wan","message":"split_l2_enter","data":{"plain_len":1514,"mode":1,"frag_meta":35,"mtu":1500,"n":106752}}
{"sessionId":"0173da","runId":"post-fix","timestamp":1783913475867,"hypothesisId":"L2","location":"dataplane_local.c:encrypt_to_wan","message":"split_l2_ok","data":{"frag0_wire":1500,"frag1_wire":98,"n":106752}}
{"sessionId":"0173da","runId":"post-fix","timestamp":1783913475868,"hypothesisId":"L2","location":"dataplane_local.c:encrypt_to_wan","message":"split_l2_enter","data":{"plain_len":1514,"mode":1,"frag_meta":35,"mtu":1500,"n":107008}}
{"sessionId":"0173da","runId":"post-fix","timestamp":1783913475869,"hypothesisId":"L2","location":"dataplane_local.c:encrypt_to_wan","message":"split_l2_ok","data":{"frag0_wire":1500,"frag1_wire":98,"n":107008}}
{"sessionId":"0173da","runId":"post-fix","timestamp":1783913475870,"hypothesisId":"L2","location":"dataplane_local.c:encrypt_to_wan","message":"split_l2_enter","data":{"plain_len":1514,"mode":1,"frag_meta":35,"mtu":1500,"n":107264}}
{"sessionId":"0173da","runId":"post-fix","timestamp":1783913475870,"hypothesisId":"L2","location":"dataplane_local.c:encrypt_to_wan","message":"split_l2_ok","data":{"frag0_wire":1500,"frag1_wire":98,"n":107264}}
{"sessionId":"0173da","runId":"post-fix","timestamp":1783913475871,"hypothesisId":"L2","location":"dataplane_local.c:encrypt_to_wan","message":"split_l2_enter","data":{"plain_len":1514,"mode":1,"frag_meta":35,"mtu":1500,"n":107520}}
{"sessionId":"0173da","runId":"post-fix","timestamp":1783913475871,"hypothesisId":"L2","location":"dataplane_local.c:encrypt_to_wan","message":"split_l2_ok","data":{"frag0_wire":1500,"frag1_wire":98,"n":107520}}
{"sessionId":"0173da","runId":"post-fix","timestamp":1783913475872,"hypothesisId":"L2","location":"dataplane_local.c:encrypt_to_wan","message":"split_l2_enter","data":{"plain_len":1514,"mode":1,"frag_meta":35,"mtu":1500,"n":107776}}
{"sessionId":"0173da","runId":"post-fix","timestamp":1783913475873,"hypothesisId":"L2","location":"dataplane_local.c:encrypt_to_wan","message":"split_l2_ok","data":{"frag0_wire":1500,"frag1_wire":98,"n":107776}}
{"sessionId":"0173da","runId":"post-fix","timestamp":1783913475873,"hypothesisId":"L2","location":"dataplane_wan.c:decrypt_wan","message":"l2_full_decrypt_ok","data":{"wire_len":108,"plain_len":78,"n":22016}}
{"sessionId":"0173da","runId":"post-fix","timestamp":1783913475873,"hypothesisId":"L2","location":"dataplane_wan.c:dataplane_process_wan","message":"wan_l2_forward_ok","data":{"wire_in":108,"plain_len":78,"n":22016}}
{"sessionId":"0173da","runId":"post-fix","timestamp":1783913475874,"hypothesisId":"L2","location":"dataplane_local.c:encrypt_to_wan","message":"split_l2_enter","data":{"plain_len":1514,"mode":1,"frag_meta":35,"mtu":1500,"n":108032}}
{"sessionId":"0173da","runId":"post-fix","timestamp":1783913475874,"hypothesisId":"L2","location":"dataplane_local.c:encrypt_to_wan","message":"split_l2_ok","data":{"frag0_wire":1500,"frag1_wire":98,"n":108032}}
{"sessionId":"0173da","runId":"post-fix","timestamp":1783913475875,"hypothesisId":"L2","location":"dataplane_local.c:encrypt_to_wan","message":"split_l2_enter","data":{"plain_len":1514,"mode":1,"frag_meta":35,"mtu":1500,"n":108288}}
{"sessionId":"0173da","runId":"post-fix","timestamp":1783913475875,"hypothesisId":"L2","location":"dataplane_local.c:encrypt_to_wan","message":"split_l2_ok","data":{"frag0_wire":1500,"frag1_wire":98,"n":108288}}
{"sessionId":"0173da","runId":"post-fix","timestamp":1783913475876,"hypothesisId":"L2","location":"dataplane_local.c:encrypt_to_wan","message":"split_l2_enter","data":{"plain_len":1514,"mode":1,"frag_meta":35,"mtu":1500,"n":108544}}
{"sessionId":"0173da","runId":"post-fix","timestamp":1783913475876,"hypothesisId":"L2","location":"dataplane_local.c:encrypt_to_wan","message":"split_l2_ok","data":{"frag0_wire":1500,"frag1_wire":98,"n":108544}}
{"sessionId":"0173da","runId":"post-fix","timestamp":1783913475877,"hypothesisId":"L2","location":"dataplane_local.c:encrypt_to_wan","message":"split_l2_enter","data":{"plain_len":1514,"mode":1,"frag_meta":35,"mtu":1500,"n":108800}}
{"sessionId":"0173da","runId":"post-fix","timestamp":1783913475878,"hypothesisId":"L2","location":"dataplane_local.c:encrypt_to_wan","message":"split_l2_ok","data":{"frag0_wire":1500,"frag1_wire":98,"n":108800}}
{"sessionId":"0173da","runId":"post-fix","timestamp":1783913475878,"hypothesisId":"L2","location":"dataplane_wan.c:decrypt_wan","message":"l2_full_decrypt_ok","data":{"wire_len":96,"plain_len":66,"n":22528}}
{"sessionId":"0173da","runId":"post-fix","timestamp":1783913475878,"hypothesisId":"L2","location":"dataplane_wan.c:dataplane_process_wan","message":"wan_l2_forward_ok","data":{"wire_in":108,"plain_len":78,"n":22528}}
{"sessionId":"0173da","runId":"post-fix","timestamp":1783913475878,"hypothesisId":"L2","location":"dataplane_local.c:encrypt_to_wan","message":"split_l2_enter","data":{"plain_len":1514,"mode":1,"frag_meta":35,"mtu":1500,"n":109056}}
{"sessionId":"0173da","runId":"post-fix","timestamp":1783913475879,"hypothesisId":"L2","location":"dataplane_local.c:encrypt_to_wan","message":"split_l2_ok","data":{"frag0_wire":1500,"frag1_wire":98,"n":109056}}
{"sessionId":"0173da","runId":"post-fix","timestamp":1783913475880,"hypothesisId":"L2","location":"dataplane_local.c:encrypt_to_wan","message":"split_l2_enter","data":{"plain_len":1514,"mode":1,"frag_meta":35,"mtu":1500,"n":109312}}
{"sessionId":"0173da","runId":"post-fix","timestamp":1783913475880,"hypothesisId":"L2","location":"dataplane_local.c:encrypt_to_wan","message":"split_l2_ok","data":{"frag0_wire":1500,"frag1_wire":98,"n":109312}}
{"sessionId":"0173da","runId":"post-fix","timestamp":1783913475881,"hypothesisId":"L2","location":"dataplane_local.c:encrypt_to_wan","message":"split_l2_enter","data":{"plain_len":1514,"mode":1,"frag_meta":35,"mtu":1500,"n":109568}}
{"sessionId":"0173da","runId":"post-fix","timestamp":1783913475881,"hypothesisId":"L2","location":"dataplane_local.c:encrypt_to_wan","message":"split_l2_ok","data":{"frag0_wire":1500,"frag1_wire":98,"n":109568}}
{"sessionId":"0173da","runId":"post-fix","timestamp":1783913475882,"hypothesisId":"L2","location":"dataplane_local.c:encrypt_to_wan","message":"split_l2_enter","data":{"plain_len":1514,"mode":1,"frag_meta":35,"mtu":1500,"n":109824}}
{"sessionId":"0173da","runId":"post-fix","timestamp":1783913475883,"hypothesisId":"L2","location":"dataplane_local.c:encrypt_to_wan","message":"split_l2_ok","data":{"frag0_wire":1500,"frag1_wire":98,"n":109824}}
{"sessionId":"0173da","runId":"post-fix","timestamp":1783913475884,"hypothesisId":"L2","location":"dataplane_local.c:encrypt_to_wan","message":"split_l2_enter","data":{"plain_len":1514,"mode":1,"frag_meta":35,"mtu":1500,"n":110080}}
{"sessionId":"0173da","runId":"post-fix","timestamp":1783913475884,"hypothesisId":"L2","location":"dataplane_local.c:encrypt_to_wan","message":"split_l2_ok","data":{"frag0_wire":1500,"frag1_wire":98,"n":110080}}
{"sessionId":"0173da","runId":"post-fix","timestamp":1783913475885,"hypothesisId":"L2","location":"dataplane_wan.c:decrypt_wan","message":"l2_full_decrypt_ok","data":{"wire_len":124,"plain_len":94,"n":23040}}
{"sessionId":"0173da","runId":"post-fix","timestamp":1783913475885,"hypothesisId":"L2","location":"dataplane_wan.c:dataplane_process_wan","message":"wan_l2_forward_ok","data":{"wire_in":108,"plain_len":78,"n":23040}}
{"sessionId":"0173da","runId":"post-fix","timestamp":1783913475885,"hypothesisId":"L2","location":"dataplane_local.c:encrypt_to_wan","message":"split_l2_enter","data":{"plain_len":1514,"mode":1,"frag_meta":35,"mtu":1500,"n":110336}}
{"sessionId":"0173da","runId":"post-fix","timestamp":1783913475885,"hypothesisId":"L2","location":"dataplane_local.c:encrypt_to_wan","message":"split_l2_ok","data":{"frag0_wire":1500,"frag1_wire":98,"n":110336}}
{"sessionId":"0173da","runId":"post-fix","timestamp":1783913475886,"hypothesisId":"L2","location":"dataplane_local.c:encrypt_to_wan","message":"split_l2_enter","data":{"plain_len":1514,"mode":1,"frag_meta":35,"mtu":1500,"n":110592}}
{"sessionId":"0173da","runId":"post-fix","timestamp":1783913475886,"hypothesisId":"L2","location":"dataplane_local.c:encrypt_to_wan","message":"split_l2_ok","data":{"frag0_wire":1500,"frag1_wire":98,"n":110592}}
{"sessionId":"0173da","runId":"post-fix","timestamp":1783913475887,"hypothesisId":"L2","location":"dataplane_local.c:encrypt_to_wan","message":"split_l2_enter","data":{"plain_len":1514,"mode":1,"frag_meta":35,"mtu":1500,"n":110848}}
{"sessionId":"0173da","runId":"post-fix","timestamp":1783913475888,"hypothesisId":"L2","location":"dataplane_local.c:encrypt_to_wan","message":"split_l2_ok","data":{"frag0_wire":1500,"frag1_wire":98,"n":110848}}
{"sessionId":"0173da","runId":"post-fix","timestamp":1783913475889,"hypothesisId":"L2","location":"dataplane_local.c:encrypt_to_wan","message":"split_l2_enter","data":{"plain_len":1514,"mode":1,"frag_meta":35,"mtu":1500,"n":111104}}
{"sessionId":"0173da","runId":"post-fix","timestamp":1783913475889,"hypothesisId":"L2","location":"dataplane_local.c:encrypt_to_wan","message":"split_l2_ok","data":{"frag0_wire":1500,"frag1_wire":98,"n":111104}}
{"sessionId":"0173da","runId":"post-fix","timestamp":1783913475890,"hypothesisId":"L2","location":"dataplane_wan.c:decrypt_wan","message":"l2_full_decrypt_ok","data":{"wire_len":108,"plain_len":78,"n":23552}}
{"sessionId":"0173da","runId":"post-fix","timestamp":1783913475890,"hypothesisId":"L2","location":"dataplane_wan.c:dataplane_process_wan","message":"wan_l2_forward_ok","data":{"wire_in":124,"plain_len":94,"n":23552}}
{"sessionId":"0173da","runId":"post-fix","timestamp":1783913475890,"hypothesisId":"L2","location":"dataplane_local.c:encrypt_to_wan","message":"split_l2_enter","data":{"plain_len":1514,"mode":1,"frag_meta":35,"mtu":1500,"n":111360}}
{"sessionId":"0173da","runId":"post-fix","timestamp":1783913475890,"hypothesisId":"L2","location":"dataplane_local.c:encrypt_to_wan","message":"split_l2_ok","data":{"frag0_wire":1500,"frag1_wire":98,"n":111360}}
{"sessionId":"0173da","runId":"post-fix","timestamp":1783913475892,"hypothesisId":"L2","location":"dataplane_local.c:encrypt_to_wan","message":"split_l2_enter","data":{"plain_len":1514,"mode":1,"frag_meta":35,"mtu":1500,"n":111616}}
{"sessionId":"0173da","runId":"post-fix","timestamp":1783913475892,"hypothesisId":"L2","location":"dataplane_local.c:encrypt_to_wan","message":"split_l2_ok","data":{"frag0_wire":1500,"frag1_wire":98,"n":111616}}
{"sessionId":"0173da","runId":"post-fix","timestamp":1783913475893,"hypothesisId":"L2","location":"dataplane_local.c:encrypt_to_wan","message":"split_l2_enter","data":{"plain_len":1514,"mode":1,"frag_meta":35,"mtu":1500,"n":111872}}
{"sessionId":"0173da","runId":"post-fix","timestamp":1783913475893,"hypothesisId":"L2","location":"dataplane_local.c:encrypt_to_wan","message":"split_l2_ok","data":{"frag0_wire":1500,"frag1_wire":98,"n":111872}}
{"sessionId":"0173da","runId":"post-fix","timestamp":1783913475894,"hypothesisId":"L2","location":"dataplane_wan.c:dataplane_process_wan","message":"wan_l2_forward_ok","data":{"wire_in":108,"plain_len":78,"n":24064}}
{"sessionId":"0173da","runId":"post-fix","timestamp":1783913475894,"hypothesisId":"L2","location":"dataplane_wan.c:decrypt_wan","message":"l2_full_decrypt_ok","data":{"wire_len":108,"plain_len":78,"n":24064}}
{"sessionId":"0173da","runId":"post-fix","timestamp":1783913475895,"hypothesisId":"L2","location":"dataplane_local.c:encrypt_to_wan","message":"split_l2_enter","data":{"plain_len":1514,"mode":1,"frag_meta":35,"mtu":1500,"n":112128}}
{"sessionId":"0173da","runId":"post-fix","timestamp":1783913475895,"hypothesisId":"L2","location":"dataplane_local.c:encrypt_to_wan","message":"split_l2_ok","data":{"frag0_wire":1500,"frag1_wire":98,"n":112128}}
{"sessionId":"0173da","runId":"post-fix","timestamp":1783913475896,"hypothesisId":"L2","location":"dataplane_local.c:encrypt_to_wan","message":"split_l2_enter","data":{"plain_len":1514,"mode":1,"frag_meta":35,"mtu":1500,"n":112384}}
{"sessionId":"0173da","runId":"post-fix","timestamp":1783913475896,"hypothesisId":"L2","location":"dataplane_local.c:encrypt_to_wan","message":"split_l2_ok","data":{"frag0_wire":1500,"frag1_wire":98,"n":112384}}
{"sessionId":"0173da","runId":"post-fix","timestamp":1783913475898,"hypothesisId":"L2","location":"dataplane_wan.c:decrypt_wan","message":"l2_full_decrypt_ok","data":{"wire_len":96,"plain_len":66,"n":24576}}
{"sessionId":"0173da","runId":"post-fix","timestamp":1783913475898,"hypothesisId":"L2","location":"dataplane_wan.c:dataplane_process_wan","message":"wan_l2_forward_ok","data":{"wire_in":96,"plain_len":66,"n":24576}}
{"sessionId":"0173da","runId":"post-fix","timestamp":1783913475898,"hypothesisId":"L2","location":"dataplane_local.c:encrypt_to_wan","message":"split_l2_enter","data":{"plain_len":1514,"mode":1,"frag_meta":35,"mtu":1500,"n":112640}}
{"sessionId":"0173da","runId":"post-fix","timestamp":1783913475898,"hypothesisId":"L2","location":"dataplane_local.c:encrypt_to_wan","message":"split_l2_ok","data":{"frag0_wire":1500,"frag1_wire":98,"n":112640}}
{"sessionId":"0173da","runId":"post-fix","timestamp":1783913475899,"hypothesisId":"L2","location":"dataplane_local.c:encrypt_to_wan","message":"split_l2_enter","data":{"plain_len":1514,"mode":1,"frag_meta":35,"mtu":1500,"n":112896}}
{"sessionId":"0173da","runId":"post-fix","timestamp":1783913475900,"hypothesisId":"L2","location":"dataplane_local.c:encrypt_to_wan","message":"split_l2_ok","data":{"frag0_wire":1500,"frag1_wire":98,"n":112896}}
{"sessionId":"0173da","runId":"post-fix","timestamp":1783913475901,"hypothesisId":"L2","location":"dataplane_local.c:encrypt_to_wan","message":"split_l2_enter","data":{"plain_len":1514,"mode":1,"frag_meta":35,"mtu":1500,"n":113152}}
{"sessionId":"0173da","runId":"post-fix","timestamp":1783913475901,"hypothesisId":"L2","location":"dataplane_local.c:encrypt_to_wan","message":"split_l2_ok","data":{"frag0_wire":1500,"frag1_wire":98,"n":113152}}
{"sessionId":"0173da","runId":"post-fix","timestamp":1783913475902,"hypothesisId":"L2","location":"dataplane_local.c:encrypt_to_wan","message":"split_l2_enter","data":{"plain_len":1514,"mode":1,"frag_meta":35,"mtu":1500,"n":113408}}
{"sessionId":"0173da","runId":"post-fix","timestamp":1783913475902,"hypothesisId":"L2","location":"dataplane_local.c:encrypt_to_wan","message":"split_l2_ok","data":{"frag0_wire":1500,"frag1_wire":98,"n":113408}}
{"sessionId":"0173da","runId":"post-fix","timestamp":1783913475903,"hypothesisId":"L2","location":"dataplane_local.c:encrypt_to_wan","message":"split_l2_enter","data":{"plain_len":1514,"mode":1,"frag_meta":35,"mtu":1500,"n":113664}}
{"sessionId":"0173da","runId":"post-fix","timestamp":1783913475903,"hypothesisId":"L2","location":"dataplane_local.c:encrypt_to_wan","message":"split_l2_ok","data":{"frag0_wire":1500,"frag1_wire":98,"n":113664}}
{"sessionId":"0173da","runId":"post-fix","timestamp":1783913475905,"hypothesisId":"L2","location":"dataplane_local.c:encrypt_to_wan","message":"split_l2_enter","data":{"plain_len":1514,"mode":1,"frag_meta":35,"mtu":1500,"n":113920}}
{"sessionId":"0173da","runId":"post-fix","timestamp":1783913475905,"hypothesisId":"L2","location":"dataplane_local.c:encrypt_to_wan","message":"split_l2_ok","data":{"frag0_wire":1500,"frag1_wire":98,"n":113920}}
{"sessionId":"0173da","runId":"post-fix","timestamp":1783913475905,"hypothesisId":"L2","location":"dataplane_wan.c:dataplane_process_wan","message":"wan_l2_forward_ok","data":{"wire_in":96,"plain_len":66,"n":25088}}
{"sessionId":"0173da","runId":"post-fix","timestamp":1783913475905,"hypothesisId":"L2","location":"dataplane_wan.c:decrypt_wan","message":"l2_full_decrypt_ok","data":{"wire_len":96,"plain_len":66,"n":25088}}
{"sessionId":"0173da","runId":"post-fix","timestamp":1783913475906,"hypothesisId":"L2","location":"dataplane_local.c:encrypt_to_wan","message":"split_l2_enter","data":{"plain_len":1514,"mode":1,"frag_meta":35,"mtu":1500,"n":114176}}
{"sessionId":"0173da","runId":"post-fix","timestamp":1783913475906,"hypothesisId":"L2","location":"dataplane_local.c:encrypt_to_wan","message":"split_l2_ok","data":{"frag0_wire":1500,"frag1_wire":98,"n":114176}}
{"sessionId":"0173da","runId":"post-fix","timestamp":1783913475907,"hypothesisId":"L2","location":"dataplane_local.c:encrypt_to_wan","message":"split_l2_enter","data":{"plain_len":1514,"mode":1,"frag_meta":35,"mtu":1500,"n":114432}}
{"sessionId":"0173da","runId":"post-fix","timestamp":1783913475907,"hypothesisId":"L2","location":"dataplane_local.c:encrypt_to_wan","message":"split_l2_ok","data":{"frag0_wire":1500,"frag1_wire":98,"n":114432}}
{"sessionId":"0173da","runId":"post-fix","timestamp":1783913475908,"hypothesisId":"L2","location":"dataplane_local.c:encrypt_to_wan","message":"split_l2_enter","data":{"plain_len":1514,"mode":1,"frag_meta":35,"mtu":1500,"n":114688}}
{"sessionId":"0173da","runId":"post-fix","timestamp":1783913475908,"hypothesisId":"L2","location":"dataplane_local.c:encrypt_to_wan","message":"split_l2_ok","data":{"frag0_wire":1500,"frag1_wire":98,"n":114688}}
{"sessionId":"0173da","runId":"post-fix","timestamp":1783913475910,"hypothesisId":"L2","location":"dataplane_local.c:encrypt_to_wan","message":"split_l2_enter","data":{"plain_len":1514,"mode":1,"frag_meta":35,"mtu":1500,"n":114944}}
{"sessionId":"0173da","runId":"post-fix","timestamp":1783913475910,"hypothesisId":"L2","location":"dataplane_local.c:encrypt_to_wan","message":"split_l2_ok","data":{"frag0_wire":1500,"frag1_wire":98,"n":114944}}
{"sessionId":"0173da","runId":"post-fix","timestamp":1783913475910,"hypothesisId":"L2","location":"dataplane_wan.c:decrypt_wan","message":"l2_full_decrypt_ok","data":{"wire_len":108,"plain_len":78,"n":25600}}
{"sessionId":"0173da","runId":"post-fix","timestamp":1783913475911,"hypothesisId":"L2","location":"dataplane_wan.c:dataplane_process_wan","message":"wan_l2_forward_ok","data":{"wire_in":108,"plain_len":78,"n":25600}}
{"sessionId":"0173da","runId":"post-fix","timestamp":1783913475911,"hypothesisId":"L2","location":"dataplane_local.c:encrypt_to_wan","message":"split_l2_enter","data":{"plain_len":1514,"mode":1,"frag_meta":35,"mtu":1500,"n":115200}}
{"sessionId":"0173da","runId":"post-fix","timestamp":1783913475911,"hypothesisId":"L2","location":"dataplane_local.c:encrypt_to_wan","message":"split_l2_ok","data":{"frag0_wire":1500,"frag1_wire":98,"n":115200}}
{"sessionId":"0173da","runId":"post-fix","timestamp":1783913475912,"hypothesisId":"L2","location":"dataplane_local.c:encrypt_to_wan","message":"split_l2_enter","data":{"plain_len":1514,"mode":1,"frag_meta":35,"mtu":1500,"n":115456}}
{"sessionId":"0173da","runId":"post-fix","timestamp":1783913475912,"hypothesisId":"L2","location":"dataplane_local.c:encrypt_to_wan","message":"split_l2_ok","data":{"frag0_wire":1500,"frag1_wire":98,"n":115456}}
{"sessionId":"0173da","runId":"post-fix","timestamp":1783913475914,"hypothesisId":"L2","location":"dataplane_local.c:encrypt_to_wan","message":"split_l2_enter","data":{"plain_len":1514,"mode":1,"frag_meta":35,"mtu":1500,"n":115712}}
{"sessionId":"0173da","runId":"post-fix","timestamp":1783913475914,"hypothesisId":"L2","location":"dataplane_local.c:encrypt_to_wan","message":"split_l2_ok","data":{"frag0_wire":1500,"frag1_wire":98,"n":115712}}
{"sessionId":"0173da","runId":"post-fix","timestamp":1783913475915,"hypothesisId":"L2","location":"dataplane_local.c:encrypt_to_wan","message":"split_l2_enter","data":{"plain_len":1514,"mode":1,"frag_meta":35,"mtu":1500,"n":115968}}
{"sessionId":"0173da","runId":"post-fix","timestamp":1783913475916,"hypothesisId":"L2","location":"dataplane_local.c:encrypt_to_wan","message":"split_l2_ok","data":{"frag0_wire":1500,"frag1_wire":98,"n":115968}}
{"sessionId":"0173da","runId":"post-fix","timestamp":1783913475917,"hypothesisId":"L2","location":"dataplane_local.c:encrypt_to_wan","message":"split_l2_enter","data":{"plain_len":1514,"mode":1,"frag_meta":35,"mtu":1500,"n":116224}}
{"sessionId":"0173da","runId":"post-fix","timestamp":1783913475917,"hypothesisId":"L2","location":"dataplane_local.c:encrypt_to_wan","message":"split_l2_ok","data":{"frag0_wire":1500,"frag1_wire":98,"n":116224}}
{"sessionId":"0173da","runId":"post-fix","timestamp":1783913475917,"hypothesisId":"L2","location":"dataplane_wan.c:dataplane_process_wan","message":"wan_l2_forward_ok","data":{"wire_in":96,"plain_len":66,"n":26112}}
{"sessionId":"0173da","runId":"post-fix","timestamp":1783913475917,"hypothesisId":"L2","location":"dataplane_wan.c:decrypt_wan","message":"l2_full_decrypt_ok","data":{"wire_len":116,"plain_len":86,"n":26112}}
{"sessionId":"0173da","runId":"post-fix","timestamp":1783913475918,"hypothesisId":"L2","location":"dataplane_local.c:encrypt_to_wan","message":"split_l2_enter","data":{"plain_len":1514,"mode":1,"frag_meta":35,"mtu":1500,"n":116480}}
{"sessionId":"0173da","runId":"post-fix","timestamp":1783913475918,"hypothesisId":"L2","location":"dataplane_local.c:encrypt_to_wan","message":"split_l2_ok","data":{"frag0_wire":1500,"frag1_wire":98,"n":116480}}
{"sessionId":"0173da","runId":"post-fix","timestamp":1783913475920,"hypothesisId":"L2","location":"dataplane_local.c:encrypt_to_wan","message":"split_l2_enter","data":{"plain_len":1514,"mode":1,"frag_meta":35,"mtu":1500,"n":116736}}
{"sessionId":"0173da","runId":"post-fix","timestamp":1783913475920,"hypothesisId":"L2","location":"dataplane_local.c:encrypt_to_wan","message":"split_l2_ok","data":{"frag0_wire":1500,"frag1_wire":98,"n":116736}}
{"sessionId":"0173da","runId":"post-fix","timestamp":1783913475921,"hypothesisId":"L2","location":"dataplane_local.c:encrypt_to_wan","message":"split_l2_enter","data":{"plain_len":1514,"mode":1,"frag_meta":35,"mtu":1500,"n":116992}}
{"sessionId":"0173da","runId":"post-fix","timestamp":1783913475921,"hypothesisId":"L2","location":"dataplane_local.c:encrypt_to_wan","message":"split_l2_ok","data":{"frag0_wire":1500,"frag1_wire":98,"n":116992}}
{"sessionId":"0173da","runId":"post-fix","timestamp":1783913475922,"hypothesisId":"L2","location":"dataplane_local.c:encrypt_to_wan","message":"split_l2_enter","data":{"plain_len":1514,"mode":1,"frag_meta":35,"mtu":1500,"n":117248}}
{"sessionId":"0173da","runId":"post-fix","timestamp":1783913475922,"hypothesisId":"L2","location":"dataplane_local.c:encrypt_to_wan","message":"split_l2_ok","data":{"frag0_wire":1500,"frag1_wire":98,"n":117248}}
{"sessionId":"0173da","runId":"post-fix","timestamp":1783913475923,"hypothesisId":"L2","location":"dataplane_wan.c:dataplane_process_wan","message":"wan_l2_forward_ok","data":{"wire_in":116,"plain_len":86,"n":26624}}
{"sessionId":"0173da","runId":"post-fix","timestamp":1783913475923,"hypothesisId":"L2","location":"dataplane_wan.c:decrypt_wan","message":"l2_full_decrypt_ok","data":{"wire_len":108,"plain_len":78,"n":26624}}
{"sessionId":"0173da","runId":"post-fix","timestamp":1783913475923,"hypothesisId":"L2","location":"dataplane_local.c:encrypt_to_wan","message":"split_l2_enter","data":{"plain_len":1507,"mode":1,"frag_meta":35,"mtu":1500,"n":117504}}
{"sessionId":"0173da","runId":"post-fix","timestamp":1783913475923,"hypothesisId":"L2","location":"dataplane_local.c:encrypt_to_wan","message":"split_l2_ok","data":{"frag0_wire":1500,"frag1_wire":91,"n":117504}}
{"sessionId":"0173da","runId":"post-fix","timestamp":1783913475925,"hypothesisId":"L2","location":"dataplane_local.c:encrypt_to_wan","message":"split_l2_enter","data":{"plain_len":1514,"mode":1,"frag_meta":35,"mtu":1500,"n":117760}}
{"sessionId":"0173da","runId":"post-fix","timestamp":1783913475925,"hypothesisId":"L2","location":"dataplane_local.c:encrypt_to_wan","message":"split_l2_ok","data":{"frag0_wire":1500,"frag1_wire":98,"n":117760}}
{"sessionId":"0173da","runId":"post-fix","timestamp":1783913475926,"hypothesisId":"L2","location":"dataplane_local.c:encrypt_to_wan","message":"split_l2_enter","data":{"plain_len":1514,"mode":1,"frag_meta":35,"mtu":1500,"n":118016}}
{"sessionId":"0173da","runId":"post-fix","timestamp":1783913475926,"hypothesisId":"L2","location":"dataplane_local.c:encrypt_to_wan","message":"split_l2_ok","data":{"frag0_wire":1500,"frag1_wire":98,"n":118016}}
{"sessionId":"0173da","runId":"post-fix","timestamp":1783913475928,"hypothesisId":"L2","location":"dataplane_local.c:encrypt_to_wan","message":"split_l2_enter","data":{"plain_len":1514,"mode":1,"frag_meta":35,"mtu":1500,"n":118272}}
{"sessionId":"0173da","runId":"post-fix","timestamp":1783913475928,"hypothesisId":"L2","location":"dataplane_local.c:encrypt_to_wan","message":"split_l2_ok","data":{"frag0_wire":1500,"frag1_wire":98,"n":118272}}
{"sessionId":"0173da","runId":"post-fix","timestamp":1783913475929,"hypothesisId":"L2","location":"dataplane_local.c:encrypt_to_wan","message":"split_l2_enter","data":{"plain_len":1514,"mode":1,"frag_meta":35,"mtu":1500,"n":118528}}
{"sessionId":"0173da","runId":"post-fix","timestamp":1783913475929,"hypothesisId":"L2","location":"dataplane_local.c:encrypt_to_wan","message":"split_l2_ok","data":{"frag0_wire":1500,"frag1_wire":98,"n":118528}}
{"sessionId":"0173da","runId":"post-fix","timestamp":1783913475929,"hypothesisId":"L2","location":"dataplane_wan.c:decrypt_wan","message":"l2_full_decrypt_ok","data":{"wire_len":96,"plain_len":66,"n":27136}}
{"sessionId":"0173da","runId":"post-fix","timestamp":1783913475929,"hypothesisId":"L2","location":"dataplane_wan.c:dataplane_process_wan","message":"wan_l2_forward_ok","data":{"wire_in":108,"plain_len":78,"n":27136}}
{"sessionId":"0173da","runId":"post-fix","timestamp":1783913475930,"hypothesisId":"L2","location":"dataplane_local.c:encrypt_to_wan","message":"split_l2_enter","data":{"plain_len":1514,"mode":1,"frag_meta":35,"mtu":1500,"n":118784}}
{"sessionId":"0173da","runId":"post-fix","timestamp":1783913475931,"hypothesisId":"L2","location":"dataplane_local.c:encrypt_to_wan","message":"split_l2_ok","data":{"frag0_wire":1500,"frag1_wire":98,"n":118784}}
{"sessionId":"0173da","runId":"post-fix","timestamp":1783913475932,"hypothesisId":"L2","location":"dataplane_local.c:encrypt_to_wan","message":"split_l2_enter","data":{"plain_len":1514,"mode":1,"frag_meta":35,"mtu":1500,"n":119040}}
{"sessionId":"0173da","runId":"post-fix","timestamp":1783913475932,"hypothesisId":"L2","location":"dataplane_local.c:encrypt_to_wan","message":"split_l2_ok","data":{"frag0_wire":1500,"frag1_wire":98,"n":119040}}
{"sessionId":"0173da","runId":"post-fix","timestamp":1783913475933,"hypothesisId":"L2","location":"dataplane_local.c:encrypt_to_wan","message":"split_l2_enter","data":{"plain_len":1514,"mode":1,"frag_meta":35,"mtu":1500,"n":119296}}
{"sessionId":"0173da","runId":"post-fix","timestamp":1783913475933,"hypothesisId":"L2","location":"dataplane_local.c:encrypt_to_wan","message":"split_l2_ok","data":{"frag0_wire":1500,"frag1_wire":98,"n":119296}}
{"sessionId":"0173da","runId":"post-fix","timestamp":1783913475934,"hypothesisId":"L2","location":"dataplane_local.c:encrypt_to_wan","message":"split_l2_enter","data":{"plain_len":1514,"mode":1,"frag_meta":35,"mtu":1500,"n":119552}}
{"sessionId":"0173da","runId":"post-fix","timestamp":1783913475934,"hypothesisId":"L2","location":"dataplane_local.c:encrypt_to_wan","message":"split_l2_ok","data":{"frag0_wire":1500,"frag1_wire":98,"n":119552}}
{"sessionId":"0173da","runId":"post-fix","timestamp":1783913475935,"hypothesisId":"L2","location":"dataplane_local.c:encrypt_to_wan","message":"split_l2_enter","data":{"plain_len":1514,"mode":1,"frag_meta":35,"mtu":1500,"n":119808}}
{"sessionId":"0173da","runId":"post-fix","timestamp":1783913475935,"hypothesisId":"L2","location":"dataplane_local.c:encrypt_to_wan","message":"split_l2_ok","data":{"frag0_wire":1500,"frag1_wire":98,"n":119808}}
{"sessionId":"0173da","runId":"post-fix","timestamp":1783913475936,"hypothesisId":"L2","location":"dataplane_wan.c:dataplane_process_wan","message":"wan_l2_forward_ok","data":{"wire_in":96,"plain_len":66,"n":27648}}
{"sessionId":"0173da","runId":"post-fix","timestamp":1783913475936,"hypothesisId":"L2","location":"dataplane_wan.c:decrypt_wan","message":"l2_full_decrypt_ok","data":{"wire_len":96,"plain_len":66,"n":27648}}
{"sessionId":"0173da","runId":"post-fix","timestamp":1783913475937,"hypothesisId":"L2","location":"dataplane_local.c:encrypt_to_wan","message":"split_l2_enter","data":{"plain_len":1507,"mode":1,"frag_meta":35,"mtu":1500,"n":120064}}
{"sessionId":"0173da","runId":"post-fix","timestamp":1783913475937,"hypothesisId":"L2","location":"dataplane_local.c:encrypt_to_wan","message":"split_l2_ok","data":{"frag0_wire":1500,"frag1_wire":91,"n":120064}}
{"sessionId":"0173da","runId":"post-fix","timestamp":1783913475938,"hypothesisId":"L2","location":"dataplane_local.c:encrypt_to_wan","message":"split_l2_enter","data":{"plain_len":1514,"mode":1,"frag_meta":35,"mtu":1500,"n":120320}}
{"sessionId":"0173da","runId":"post-fix","timestamp":1783913475938,"hypothesisId":"L2","location":"dataplane_local.c:encrypt_to_wan","message":"split_l2_ok","data":{"frag0_wire":1500,"frag1_wire":98,"n":120320}}
{"sessionId":"0173da","runId":"post-fix","timestamp":1783913475939,"hypothesisId":"L2","location":"dataplane_local.c:encrypt_to_wan","message":"split_l2_enter","data":{"plain_len":1514,"mode":1,"frag_meta":35,"mtu":1500,"n":120576}}
{"sessionId":"0173da","runId":"post-fix","timestamp":1783913475939,"hypothesisId":"L2","location":"dataplane_local.c:encrypt_to_wan","message":"split_l2_ok","data":{"frag0_wire":1500,"frag1_wire":98,"n":120576}}
{"sessionId":"0173da","runId":"post-fix","timestamp":1783913475940,"hypothesisId":"L2","location":"dataplane_local.c:encrypt_to_wan","message":"split_l2_enter","data":{"plain_len":1514,"mode":1,"frag_meta":35,"mtu":1500,"n":120832}}
{"sessionId":"0173da","runId":"post-fix","timestamp":1783913475941,"hypothesisId":"L2","location":"dataplane_local.c:encrypt_to_wan","message":"split_l2_ok","data":{"frag0_wire":1500,"frag1_wire":98,"n":120832}}
{"sessionId":"0173da","runId":"post-fix","timestamp":1783913475942,"hypothesisId":"L2","location":"dataplane_local.c:encrypt_to_wan","message":"split_l2_enter","data":{"plain_len":1514,"mode":1,"frag_meta":35,"mtu":1500,"n":121088}}
{"sessionId":"0173da","runId":"post-fix","timestamp":1783913475942,"hypothesisId":"L2","location":"dataplane_wan.c:decrypt_wan","message":"l2_full_decrypt_ok","data":{"wire_len":108,"plain_len":78,"n":28160}}
{"sessionId":"0173da","runId":"post-fix","timestamp":1783913475942,"hypothesisId":"L2","location":"dataplane_local.c:encrypt_to_wan","message":"split_l2_ok","data":{"frag0_wire":1500,"frag1_wire":98,"n":121088}}
{"sessionId":"0173da","runId":"post-fix","timestamp":1783913475942,"hypothesisId":"L2","location":"dataplane_wan.c:dataplane_process_wan","message":"wan_l2_forward_ok","data":{"wire_in":96,"plain_len":66,"n":28160}}
{"sessionId":"0173da","runId":"post-fix","timestamp":1783913475943,"hypothesisId":"L2","location":"dataplane_local.c:encrypt_to_wan","message":"split_l2_enter","data":{"plain_len":1514,"mode":1,"frag_meta":35,"mtu":1500,"n":121344}}
{"sessionId":"0173da","runId":"post-fix","timestamp":1783913475943,"hypothesisId":"L2","location":"dataplane_local.c:encrypt_to_wan","message":"split_l2_ok","data":{"frag0_wire":1500,"frag1_wire":98,"n":121344}}
{"sessionId":"0173da","runId":"post-fix","timestamp":1783913475944,"hypothesisId":"L2","location":"dataplane_local.c:encrypt_to_wan","message":"split_l2_enter","data":{"plain_len":1514,"mode":1,"frag_meta":35,"mtu":1500,"n":121600}}
{"sessionId":"0173da","runId":"post-fix","timestamp":1783913475944,"hypothesisId":"L2","location":"dataplane_local.c:encrypt_to_wan","message":"split_l2_ok","data":{"frag0_wire":1500,"frag1_wire":98,"n":121600}}
{"sessionId":"0173da","runId":"post-fix","timestamp":1783913475946,"hypothesisId":"L2","location":"dataplane_local.c:encrypt_to_wan","message":"split_l2_enter","data":{"plain_len":1507,"mode":1,"frag_meta":35,"mtu":1500,"n":121856}}
{"sessionId":"0173da","runId":"post-fix","timestamp":1783913475946,"hypothesisId":"L2","location":"dataplane_local.c:encrypt_to_wan","message":"split_l2_ok","data":{"frag0_wire":1500,"frag1_wire":91,"n":121856}}
{"sessionId":"0173da","runId":"post-fix","timestamp":1783913475947,"hypothesisId":"L2","location":"dataplane_local.c:encrypt_to_wan","message":"split_l2_enter","data":{"plain_len":1514,"mode":1,"frag_meta":35,"mtu":1500,"n":122112}}
{"sessionId":"0173da","runId":"post-fix","timestamp":1783913475947,"hypothesisId":"L2","location":"dataplane_local.c:encrypt_to_wan","message":"split_l2_ok","data":{"frag0_wire":1500,"frag1_wire":98,"n":122112}}
{"sessionId":"0173da","runId":"post-fix","timestamp":1783913475948,"hypothesisId":"L2","location":"dataplane_wan.c:decrypt_wan","message":"l2_full_decrypt_ok","data":{"wire_len":116,"plain_len":86,"n":28672}}
{"sessionId":"0173da","runId":"post-fix","timestamp":1783913475948,"hypothesisId":"L2","location":"dataplane_wan.c:dataplane_process_wan","message":"wan_l2_forward_ok","data":{"wire_in":108,"plain_len":78,"n":28672}}
{"sessionId":"0173da","runId":"post-fix","timestamp":1783913475948,"hypothesisId":"L2","location":"dataplane_local.c:encrypt_to_wan","message":"split_l2_enter","data":{"plain_len":1514,"mode":1,"frag_meta":35,"mtu":1500,"n":122368}}
{"sessionId":"0173da","runId":"post-fix","timestamp":1783913475948,"hypothesisId":"L2","location":"dataplane_local.c:encrypt_to_wan","message":"split_l2_ok","data":{"frag0_wire":1500,"frag1_wire":98,"n":122368}}
{"sessionId":"0173da","runId":"post-fix","timestamp":1783913475949,"hypothesisId":"L2","location":"dataplane_local.c:encrypt_to_wan","message":"split_l2_enter","data":{"plain_len":1514,"mode":1,"frag_meta":35,"mtu":1500,"n":122624}}
{"sessionId":"0173da","runId":"post-fix","timestamp":1783913475949,"hypothesisId":"L2","location":"dataplane_local.c:encrypt_to_wan","message":"split_l2_ok","data":{"frag0_wire":1500,"frag1_wire":98,"n":122624}}
{"sessionId":"0173da","runId":"post-fix","timestamp":1783913475951,"hypothesisId":"L2","location":"dataplane_local.c:encrypt_to_wan","message":"split_l2_enter","data":{"plain_len":1514,"mode":1,"frag_meta":35,"mtu":1500,"n":122880}}
{"sessionId":"0173da","runId":"post-fix","timestamp":1783913475951,"hypothesisId":"L2","location":"dataplane_local.c:encrypt_to_wan","message":"split_l2_ok","data":{"frag0_wire":1500,"frag1_wire":98,"n":122880}}
{"sessionId":"0173da","runId":"post-fix","timestamp":1783913475952,"hypothesisId":"L2","location":"dataplane_local.c:encrypt_to_wan","message":"split_l2_enter","data":{"plain_len":1514,"mode":1,"frag_meta":35,"mtu":1500,"n":123136}}
{"sessionId":"0173da","runId":"post-fix","timestamp":1783913475952,"hypothesisId":"L2","location":"dataplane_local.c:encrypt_to_wan","message":"split_l2_ok","data":{"frag0_wire":1500,"frag1_wire":98,"n":123136}}
{"sessionId":"0173da","runId":"post-fix","timestamp":1783913475953,"hypothesisId":"L2","location":"dataplane_local.c:encrypt_to_wan","message":"split_l2_enter","data":{"plain_len":1514,"mode":1,"frag_meta":35,"mtu":1500,"n":123392}}
{"sessionId":"0173da","runId":"post-fix","timestamp":1783913475953,"hypothesisId":"L2","location":"dataplane_local.c:encrypt_to_wan","message":"split_l2_ok","data":{"frag0_wire":1500,"frag1_wire":98,"n":123392}}
{"sessionId":"0173da","runId":"post-fix","timestamp":1783913475954,"hypothesisId":"L2","location":"dataplane_wan.c:dataplane_process_wan","message":"wan_l2_forward_ok","data":{"wire_in":96,"plain_len":66,"n":29184}}
{"sessionId":"0173da","runId":"post-fix","timestamp":1783913475954,"hypothesisId":"L2","location":"dataplane_wan.c:decrypt_wan","message":"l2_full_decrypt_ok","data":{"wire_len":108,"plain_len":78,"n":29184}}
{"sessionId":"0173da","runId":"post-fix","timestamp":1783913475954,"hypothesisId":"L2","location":"dataplane_local.c:encrypt_to_wan","message":"split_l2_enter","data":{"plain_len":1514,"mode":1,"frag_meta":35,"mtu":1500,"n":123648}}
{"sessionId":"0173da","runId":"post-fix","timestamp":1783913475954,"hypothesisId":"L2","location":"dataplane_local.c:encrypt_to_wan","message":"split_l2_ok","data":{"frag0_wire":1500,"frag1_wire":98,"n":123648}}
{"sessionId":"0173da","runId":"post-fix","timestamp":1783913475956,"hypothesisId":"L2","location":"dataplane_local.c:encrypt_to_wan","message":"split_l2_enter","data":{"plain_len":1514,"mode":1,"frag_meta":35,"mtu":1500,"n":123904}}
{"sessionId":"0173da","runId":"post-fix","timestamp":1783913475956,"hypothesisId":"L2","location":"dataplane_local.c:encrypt_to_wan","message":"split_l2_ok","data":{"frag0_wire":1500,"frag1_wire":98,"n":123904}}
{"sessionId":"0173da","runId":"post-fix","timestamp":1783913475957,"hypothesisId":"L2","location":"dataplane_local.c:encrypt_to_wan","message":"split_l2_enter","data":{"plain_len":1514,"mode":1,"frag_meta":35,"mtu":1500,"n":124160}}
{"sessionId":"0173da","runId":"post-fix","timestamp":1783913475957,"hypothesisId":"L2","location":"dataplane_local.c:encrypt_to_wan","message":"split_l2_ok","data":{"frag0_wire":1500,"frag1_wire":98,"n":124160}}
{"sessionId":"0173da","runId":"post-fix","timestamp":1783913475958,"hypothesisId":"L2","location":"dataplane_local.c:encrypt_to_wan","message":"split_l2_enter","data":{"plain_len":1514,"mode":1,"frag_meta":35,"mtu":1500,"n":124416}}
{"sessionId":"0173da","runId":"post-fix","timestamp":1783913475958,"hypothesisId":"L2","location":"dataplane_local.c:encrypt_to_wan","message":"split_l2_ok","data":{"frag0_wire":1500,"frag1_wire":98,"n":124416}}
{"sessionId":"0173da","runId":"post-fix","timestamp":1783913475960,"hypothesisId":"L2","location":"dataplane_local.c:encrypt_to_wan","message":"split_l2_enter","data":{"plain_len":1514,"mode":1,"frag_meta":35,"mtu":1500,"n":124672}}
{"sessionId":"0173da","runId":"post-fix","timestamp":1783913475960,"hypothesisId":"L2","location":"dataplane_local.c:encrypt_to_wan","message":"split_l2_ok","data":{"frag0_wire":1500,"frag1_wire":98,"n":124672}}
{"sessionId":"0173da","runId":"post-fix","timestamp":1783913475963,"hypothesisId":"L2","location":"dataplane_local.c:encrypt_to_wan","message":"split_l2_enter","data":{"plain_len":1514,"mode":1,"frag_meta":35,"mtu":1500,"n":124928}}
{"sessionId":"0173da","runId":"post-fix","timestamp":1783913475963,"hypothesisId":"L2","location":"dataplane_local.c:encrypt_to_wan","message":"split_l2_ok","data":{"frag0_wire":1500,"frag1_wire":98,"n":124928}}
{"sessionId":"0173da","runId":"post-fix","timestamp":1783913475968,"hypothesisId":"L2","location":"dataplane_local.c:encrypt_to_wan","message":"split_l2_enter","data":{"plain_len":1514,"mode":1,"frag_meta":35,"mtu":1500,"n":125184}}
{"sessionId":"0173da","runId":"post-fix","timestamp":1783913475968,"hypothesisId":"L2","location":"dataplane_local.c:encrypt_to_wan","message":"split_l2_ok","data":{"frag0_wire":1500,"frag1_wire":98,"n":125184}}
{"sessionId":"0173da","runId":"post-fix","timestamp":1783913475974,"hypothesisId":"L2","location":"dataplane_local.c:encrypt_to_wan","message":"split_l2_enter","data":{"plain_len":1476,"mode":1,"frag_meta":35,"mtu":1500,"n":125440}}
{"sessionId":"0173da","runId":"post-fix","timestamp":1783913475974,"hypothesisId":"L2","location":"dataplane_local.c:encrypt_to_wan","message":"split_l2_ok","data":{"frag0_wire":1500,"frag1_wire":60,"n":125440}}
{"sessionId":"0173da","runId":"post-fix","timestamp":1783913475977,"hypothesisId":"L2","location":"dataplane_local.c:encrypt_to_wan","message":"split_l2_enter","data":{"plain_len":1514,"mode":1,"frag_meta":35,"mtu":1500,"n":125696}}
{"sessionId":"0173da","runId":"post-fix","timestamp":1783913475977,"hypothesisId":"L2","location":"dataplane_local.c:encrypt_to_wan","message":"split_l2_ok","data":{"frag0_wire":1500,"frag1_wire":98,"n":125696}}
{"sessionId":"0173da","runId":"post-fix","timestamp":1783913475978,"hypothesisId":"L2","location":"dataplane_local.c:encrypt_to_wan","message":"split_l2_enter","data":{"plain_len":1514,"mode":1,"frag_meta":35,"mtu":1500,"n":125952}}
{"sessionId":"0173da","runId":"post-fix","timestamp":1783913475978,"hypothesisId":"L2","location":"dataplane_local.c:encrypt_to_wan","message":"split_l2_ok","data":{"frag0_wire":1500,"frag1_wire":98,"n":125952}}
{"sessionId":"0173da","runId":"post-fix","timestamp":1783913475979,"hypothesisId":"L2","location":"dataplane_local.c:encrypt_to_wan","message":"split_l2_enter","data":{"plain_len":1514,"mode":1,"frag_meta":35,"mtu":1500,"n":126208}}
{"sessionId":"0173da","runId":"post-fix","timestamp":1783913475980,"hypothesisId":"L2","location":"dataplane_local.c:encrypt_to_wan","message":"split_l2_ok","data":{"frag0_wire":1500,"frag1_wire":98,"n":126208}}
{"sessionId":"0173da","runId":"post-fix","timestamp":1783913475980,"hypothesisId":"L2","location":"dataplane_wan.c:decrypt_wan","message":"l2_full_decrypt_ok","data":{"wire_len":96,"plain_len":66,"n":29696}}
{"sessionId":"0173da","runId":"post-fix","timestamp":1783913475980,"hypothesisId":"L2","location":"dataplane_wan.c:dataplane_process_wan","message":"wan_l2_forward_ok","data":{"wire_in":96,"plain_len":66,"n":29696}}
{"sessionId":"0173da","runId":"post-fix","timestamp":1783913475981,"hypothesisId":"L2","location":"dataplane_local.c:encrypt_to_wan","message":"split_l2_enter","data":{"plain_len":1514,"mode":1,"frag_meta":35,"mtu":1500,"n":126464}}
{"sessionId":"0173da","runId":"post-fix","timestamp":1783913475981,"hypothesisId":"L2","location":"dataplane_local.c:encrypt_to_wan","message":"split_l2_ok","data":{"frag0_wire":1500,"frag1_wire":98,"n":126464}}
{"sessionId":"0173da","runId":"post-fix","timestamp":1783913475982,"hypothesisId":"L2","location":"dataplane_local.c:encrypt_to_wan","message":"split_l2_enter","data":{"plain_len":1514,"mode":1,"frag_meta":35,"mtu":1500,"n":126720}}
{"sessionId":"0173da","runId":"post-fix","timestamp":1783913475982,"hypothesisId":"L2","location":"dataplane_local.c:encrypt_to_wan","message":"split_l2_ok","data":{"frag0_wire":1500,"frag1_wire":98,"n":126720}}
{"sessionId":"0173da","runId":"post-fix","timestamp":1783913475983,"hypothesisId":"L2","location":"dataplane_local.c:encrypt_to_wan","message":"split_l2_enter","data":{"plain_len":1514,"mode":1,"frag_meta":35,"mtu":1500,"n":126976}}
{"sessionId":"0173da","runId":"post-fix","timestamp":1783913475984,"hypothesisId":"L2","location":"dataplane_local.c:encrypt_to_wan","message":"split_l2_ok","data":{"frag0_wire":1500,"frag1_wire":98,"n":126976}}
{"sessionId":"0173da","runId":"post-fix","timestamp":1783913475985,"hypothesisId":"L2","location":"dataplane_local.c:encrypt_to_wan","message":"split_l2_enter","data":{"plain_len":1514,"mode":1,"frag_meta":35,"mtu":1500,"n":127232}}
{"sessionId":"0173da","runId":"post-fix","timestamp":1783913475985,"hypothesisId":"L2","location":"dataplane_local.c:encrypt_to_wan","message":"split_l2_ok","data":{"frag0_wire":1500,"frag1_wire":98,"n":127232}}
{"sessionId":"0173da","runId":"post-fix","timestamp":1783913475986,"hypothesisId":"L2","location":"dataplane_local.c:encrypt_to_wan","message":"split_l2_enter","data":{"plain_len":1507,"mode":1,"frag_meta":35,"mtu":1500,"n":127488}}
{"sessionId":"0173da","runId":"post-fix","timestamp":1783913475986,"hypothesisId":"L2","location":"dataplane_local.c:encrypt_to_wan","message":"split_l2_ok","data":{"frag0_wire":1500,"frag1_wire":91,"n":127488}}
{"sessionId":"0173da","runId":"post-fix","timestamp":1783913475987,"hypothesisId":"L2","location":"dataplane_local.c:encrypt_to_wan","message":"split_l2_enter","data":{"plain_len":1514,"mode":1,"frag_meta":35,"mtu":1500,"n":127744}}
{"sessionId":"0173da","runId":"post-fix","timestamp":1783913475988,"hypothesisId":"L2","location":"dataplane_local.c:encrypt_to_wan","message":"split_l2_ok","data":{"frag0_wire":1500,"frag1_wire":98,"n":127744}}
{"sessionId":"0173da","runId":"post-fix","timestamp":1783913475989,"hypothesisId":"L2","location":"dataplane_local.c:encrypt_to_wan","message":"split_l2_enter","data":{"plain_len":1514,"mode":1,"frag_meta":35,"mtu":1500,"n":128000}}
{"sessionId":"0173da","runId":"post-fix","timestamp":1783913475989,"hypothesisId":"L2","location":"dataplane_local.c:encrypt_to_wan","message":"split_l2_ok","data":{"frag0_wire":1500,"frag1_wire":98,"n":128000}}
{"sessionId":"0173da","runId":"post-fix","timestamp":1783913475990,"hypothesisId":"L2","location":"dataplane_local.c:encrypt_to_wan","message":"split_l2_enter","data":{"plain_len":1514,"mode":1,"frag_meta":35,"mtu":1500,"n":128256}}
{"sessionId":"0173da","runId":"post-fix","timestamp":1783913475990,"hypothesisId":"L2","location":"dataplane_local.c:encrypt_to_wan","message":"split_l2_ok","data":{"frag0_wire":1500,"frag1_wire":98,"n":128256}}
{"sessionId":"0173da","runId":"post-fix","timestamp":1783913475991,"hypothesisId":"L2","location":"dataplane_local.c:encrypt_to_wan","message":"split_l2_enter","data":{"plain_len":1514,"mode":1,"frag_meta":35,"mtu":1500,"n":128512}}
{"sessionId":"0173da","runId":"post-fix","timestamp":1783913475991,"hypothesisId":"L2","location":"dataplane_local.c:encrypt_to_wan","message":"split_l2_ok","data":{"frag0_wire":1500,"frag1_wire":98,"n":128512}}
{"sessionId":"0173da","runId":"post-fix","timestamp":1783913475991,"hypothesisId":"L2","location":"dataplane_wan.c:dataplane_process_wan","message":"wan_l2_forward_ok","data":{"wire_in":108,"plain_len":78,"n":30208}}
{"sessionId":"0173da","runId":"post-fix","timestamp":1783913475991,"hypothesisId":"L2","location":"dataplane_wan.c:decrypt_wan","message":"l2_full_decrypt_ok","data":{"wire_len":108,"plain_len":78,"n":30208}}
{"sessionId":"0173da","runId":"post-fix","timestamp":1783913475993,"hypothesisId":"L2","location":"dataplane_local.c:encrypt_to_wan","message":"split_l2_enter","data":{"plain_len":1514,"mode":1,"frag_meta":35,"mtu":1500,"n":128768}}
{"sessionId":"0173da","runId":"post-fix","timestamp":1783913475993,"hypothesisId":"L2","location":"dataplane_local.c:encrypt_to_wan","message":"split_l2_ok","data":{"frag0_wire":1500,"frag1_wire":98,"n":128768}}
{"sessionId":"0173da","runId":"post-fix","timestamp":1783913475994,"hypothesisId":"L2","location":"dataplane_local.c:encrypt_to_wan","message":"split_l2_enter","data":{"plain_len":1514,"mode":1,"frag_meta":35,"mtu":1500,"n":129024}}
{"sessionId":"0173da","runId":"post-fix","timestamp":1783913475994,"hypothesisId":"L2","location":"dataplane_local.c:encrypt_to_wan","message":"split_l2_ok","data":{"frag0_wire":1500,"frag1_wire":98,"n":129024}}
{"sessionId":"0173da","runId":"post-fix","timestamp":1783913475996,"hypothesisId":"L2","location":"dataplane_local.c:encrypt_to_wan","message":"split_l2_enter","data":{"plain_len":1514,"mode":1,"frag_meta":35,"mtu":1500,"n":129280}}
{"sessionId":"0173da","runId":"post-fix","timestamp":1783913475996,"hypothesisId":"L2","location":"dataplane_local.c:encrypt_to_wan","message":"split_l2_ok","data":{"frag0_wire":1500,"frag1_wire":98,"n":129280}}
{"sessionId":"0173da","runId":"post-fix","timestamp":1783913475999,"hypothesisId":"L2","location":"dataplane_local.c:encrypt_to_wan","message":"split_l2_enter","data":{"plain_len":1514,"mode":1,"frag_meta":35,"mtu":1500,"n":129536}}
{"sessionId":"0173da","runId":"post-fix","timestamp":1783913475999,"hypothesisId":"L2","location":"dataplane_local.c:encrypt_to_wan","message":"split_l2_ok","data":{"frag0_wire":1500,"frag1_wire":98,"n":129536}}
{"sessionId":"0173da","runId":"post-fix","timestamp":1783913476001,"hypothesisId":"L2","location":"dataplane_local.c:encrypt_to_wan","message":"split_l2_enter","data":{"plain_len":1514,"mode":1,"frag_meta":35,"mtu":1500,"n":129792}}
{"sessionId":"0173da","runId":"post-fix","timestamp":1783913476001,"hypothesisId":"L2","location":"dataplane_local.c:encrypt_to_wan","message":"split_l2_ok","data":{"frag0_wire":1500,"frag1_wire":98,"n":129792}}
{"sessionId":"0173da","runId":"post-fix","timestamp":1783913476002,"hypothesisId":"L2","location":"dataplane_local.c:encrypt_to_wan","message":"split_l2_enter","data":{"plain_len":1514,"mode":1,"frag_meta":35,"mtu":1500,"n":130048}}
{"sessionId":"0173da","runId":"post-fix","timestamp":1783913476002,"hypothesisId":"L2","location":"dataplane_local.c:encrypt_to_wan","message":"split_l2_ok","data":{"frag0_wire":1500,"frag1_wire":98,"n":130048}}
{"sessionId":"0173da","runId":"post-fix","timestamp":1783913476003,"hypothesisId":"L2","location":"dataplane_local.c:encrypt_to_wan","message":"split_l2_enter","data":{"plain_len":1514,"mode":1,"frag_meta":35,"mtu":1500,"n":130304}}
{"sessionId":"0173da","runId":"post-fix","timestamp":1783913476003,"hypothesisId":"L2","location":"dataplane_local.c:encrypt_to_wan","message":"split_l2_ok","data":{"frag0_wire":1500,"frag1_wire":98,"n":130304}}
{"sessionId":"0173da","runId":"post-fix","timestamp":1783913476005,"hypothesisId":"L2","location":"dataplane_local.c:encrypt_to_wan","message":"split_l2_enter","data":{"plain_len":1514,"mode":1,"frag_meta":35,"mtu":1500,"n":130560}}
{"sessionId":"0173da","runId":"post-fix","timestamp":1783913476005,"hypothesisId":"L2","location":"dataplane_local.c:encrypt_to_wan","message":"split_l2_ok","data":{"frag0_wire":1500,"frag1_wire":98,"n":130560}}
{"sessionId":"0173da","runId":"post-fix","timestamp":1783913476006,"hypothesisId":"L2","location":"dataplane_local.c:encrypt_to_wan","message":"split_l2_enter","data":{"plain_len":1514,"mode":1,"frag_meta":35,"mtu":1500,"n":130816}}
{"sessionId":"0173da","runId":"post-fix","timestamp":1783913476006,"hypothesisId":"L2","location":"dataplane_local.c:encrypt_to_wan","message":"split_l2_ok","data":{"frag0_wire":1500,"frag1_wire":98,"n":130816}}
{"sessionId":"0173da","runId":"post-fix","timestamp":1783913476007,"hypothesisId":"L2","location":"dataplane_local.c:encrypt_to_wan","message":"split_l2_enter","data":{"plain_len":1514,"mode":1,"frag_meta":35,"mtu":1500,"n":131072}}
{"sessionId":"0173da","runId":"post-fix","timestamp":1783913476007,"hypothesisId":"L2","location":"dataplane_local.c:encrypt_to_wan","message":"split_l2_ok","data":{"frag0_wire":1500,"frag1_wire":98,"n":131072}}
{"sessionId":"0173da","runId":"post-fix","timestamp":1783913476008,"hypothesisId":"L2","location":"dataplane_local.c:encrypt_to_wan","message":"split_l2_enter","data":{"plain_len":1514,"mode":1,"frag_meta":35,"mtu":1500,"n":131328}}
{"sessionId":"0173da","runId":"post-fix","timestamp":1783913476008,"hypothesisId":"L2","location":"dataplane_local.c:encrypt_to_wan","message":"split_l2_ok","data":{"frag0_wire":1500,"frag1_wire":98,"n":131328}}
{"sessionId":"0173da","runId":"post-fix","timestamp":1783913476010,"hypothesisId":"L2","location":"dataplane_local.c:encrypt_to_wan","message":"split_l2_enter","data":{"plain_len":1514,"mode":1,"frag_meta":35,"mtu":1500,"n":131584}}
{"sessionId":"0173da","runId":"post-fix","timestamp":1783913476010,"hypothesisId":"L2","location":"dataplane_local.c:encrypt_to_wan","message":"split_l2_ok","data":{"frag0_wire":1500,"frag1_wire":98,"n":131584}}
{"sessionId":"0173da","runId":"post-fix","timestamp":1783913476011,"hypothesisId":"L2","location":"dataplane_local.c:encrypt_to_wan","message":"split_l2_enter","data":{"plain_len":1514,"mode":1,"frag_meta":35,"mtu":1500,"n":131840}}
{"sessionId":"0173da","runId":"post-fix","timestamp":1783913476011,"hypothesisId":"L2","location":"dataplane_local.c:encrypt_to_wan","message":"split_l2_ok","data":{"frag0_wire":1500,"frag1_wire":98,"n":131840}}
{"sessionId":"0173da","runId":"post-fix","timestamp":1783913476011,"hypothesisId":"L2","location":"dataplane_wan.c:decrypt_wan","message":"l2_full_decrypt_ok","data":{"wire_len":108,"plain_len":78,"n":30720}}
{"sessionId":"0173da","runId":"post-fix","timestamp":1783913476011,"hypothesisId":"L2","location":"dataplane_wan.c:dataplane_process_wan","message":"wan_l2_forward_ok","data":{"wire_in":108,"plain_len":78,"n":30720}}
{"sessionId":"0173da","runId":"post-fix","timestamp":1783913476012,"hypothesisId":"L2","location":"dataplane_local.c:encrypt_to_wan","message":"split_l2_enter","data":{"plain_len":1514,"mode":1,"frag_meta":35,"mtu":1500,"n":132096}}
{"sessionId":"0173da","runId":"post-fix","timestamp":1783913476012,"hypothesisId":"L2","location":"dataplane_local.c:encrypt_to_wan","message":"split_l2_ok","data":{"frag0_wire":1500,"frag1_wire":98,"n":132096}}
{"sessionId":"0173da","runId":"post-fix","timestamp":1783913476013,"hypothesisId":"L2","location":"dataplane_local.c:encrypt_to_wan","message":"split_l2_enter","data":{"plain_len":1514,"mode":1,"frag_meta":35,"mtu":1500,"n":132352}}
{"sessionId":"0173da","runId":"post-fix","timestamp":1783913476013,"hypothesisId":"L2","location":"dataplane_local.c:encrypt_to_wan","message":"split_l2_ok","data":{"frag0_wire":1500,"frag1_wire":98,"n":132352}}
{"sessionId":"0173da","runId":"post-fix","timestamp":1783913476015,"hypothesisId":"L2","location":"dataplane_local.c:encrypt_to_wan","message":"split_l2_enter","data":{"plain_len":1514,"mode":1,"frag_meta":35,"mtu":1500,"n":132608}}
{"sessionId":"0173da","runId":"post-fix","timestamp":1783913476015,"hypothesisId":"L2","location":"dataplane_local.c:encrypt_to_wan","message":"split_l2_ok","data":{"frag0_wire":1500,"frag1_wire":98,"n":132608}}
{"sessionId":"0173da","runId":"post-fix","timestamp":1783913476016,"hypothesisId":"L2","location":"dataplane_local.c:encrypt_to_wan","message":"split_l2_enter","data":{"plain_len":1514,"mode":1,"frag_meta":35,"mtu":1500,"n":132864}}
{"sessionId":"0173da","runId":"post-fix","timestamp":1783913476016,"hypothesisId":"L2","location":"dataplane_local.c:encrypt_to_wan","message":"split_l2_ok","data":{"frag0_wire":1500,"frag1_wire":98,"n":132864}}
{"sessionId":"0173da","runId":"post-fix","timestamp":1783913476017,"hypothesisId":"L2","location":"dataplane_local.c:encrypt_to_wan","message":"split_l2_enter","data":{"plain_len":1514,"mode":1,"frag_meta":35,"mtu":1500,"n":133120}}
{"sessionId":"0173da","runId":"post-fix","timestamp":1783913476017,"hypothesisId":"L2","location":"dataplane_local.c:encrypt_to_wan","message":"split_l2_ok","data":{"frag0_wire":1500,"frag1_wire":98,"n":133120}}
{"sessionId":"0173da","runId":"post-fix","timestamp":1783913476018,"hypothesisId":"L2","location":"dataplane_local.c:encrypt_to_wan","message":"split_l2_enter","data":{"plain_len":1514,"mode":1,"frag_meta":35,"mtu":1500,"n":133376}}
{"sessionId":"0173da","runId":"post-fix","timestamp":1783913476019,"hypothesisId":"L2","location":"dataplane_local.c:encrypt_to_wan","message":"split_l2_ok","data":{"frag0_wire":1500,"frag1_wire":98,"n":133376}}
{"sessionId":"0173da","runId":"post-fix","timestamp":1783913476020,"hypothesisId":"L2","location":"dataplane_local.c:encrypt_to_wan","message":"split_l2_enter","data":{"plain_len":1514,"mode":1,"frag_meta":35,"mtu":1500,"n":133632}}
{"sessionId":"0173da","runId":"post-fix","timestamp":1783913476020,"hypothesisId":"L2","location":"dataplane_local.c:encrypt_to_wan","message":"split_l2_ok","data":{"frag0_wire":1500,"frag1_wire":98,"n":133632}}
{"sessionId":"0173da","runId":"post-fix","timestamp":1783913476021,"hypothesisId":"L2","location":"dataplane_wan.c:decrypt_wan","message":"l2_full_decrypt_ok","data":{"wire_len":108,"plain_len":78,"n":31232}}
{"sessionId":"0173da","runId":"post-fix","timestamp":1783913476021,"hypothesisId":"L2","location":"dataplane_wan.c:dataplane_process_wan","message":"wan_l2_forward_ok","data":{"wire_in":108,"plain_len":78,"n":31232}}
{"sessionId":"0173da","runId":"post-fix","timestamp":1783913476021,"hypothesisId":"L2","location":"dataplane_local.c:encrypt_to_wan","message":"split_l2_enter","data":{"plain_len":1514,"mode":1,"frag_meta":35,"mtu":1500,"n":133888}}
{"sessionId":"0173da","runId":"post-fix","timestamp":1783913476021,"hypothesisId":"L2","location":"dataplane_local.c:encrypt_to_wan","message":"split_l2_ok","data":{"frag0_wire":1500,"frag1_wire":98,"n":133888}}
{"sessionId":"0173da","runId":"post-fix","timestamp":1783913476022,"hypothesisId":"L2","location":"dataplane_local.c:encrypt_to_wan","message":"split_l2_enter","data":{"plain_len":1514,"mode":1,"frag_meta":35,"mtu":1500,"n":134144}}
{"sessionId":"0173da","runId":"post-fix","timestamp":1783913476022,"hypothesisId":"L2","location":"dataplane_local.c:encrypt_to_wan","message":"split_l2_ok","data":{"frag0_wire":1500,"frag1_wire":98,"n":134144}}
{"sessionId":"0173da","runId":"post-fix","timestamp":1783913476023,"hypothesisId":"L2","location":"dataplane_local.c:encrypt_to_wan","message":"split_l2_enter","data":{"plain_len":1514,"mode":1,"frag_meta":35,"mtu":1500,"n":134400}}
{"sessionId":"0173da","runId":"post-fix","timestamp":1783913476023,"hypothesisId":"L2","location":"dataplane_local.c:encrypt_to_wan","message":"split_l2_ok","data":{"frag0_wire":1500,"frag1_wire":98,"n":134400}}
{"sessionId":"0173da","runId":"post-fix","timestamp":1783913476025,"hypothesisId":"L2","location":"dataplane_local.c:encrypt_to_wan","message":"split_l2_enter","data":{"plain_len":1514,"mode":1,"frag_meta":35,"mtu":1500,"n":134656}}
{"sessionId":"0173da","runId":"post-fix","timestamp":1783913476025,"hypothesisId":"L2","location":"dataplane_local.c:encrypt_to_wan","message":"split_l2_ok","data":{"frag0_wire":1500,"frag1_wire":98,"n":134656}}
{"sessionId":"0173da","runId":"post-fix","timestamp":1783913476026,"hypothesisId":"L2","location":"dataplane_local.c:encrypt_to_wan","message":"split_l2_enter","data":{"plain_len":1514,"mode":1,"frag_meta":35,"mtu":1500,"n":134912}}
{"sessionId":"0173da","runId":"post-fix","timestamp":1783913476026,"hypothesisId":"L2","location":"dataplane_local.c:encrypt_to_wan","message":"split_l2_ok","data":{"frag0_wire":1500,"frag1_wire":98,"n":134912}}
{"sessionId":"0173da","runId":"post-fix","timestamp":1783913476027,"hypothesisId":"L2","location":"dataplane_local.c:encrypt_to_wan","message":"split_l2_enter","data":{"plain_len":1514,"mode":1,"frag_meta":35,"mtu":1500,"n":135168}}
{"sessionId":"0173da","runId":"post-fix","timestamp":1783913476027,"hypothesisId":"L2","location":"dataplane_local.c:encrypt_to_wan","message":"split_l2_ok","data":{"frag0_wire":1500,"frag1_wire":98,"n":135168}}
{"sessionId":"0173da","runId":"post-fix","timestamp":1783913476028,"hypothesisId":"L2","location":"dataplane_wan.c:decrypt_wan","message":"l2_full_decrypt_ok","data":{"wire_len":108,"plain_len":78,"n":31744}}
{"sessionId":"0173da","runId":"post-fix","timestamp":1783913476028,"hypothesisId":"L2","location":"dataplane_wan.c:dataplane_process_wan","message":"wan_l2_forward_ok","data":{"wire_in":108,"plain_len":78,"n":31744}}
{"sessionId":"0173da","runId":"post-fix","timestamp":1783913476029,"hypothesisId":"L2","location":"dataplane_local.c:encrypt_to_wan","message":"split_l2_enter","data":{"plain_len":1514,"mode":1,"frag_meta":35,"mtu":1500,"n":135424}}
{"sessionId":"0173da","runId":"post-fix","timestamp":1783913476029,"hypothesisId":"L2","location":"dataplane_local.c:encrypt_to_wan","message":"split_l2_ok","data":{"frag0_wire":1500,"frag1_wire":98,"n":135424}}
{"sessionId":"0173da","runId":"post-fix","timestamp":1783913476030,"hypothesisId":"L2","location":"dataplane_local.c:encrypt_to_wan","message":"split_l2_enter","data":{"plain_len":1514,"mode":1,"frag_meta":35,"mtu":1500,"n":135680}}
{"sessionId":"0173da","runId":"post-fix","timestamp":1783913476031,"hypothesisId":"L2","location":"dataplane_local.c:encrypt_to_wan","message":"split_l2_ok","data":{"frag0_wire":1500,"frag1_wire":98,"n":135680}}
{"sessionId":"0173da","runId":"post-fix","timestamp":1783913476032,"hypothesisId":"L2","location":"dataplane_local.c:encrypt_to_wan","message":"split_l2_enter","data":{"plain_len":1514,"mode":1,"frag_meta":35,"mtu":1500,"n":135936}}
{"sessionId":"0173da","runId":"post-fix","timestamp":1783913476032,"hypothesisId":"L2","location":"dataplane_local.c:encrypt_to_wan","message":"split_l2_ok","data":{"frag0_wire":1500,"frag1_wire":98,"n":135936}}
{"sessionId":"0173da","runId":"post-fix","timestamp":1783913476034,"hypothesisId":"L2","location":"dataplane_local.c:encrypt_to_wan","message":"split_l2_enter","data":{"plain_len":1514,"mode":1,"frag_meta":35,"mtu":1500,"n":136192}}
{"sessionId":"0173da","runId":"post-fix","timestamp":1783913476034,"hypothesisId":"L2","location":"dataplane_local.c:encrypt_to_wan","message":"split_l2_ok","data":{"frag0_wire":1500,"frag1_wire":98,"n":136192}}
{"sessionId":"0173da","runId":"post-fix","timestamp":1783913476034,"hypothesisId":"L2","location":"dataplane_wan.c:decrypt_wan","message":"l2_full_decrypt_ok","data":{"wire_len":108,"plain_len":78,"n":32256}}
{"sessionId":"0173da","runId":"post-fix","timestamp":1783913476034,"hypothesisId":"L2","location":"dataplane_wan.c:dataplane_process_wan","message":"wan_l2_forward_ok","data":{"wire_in":108,"plain_len":78,"n":32256}}
{"sessionId":"0173da","runId":"post-fix","timestamp":1783913476035,"hypothesisId":"L2","location":"dataplane_local.c:encrypt_to_wan","message":"split_l2_enter","data":{"plain_len":1514,"mode":1,"frag_meta":35,"mtu":1500,"n":136448}}
{"sessionId":"0173da","runId":"post-fix","timestamp":1783913476035,"hypothesisId":"L2","location":"dataplane_local.c:encrypt_to_wan","message":"split_l2_ok","data":{"frag0_wire":1500,"frag1_wire":98,"n":136448}}
{"sessionId":"0173da","runId":"post-fix","timestamp":1783913476037,"hypothesisId":"L2","location":"dataplane_local.c:encrypt_to_wan","message":"split_l2_enter","data":{"plain_len":1514,"mode":1,"frag_meta":35,"mtu":1500,"n":136704}}
{"sessionId":"0173da","runId":"post-fix","timestamp":1783913476037,"hypothesisId":"L2","location":"dataplane_local.c:encrypt_to_wan","message":"split_l2_ok","data":{"frag0_wire":1500,"frag1_wire":98,"n":136704}}
{"sessionId":"0173da","runId":"post-fix","timestamp":1783913476039,"hypothesisId":"L2","location":"dataplane_local.c:encrypt_to_wan","message":"split_l2_enter","data":{"plain_len":1514,"mode":1,"frag_meta":35,"mtu":1500,"n":136960}}
{"sessionId":"0173da","runId":"post-fix","timestamp":1783913476039,"hypothesisId":"L2","location":"dataplane_local.c:encrypt_to_wan","message":"split_l2_ok","data":{"frag0_wire":1500,"frag1_wire":98,"n":136960}}
{"sessionId":"0173da","runId":"post-fix","timestamp":1783913476041,"hypothesisId":"L2","location":"dataplane_local.c:encrypt_to_wan","message":"split_l2_enter","data":{"plain_len":1514,"mode":1,"frag_meta":35,"mtu":1500,"n":137216}}
{"sessionId":"0173da","runId":"post-fix","timestamp":1783913476041,"hypothesisId":"L2","location":"dataplane_local.c:encrypt_to_wan","message":"split_l2_ok","data":{"frag0_wire":1500,"frag1_wire":98,"n":137216}}
{"sessionId":"0173da","runId":"post-fix","timestamp":1783913476042,"hypothesisId":"L2","location":"dataplane_local.c:encrypt_to_wan","message":"split_l2_enter","data":{"plain_len":1514,"mode":1,"frag_meta":35,"mtu":1500,"n":137472}}
{"sessionId":"0173da","runId":"post-fix","timestamp":1783913476042,"hypothesisId":"L2","location":"dataplane_local.c:encrypt_to_wan","message":"split_l2_ok","data":{"frag0_wire":1500,"frag1_wire":98,"n":137472}}
{"sessionId":"0173da","runId":"post-fix","timestamp":1783913476045,"hypothesisId":"L2","location":"dataplane_local.c:encrypt_to_wan","message":"split_l2_enter","data":{"plain_len":1507,"mode":1,"frag_meta":35,"mtu":1500,"n":137728}}
{"sessionId":"0173da","runId":"post-fix","timestamp":1783913476045,"hypothesisId":"L2","location":"dataplane_local.c:encrypt_to_wan","message":"split_l2_ok","data":{"frag0_wire":1500,"frag1_wire":91,"n":137728}}
{"sessionId":"0173da","runId":"post-fix","timestamp":1783913476047,"hypothesisId":"L2","location":"dataplane_local.c:encrypt_to_wan","message":"split_l2_enter","data":{"plain_len":1507,"mode":1,"frag_meta":35,"mtu":1500,"n":137984}}
{"sessionId":"0173da","runId":"post-fix","timestamp":1783913476047,"hypothesisId":"L2","location":"dataplane_local.c:encrypt_to_wan","message":"split_l2_ok","data":{"frag0_wire":1500,"frag1_wire":91,"n":137984}}
{"sessionId":"0173da","runId":"post-fix","timestamp":1783913476049,"hypothesisId":"L2","location":"dataplane_local.c:encrypt_to_wan","message":"split_l2_enter","data":{"plain_len":1514,"mode":1,"frag_meta":35,"mtu":1500,"n":138240}}
{"sessionId":"0173da","runId":"post-fix","timestamp":1783913476049,"hypothesisId":"L2","location":"dataplane_local.c:encrypt_to_wan","message":"split_l2_ok","data":{"frag0_wire":1500,"frag1_wire":98,"n":138240}}
{"sessionId":"0173da","runId":"post-fix","timestamp":1783913476050,"hypothesisId":"L2","location":"dataplane_local.c:encrypt_to_wan","message":"split_l2_enter","data":{"plain_len":1514,"mode":1,"frag_meta":35,"mtu":1500,"n":138496}}
{"sessionId":"0173da","runId":"post-fix","timestamp":1783913476050,"hypothesisId":"L2","location":"dataplane_local.c:encrypt_to_wan","message":"split_l2_ok","data":{"frag0_wire":1500,"frag1_wire":98,"n":138496}}
{"sessionId":"0173da","runId":"post-fix","timestamp":1783913476052,"hypothesisId":"L2","location":"dataplane_wan.c:decrypt_wan","message":"l2_full_decrypt_ok","data":{"wire_len":96,"plain_len":66,"n":32768}}
{"sessionId":"0173da","runId":"post-fix","timestamp":1783913476052,"hypothesisId":"L2","location":"dataplane_wan.c:dataplane_process_wan","message":"wan_l2_forward_ok","data":{"wire_in":96,"plain_len":66,"n":32768}}
{"sessionId":"0173da","runId":"post-fix","timestamp":1783913476052,"hypothesisId":"L2","location":"dataplane_local.c:encrypt_to_wan","message":"split_l2_enter","data":{"plain_len":1514,"mode":1,"frag_meta":35,"mtu":1500,"n":138752}}
{"sessionId":"0173da","runId":"post-fix","timestamp":1783913476052,"hypothesisId":"L2","location":"dataplane_local.c:encrypt_to_wan","message":"split_l2_ok","data":{"frag0_wire":1500,"frag1_wire":98,"n":138752}}
{"sessionId":"0173da","runId":"post-fix","timestamp":1783913476054,"hypothesisId":"L2","location":"dataplane_local.c:encrypt_to_wan","message":"split_l2_enter","data":{"plain_len":1514,"mode":1,"frag_meta":35,"mtu":1500,"n":139008}}
{"sessionId":"0173da","runId":"post-fix","timestamp":1783913476054,"hypothesisId":"L2","location":"dataplane_local.c:encrypt_to_wan","message":"split_l2_ok","data":{"frag0_wire":1500,"frag1_wire":98,"n":139008}}
{"sessionId":"0173da","runId":"post-fix","timestamp":1783913476056,"hypothesisId":"L2","location":"dataplane_local.c:encrypt_to_wan","message":"split_l2_enter","data":{"plain_len":1514,"mode":1,"frag_meta":35,"mtu":1500,"n":139264}}
{"sessionId":"0173da","runId":"post-fix","timestamp":1783913476056,"hypothesisId":"L2","location":"dataplane_local.c:encrypt_to_wan","message":"split_l2_ok","data":{"frag0_wire":1500,"frag1_wire":98,"n":139264}}
{"sessionId":"0173da","runId":"post-fix","timestamp":1783913476066,"hypothesisId":"L2","location":"dataplane_local.c:encrypt_to_wan","message":"split_l2_enter","data":{"plain_len":1514,"mode":1,"frag_meta":35,"mtu":1500,"n":139520}}
{"sessionId":"0173da","runId":"post-fix","timestamp":1783913476066,"hypothesisId":"L2","location":"dataplane_local.c:encrypt_to_wan","message":"split_l2_ok","data":{"frag0_wire":1500,"frag1_wire":98,"n":139520}}
{"sessionId":"0173da","runId":"post-fix","timestamp":1783913476074,"hypothesisId":"L2","location":"dataplane_local.c:encrypt_to_wan","message":"split_l2_enter","data":{"plain_len":1514,"mode":1,"frag_meta":35,"mtu":1500,"n":139776}}
{"sessionId":"0173da","runId":"post-fix","timestamp":1783913476074,"hypothesisId":"L2","location":"dataplane_local.c:encrypt_to_wan","message":"split_l2_ok","data":{"frag0_wire":1500,"frag1_wire":98,"n":139776}}
{"sessionId":"0173da","runId":"post-fix","timestamp":1783913476079,"hypothesisId":"L2","location":"dataplane_local.c:encrypt_to_wan","message":"split_l2_enter","data":{"plain_len":1514,"mode":1,"frag_meta":35,"mtu":1500,"n":140032}}
{"sessionId":"0173da","runId":"post-fix","timestamp":1783913476079,"hypothesisId":"L2","location":"dataplane_local.c:encrypt_to_wan","message":"split_l2_ok","data":{"frag0_wire":1500,"frag1_wire":98,"n":140032}}
{"sessionId":"0173da","runId":"post-fix","timestamp":1783913476083,"hypothesisId":"L2","location":"dataplane_local.c:encrypt_to_wan","message":"split_l2_enter","data":{"plain_len":1514,"mode":1,"frag_meta":35,"mtu":1500,"n":140288}}
{"sessionId":"0173da","runId":"post-fix","timestamp":1783913476083,"hypothesisId":"L2","location":"dataplane_local.c:encrypt_to_wan","message":"split_l2_ok","data":{"frag0_wire":1500,"frag1_wire":98,"n":140288}}
{"sessionId":"0173da","runId":"post-fix","timestamp":1783913476090,"hypothesisId":"L2","location":"dataplane_local.c:encrypt_to_wan","message":"split_l2_enter","data":{"plain_len":1514,"mode":1,"frag_meta":35,"mtu":1500,"n":140544}}
{"sessionId":"0173da","runId":"post-fix","timestamp":1783913476090,"hypothesisId":"L2","location":"dataplane_local.c:encrypt_to_wan","message":"split_l2_ok","data":{"frag0_wire":1500,"frag1_wire":98,"n":140544}}
{"sessionId":"0173da","runId":"post-fix","timestamp":1783913476092,"hypothesisId":"L2","location":"dataplane_local.c:encrypt_to_wan","message":"split_l2_enter","data":{"plain_len":1514,"mode":1,"frag_meta":35,"mtu":1500,"n":140800}}
{"sessionId":"0173da","runId":"post-fix","timestamp":1783913476092,"hypothesisId":"L2","location":"dataplane_local.c:encrypt_to_wan","message":"split_l2_ok","data":{"frag0_wire":1500,"frag1_wire":98,"n":140800}}
{"sessionId":"0173da","runId":"post-fix","timestamp":1783913476094,"hypothesisId":"L2","location":"dataplane_local.c:encrypt_to_wan","message":"split_l2_enter","data":{"plain_len":1507,"mode":1,"frag_meta":35,"mtu":1500,"n":141056}}
{"sessionId":"0173da","runId":"post-fix","timestamp":1783913476094,"hypothesisId":"L2","location":"dataplane_local.c:encrypt_to_wan","message":"split_l2_ok","data":{"frag0_wire":1500,"frag1_wire":91,"n":141056}}
{"sessionId":"0173da","runId":"post-fix","timestamp":1783913476096,"hypothesisId":"L2","location":"dataplane_local.c:encrypt_to_wan","message":"split_l2_enter","data":{"plain_len":1514,"mode":1,"frag_meta":35,"mtu":1500,"n":141312}}
{"sessionId":"0173da","runId":"post-fix","timestamp":1783913476096,"hypothesisId":"L2","location":"dataplane_local.c:encrypt_to_wan","message":"split_l2_ok","data":{"frag0_wire":1500,"frag1_wire":98,"n":141312}}
{"sessionId":"0173da","runId":"post-fix","timestamp":1783913476099,"hypothesisId":"L2","location":"dataplane_local.c:encrypt_to_wan","message":"split_l2_enter","data":{"plain_len":1507,"mode":1,"frag_meta":35,"mtu":1500,"n":141568}}
{"sessionId":"0173da","runId":"post-fix","timestamp":1783913476099,"hypothesisId":"L2","location":"dataplane_local.c:encrypt_to_wan","message":"split_l2_ok","data":{"frag0_wire":1500,"frag1_wire":91,"n":141568}}
{"sessionId":"0173da","runId":"post-fix","timestamp":1783913476109,"hypothesisId":"L2","location":"dataplane_local.c:encrypt_to_wan","message":"split_l2_enter","data":{"plain_len":1514,"mode":1,"frag_meta":35,"mtu":1500,"n":141824}}
{"sessionId":"0173da","runId":"post-fix","timestamp":1783913476109,"hypothesisId":"L2","location":"dataplane_local.c:encrypt_to_wan","message":"split_l2_ok","data":{"frag0_wire":1500,"frag1_wire":98,"n":141824}}
{"sessionId":"0173da","runId":"post-fix","timestamp":1783913476120,"hypothesisId":"L2","location":"dataplane_local.c:encrypt_to_wan","message":"split_l2_enter","data":{"plain_len":1514,"mode":1,"frag_meta":35,"mtu":1500,"n":142080}}
{"sessionId":"0173da","runId":"post-fix","timestamp":1783913476120,"hypothesisId":"L2","location":"dataplane_local.c:encrypt_to_wan","message":"split_l2_ok","data":{"frag0_wire":1500,"frag1_wire":98,"n":142080}}
{"sessionId":"0173da","runId":"post-fix","timestamp":1783913476124,"hypothesisId":"L2","location":"dataplane_local.c:encrypt_to_wan","message":"split_l2_enter","data":{"plain_len":1514,"mode":1,"frag_meta":35,"mtu":1500,"n":142336}}
{"sessionId":"0173da","runId":"post-fix","timestamp":1783913476124,"hypothesisId":"L2","location":"dataplane_local.c:encrypt_to_wan","message":"split_l2_ok","data":{"frag0_wire":1500,"frag1_wire":98,"n":142336}}
{"sessionId":"0173da","runId":"post-fix","timestamp":1783913476128,"hypothesisId":"L2","location":"dataplane_local.c:encrypt_to_wan","message":"split_l2_enter","data":{"plain_len":1514,"mode":1,"frag_meta":35,"mtu":1500,"n":142592}}
{"sessionId":"0173da","runId":"post-fix","timestamp":1783913476128,"hypothesisId":"L2","location":"dataplane_local.c:encrypt_to_wan","message":"split_l2_ok","data":{"frag0_wire":1500,"frag1_wire":98,"n":142592}}
{"sessionId":"0173da","runId":"post-fix","timestamp":1783913476133,"hypothesisId":"L2","location":"dataplane_local.c:encrypt_to_wan","message":"split_l2_enter","data":{"plain_len":1514,"mode":1,"frag_meta":35,"mtu":1500,"n":142848}}
{"sessionId":"0173da","runId":"post-fix","timestamp":1783913476133,"hypothesisId":"L2","location":"dataplane_local.c:encrypt_to_wan","message":"split_l2_ok","data":{"frag0_wire":1500,"frag1_wire":98,"n":142848}}
{"sessionId":"0173da","runId":"post-fix","timestamp":1783913476136,"hypothesisId":"L2","location":"dataplane_local.c:encrypt_to_wan","message":"split_l2_enter","data":{"plain_len":1514,"mode":1,"frag_meta":35,"mtu":1500,"n":143104}}
{"sessionId":"0173da","runId":"post-fix","timestamp":1783913476136,"hypothesisId":"L2","location":"dataplane_local.c:encrypt_to_wan","message":"split_l2_ok","data":{"frag0_wire":1500,"frag1_wire":98,"n":143104}}
{"sessionId":"0173da","runId":"post-fix","timestamp":1783913476138,"hypothesisId":"L2","location":"dataplane_local.c:encrypt_to_wan","message":"split_l2_enter","data":{"plain_len":1514,"mode":1,"frag_meta":35,"mtu":1500,"n":143360}}
{"sessionId":"0173da","runId":"post-fix","timestamp":1783913476138,"hypothesisId":"L2","location":"dataplane_local.c:encrypt_to_wan","message":"split_l2_ok","data":{"frag0_wire":1500,"frag1_wire":98,"n":143360}}
{"sessionId":"0173da","runId":"post-fix","timestamp":1783913476148,"hypothesisId":"L2","location":"dataplane_local.c:encrypt_to_wan","message":"split_l2_enter","data":{"plain_len":1514,"mode":1,"frag_meta":35,"mtu":1500,"n":143616}}
{"sessionId":"0173da","runId":"post-fix","timestamp":1783913476148,"hypothesisId":"L2","location":"dataplane_local.c:encrypt_to_wan","message":"split_l2_ok","data":{"frag0_wire":1500,"frag1_wire":98,"n":143616}}
{"sessionId":"0173da","runId":"post-fix","timestamp":1783913476159,"hypothesisId":"L2","location":"dataplane_wan.c:decrypt_wan","message":"l2_full_decrypt_ok","data":{"wire_len":96,"plain_len":66,"n":33280}}
{"sessionId":"0173da","runId":"post-fix","timestamp":1783913476159,"hypothesisId":"L2","location":"dataplane_local.c:encrypt_to_wan","message":"split_l2_enter","data":{"plain_len":1514,"mode":1,"frag_meta":35,"mtu":1500,"n":143872}}
{"sessionId":"0173da","runId":"post-fix","timestamp":1783913476159,"hypothesisId":"L2","location":"dataplane_wan.c:dataplane_process_wan","message":"wan_l2_forward_ok","data":{"wire_in":96,"plain_len":66,"n":33280}}
{"sessionId":"0173da","runId":"post-fix","timestamp":1783913476159,"hypothesisId":"L2","location":"dataplane_local.c:encrypt_to_wan","message":"split_l2_ok","data":{"frag0_wire":1500,"frag1_wire":98,"n":143872}}
{"sessionId":"0173da","runId":"post-fix","timestamp":1783913476164,"hypothesisId":"L2","location":"dataplane_local.c:encrypt_to_wan","message":"encrypt_l2_full_ok","data":{"plain_len":770,"wire_len":800,"mode":1,"n":2560}}
{"sessionId":"0173da","runId":"post-fix","timestamp":1783913476165,"hypothesisId":"L2","location":"dataplane_local.c:encrypt_to_wan","message":"split_l2_enter","data":{"plain_len":1514,"mode":1,"frag_meta":35,"mtu":1500,"n":144128}}
{"sessionId":"0173da","runId":"post-fix","timestamp":1783913476165,"hypothesisId":"L2","location":"dataplane_local.c:encrypt_to_wan","message":"split_l2_ok","data":{"frag0_wire":1500,"frag1_wire":98,"n":144128}}
{"sessionId":"0173da","runId":"post-fix","timestamp":1783913476170,"hypothesisId":"L2","location":"dataplane_local.c:encrypt_to_wan","message":"split_l2_enter","data":{"plain_len":1514,"mode":1,"frag_meta":35,"mtu":1500,"n":144384}}
{"sessionId":"0173da","runId":"post-fix","timestamp":1783913476170,"hypothesisId":"L2","location":"dataplane_local.c:encrypt_to_wan","message":"split_l2_ok","data":{"frag0_wire":1500,"frag1_wire":98,"n":144384}}
{"sessionId":"0173da","runId":"post-fix","timestamp":1783913476177,"hypothesisId":"L2","location":"dataplane_local.c:encrypt_to_wan","message":"split_l2_enter","data":{"plain_len":1514,"mode":1,"frag_meta":35,"mtu":1500,"n":144640}}
{"sessionId":"0173da","runId":"post-fix","timestamp":1783913476177,"hypothesisId":"L2","location":"dataplane_local.c:encrypt_to_wan","message":"split_l2_ok","data":{"frag0_wire":1500,"frag1_wire":98,"n":144640}}
{"sessionId":"0173da","runId":"post-fix","timestamp":1783913476181,"hypothesisId":"L2","location":"dataplane_local.c:encrypt_to_wan","message":"split_l2_enter","data":{"plain_len":1514,"mode":1,"frag_meta":35,"mtu":1500,"n":144896}}
{"sessionId":"0173da","runId":"post-fix","timestamp":1783913476181,"hypothesisId":"L2","location":"dataplane_local.c:encrypt_to_wan","message":"split_l2_ok","data":{"frag0_wire":1500,"frag1_wire":98,"n":144896}}
{"sessionId":"0173da","runId":"post-fix","timestamp":1783913476192,"hypothesisId":"L2","location":"dataplane_local.c:encrypt_to_wan","message":"split_l2_enter","data":{"plain_len":1514,"mode":1,"frag_meta":35,"mtu":1500,"n":145152}}
{"sessionId":"0173da","runId":"post-fix","timestamp":1783913476193,"hypothesisId":"L2","location":"dataplane_local.c:encrypt_to_wan","message":"split_l2_ok","data":{"frag0_wire":1500,"frag1_wire":98,"n":145152}}
{"sessionId":"0173da","runId":"post-fix","timestamp":1783913476198,"hypothesisId":"L2","location":"dataplane_local.c:encrypt_to_wan","message":"split_l2_enter","data":{"plain_len":1514,"mode":1,"frag_meta":35,"mtu":1500,"n":145408}}
{"sessionId":"0173da","runId":"post-fix","timestamp":1783913476198,"hypothesisId":"L2","location":"dataplane_local.c:encrypt_to_wan","message":"split_l2_ok","data":{"frag0_wire":1500,"frag1_wire":98,"n":145408}}
{"sessionId":"0173da","runId":"post-fix","timestamp":1783913476208,"hypothesisId":"L2","location":"dataplane_local.c:encrypt_to_wan","message":"split_l2_enter","data":{"plain_len":1514,"mode":1,"frag_meta":35,"mtu":1500,"n":145664}}
{"sessionId":"0173da","runId":"post-fix","timestamp":1783913476208,"hypothesisId":"L2","location":"dataplane_local.c:encrypt_to_wan","message":"split_l2_ok","data":{"frag0_wire":1500,"frag1_wire":98,"n":145664}}
{"sessionId":"0173da","runId":"post-fix","timestamp":1783913476215,"hypothesisId":"L2","location":"dataplane_local.c:encrypt_to_wan","message":"split_l2_enter","data":{"plain_len":1514,"mode":1,"frag_meta":35,"mtu":1500,"n":145920}}
{"sessionId":"0173da","runId":"post-fix","timestamp":1783913476215,"hypothesisId":"L2","location":"dataplane_local.c:encrypt_to_wan","message":"split_l2_ok","data":{"frag0_wire":1500,"frag1_wire":98,"n":145920}}
{"sessionId":"0173da","runId":"post-fix","timestamp":1783913476222,"hypothesisId":"L2","location":"dataplane_local.c:encrypt_to_wan","message":"split_l2_enter","data":{"plain_len":1514,"mode":1,"frag_meta":35,"mtu":1500,"n":146176}}
{"sessionId":"0173da","runId":"post-fix","timestamp":1783913476222,"hypothesisId":"L2","location":"dataplane_local.c:encrypt_to_wan","message":"split_l2_ok","data":{"frag0_wire":1500,"frag1_wire":98,"n":146176}}
{"sessionId":"0173da","runId":"post-fix","timestamp":1783913476234,"hypothesisId":"L2","location":"dataplane_local.c:encrypt_to_wan","message":"split_l2_enter","data":{"plain_len":1514,"mode":1,"frag_meta":35,"mtu":1500,"n":146432}}
{"sessionId":"0173da","runId":"post-fix","timestamp":1783913476234,"hypothesisId":"L2","location":"dataplane_local.c:encrypt_to_wan","message":"split_l2_ok","data":{"frag0_wire":1500,"frag1_wire":98,"n":146432}}
{"sessionId":"0173da","runId":"post-fix","timestamp":1783913476245,"hypothesisId":"L2","location":"dataplane_local.c:encrypt_to_wan","message":"split_l2_enter","data":{"plain_len":1514,"mode":1,"frag_meta":35,"mtu":1500,"n":146688}}
{"sessionId":"0173da","runId":"post-fix","timestamp":1783913476245,"hypothesisId":"L2","location":"dataplane_local.c:encrypt_to_wan","message":"split_l2_ok","data":{"frag0_wire":1500,"frag1_wire":98,"n":146688}}
{"sessionId":"0173da","runId":"post-fix","timestamp":1783913476253,"hypothesisId":"L2","location":"dataplane_local.c:encrypt_to_wan","message":"split_l2_enter","data":{"plain_len":1514,"mode":1,"frag_meta":35,"mtu":1500,"n":146944}}
{"sessionId":"0173da","runId":"post-fix","timestamp":1783913476253,"hypothesisId":"L2","location":"dataplane_local.c:encrypt_to_wan","message":"split_l2_ok","data":{"frag0_wire":1500,"frag1_wire":98,"n":146944}}
{"sessionId":"0173da","runId":"post-fix","timestamp":1783913476257,"hypothesisId":"L2","location":"dataplane_local.c:encrypt_to_wan","message":"split_l2_enter","data":{"plain_len":1514,"mode":1,"frag_meta":35,"mtu":1500,"n":147200}}
{"sessionId":"0173da","runId":"post-fix","timestamp":1783913476257,"hypothesisId":"L2","location":"dataplane_local.c:encrypt_to_wan","message":"split_l2_ok","data":{"frag0_wire":1500,"frag1_wire":98,"n":147200}}
{"sessionId":"0173da","runId":"post-fix","timestamp":1783913476270,"hypothesisId":"L2","location":"dataplane_local.c:encrypt_to_wan","message":"split_l2_enter","data":{"plain_len":1514,"mode":1,"frag_meta":35,"mtu":1500,"n":147456}}
{"sessionId":"0173da","runId":"post-fix","timestamp":1783913476270,"hypothesisId":"L2","location":"dataplane_local.c:encrypt_to_wan","message":"split_l2_ok","data":{"frag0_wire":1500,"frag1_wire":98,"n":147456}}
{"sessionId":"0173da","runId":"post-fix","timestamp":1783913476280,"hypothesisId":"L2","location":"dataplane_local.c:encrypt_to_wan","message":"split_l2_enter","data":{"plain_len":1514,"mode":1,"frag_meta":35,"mtu":1500,"n":147712}}
{"sessionId":"0173da","runId":"post-fix","timestamp":1783913476280,"hypothesisId":"L2","location":"dataplane_local.c:encrypt_to_wan","message":"split_l2_ok","data":{"frag0_wire":1500,"frag1_wire":98,"n":147712}}
{"sessionId":"0173da","runId":"post-fix","timestamp":1783913476290,"hypothesisId":"L2","location":"dataplane_local.c:encrypt_to_wan","message":"split_l2_enter","data":{"plain_len":1514,"mode":1,"frag_meta":35,"mtu":1500,"n":147968}}
{"sessionId":"0173da","runId":"post-fix","timestamp":1783913476290,"hypothesisId":"L2","location":"dataplane_local.c:encrypt_to_wan","message":"split_l2_ok","data":{"frag0_wire":1500,"frag1_wire":98,"n":147968}}
{"sessionId":"0173da","runId":"post-fix","timestamp":1783913476301,"hypothesisId":"L2","location":"dataplane_local.c:encrypt_to_wan","message":"split_l2_enter","data":{"plain_len":1514,"mode":1,"frag_meta":35,"mtu":1500,"n":148224}}
{"sessionId":"0173da","runId":"post-fix","timestamp":1783913476301,"hypothesisId":"L2","location":"dataplane_local.c:encrypt_to_wan","message":"split_l2_ok","data":{"frag0_wire":1500,"frag1_wire":98,"n":148224}}
{"sessionId":"0173da","runId":"post-fix","timestamp":1783913476313,"hypothesisId":"L2","location":"dataplane_local.c:encrypt_to_wan","message":"split_l2_enter","data":{"plain_len":1514,"mode":1,"frag_meta":35,"mtu":1500,"n":148480}}
{"sessionId":"0173da","runId":"post-fix","timestamp":1783913476313,"hypothesisId":"L2","location":"dataplane_local.c:encrypt_to_wan","message":"split_l2_ok","data":{"frag0_wire":1500,"frag1_wire":98,"n":148480}}
{"sessionId":"0173da","runId":"post-fix","timestamp":1783913476321,"hypothesisId":"L2","location":"dataplane_local.c:encrypt_to_wan","message":"split_l2_enter","data":{"plain_len":1514,"mode":1,"frag_meta":35,"mtu":1500,"n":148736}}
{"sessionId":"0173da","runId":"post-fix","timestamp":1783913476322,"hypothesisId":"L2","location":"dataplane_local.c:encrypt_to_wan","message":"split_l2_ok","data":{"frag0_wire":1500,"frag1_wire":98,"n":148736}}
{"sessionId":"0173da","runId":"post-fix","timestamp":1783913476336,"hypothesisId":"L2","location":"dataplane_local.c:encrypt_to_wan","message":"split_l2_enter","data":{"plain_len":1507,"mode":1,"frag_meta":35,"mtu":1500,"n":148992}}
{"sessionId":"0173da","runId":"post-fix","timestamp":1783913476336,"hypothesisId":"L2","location":"dataplane_local.c:encrypt_to_wan","message":"split_l2_ok","data":{"frag0_wire":1500,"frag1_wire":91,"n":148992}}
{"sessionId":"0173da","runId":"post-fix","timestamp":1783913476346,"hypothesisId":"L2","location":"dataplane_local.c:encrypt_to_wan","message":"split_l2_enter","data":{"plain_len":1514,"mode":1,"frag_meta":35,"mtu":1500,"n":149248}}
{"sessionId":"0173da","runId":"post-fix","timestamp":1783913476346,"hypothesisId":"L2","location":"dataplane_local.c:encrypt_to_wan","message":"split_l2_ok","data":{"frag0_wire":1500,"frag1_wire":98,"n":149248}}
{"sessionId":"0173da","runId":"post-fix","timestamp":1783913476359,"hypothesisId":"L2","location":"dataplane_local.c:encrypt_to_wan","message":"split_l2_enter","data":{"plain_len":1514,"mode":1,"frag_meta":35,"mtu":1500,"n":149504}}
{"sessionId":"0173da","runId":"post-fix","timestamp":1783913476359,"hypothesisId":"L2","location":"dataplane_local.c:encrypt_to_wan","message":"split_l2_ok","data":{"frag0_wire":1500,"frag1_wire":98,"n":149504}}
{"sessionId":"0173da","runId":"post-fix","timestamp":1783913476371,"hypothesisId":"L2","location":"dataplane_local.c:encrypt_to_wan","message":"split_l2_enter","data":{"plain_len":1514,"mode":1,"frag_meta":35,"mtu":1500,"n":149760}}
{"sessionId":"0173da","runId":"post-fix","timestamp":1783913476371,"hypothesisId":"L2","location":"dataplane_local.c:encrypt_to_wan","message":"split_l2_ok","data":{"frag0_wire":1500,"frag1_wire":98,"n":149760}}
{"sessionId":"0173da","runId":"post-fix","timestamp":1783913476379,"hypothesisId":"L2","location":"dataplane_wan.c:decrypt_wan","message":"l2_full_decrypt_ok","data":{"wire_len":108,"plain_len":78,"n":33792}}
{"sessionId":"0173da","runId":"post-fix","timestamp":1783913476379,"hypothesisId":"L2","location":"dataplane_wan.c:dataplane_process_wan","message":"wan_l2_forward_ok","data":{"wire_in":108,"plain_len":78,"n":33792}}
{"sessionId":"0173da","runId":"post-fix","timestamp":1783913476381,"hypothesisId":"L2","location":"dataplane_local.c:encrypt_to_wan","message":"split_l2_enter","data":{"plain_len":1514,"mode":1,"frag_meta":35,"mtu":1500,"n":150016}}
{"sessionId":"0173da","runId":"post-fix","timestamp":1783913476382,"hypothesisId":"L2","location":"dataplane_local.c:encrypt_to_wan","message":"split_l2_ok","data":{"frag0_wire":1500,"frag1_wire":98,"n":150016}}
{"sessionId":"0173da","runId":"post-fix","timestamp":1783913476388,"hypothesisId":"L2","location":"dataplane_local.c:encrypt_to_wan","message":"split_l2_enter","data":{"plain_len":1514,"mode":1,"frag_meta":35,"mtu":1500,"n":150272}}
{"sessionId":"0173da","runId":"post-fix","timestamp":1783913476388,"hypothesisId":"L2","location":"dataplane_local.c:encrypt_to_wan","message":"split_l2_ok","data":{"frag0_wire":1500,"frag1_wire":98,"n":150272}}
{"sessionId":"0173da","runId":"post-fix","timestamp":1783913476401,"hypothesisId":"L2","location":"dataplane_local.c:encrypt_to_wan","message":"split_l2_enter","data":{"plain_len":1507,"mode":1,"frag_meta":35,"mtu":1500,"n":150528}}
{"sessionId":"0173da","runId":"post-fix","timestamp":1783913476401,"hypothesisId":"L2","location":"dataplane_local.c:encrypt_to_wan","message":"split_l2_ok","data":{"frag0_wire":1500,"frag1_wire":91,"n":150528}}
{"sessionId":"0173da","runId":"post-fix","timestamp":1783913476423,"hypothesisId":"L2","location":"dataplane_local.c:encrypt_to_wan","message":"split_l2_enter","data":{"plain_len":1514,"mode":1,"frag_meta":35,"mtu":1500,"n":150784}}
{"sessionId":"0173da","runId":"post-fix","timestamp":1783913476423,"hypothesisId":"L2","location":"dataplane_local.c:encrypt_to_wan","message":"split_l2_ok","data":{"frag0_wire":1500,"frag1_wire":98,"n":150784}}
{"sessionId":"0173da","runId":"post-fix","timestamp":1783913476432,"hypothesisId":"L2","location":"dataplane_local.c:encrypt_to_wan","message":"split_l2_enter","data":{"plain_len":1514,"mode":1,"frag_meta":35,"mtu":1500,"n":151040}}
{"sessionId":"0173da","runId":"post-fix","timestamp":1783913476432,"hypothesisId":"L2","location":"dataplane_local.c:encrypt_to_wan","message":"split_l2_ok","data":{"frag0_wire":1500,"frag1_wire":98,"n":151040}}
{"sessionId":"0173da","runId":"post-fix","timestamp":1783913476452,"hypothesisId":"L2","location":"dataplane_local.c:encrypt_to_wan","message":"split_l2_enter","data":{"plain_len":1514,"mode":1,"frag_meta":35,"mtu":1500,"n":151296}}
{"sessionId":"0173da","runId":"post-fix","timestamp":1783913476452,"hypothesisId":"L2","location":"dataplane_local.c:encrypt_to_wan","message":"split_l2_ok","data":{"frag0_wire":1500,"frag1_wire":98,"n":151296}}
{"sessionId":"0173da","runId":"post-fix","timestamp":1783913476466,"hypothesisId":"L2","location":"dataplane_local.c:encrypt_to_wan","message":"split_l2_enter","data":{"plain_len":1514,"mode":1,"frag_meta":35,"mtu":1500,"n":151552}}
{"sessionId":"0173da","runId":"post-fix","timestamp":1783913476466,"hypothesisId":"L2","location":"dataplane_local.c:encrypt_to_wan","message":"split_l2_ok","data":{"frag0_wire":1500,"frag1_wire":98,"n":151552}}
{"sessionId":"0173da","runId":"post-fix","timestamp":1783913476477,"hypothesisId":"L2","location":"dataplane_local.c:encrypt_to_wan","message":"split_l2_enter","data":{"plain_len":1514,"mode":1,"frag_meta":35,"mtu":1500,"n":151808}}
{"sessionId":"0173da","runId":"post-fix","timestamp":1783913476477,"hypothesisId":"L2","location":"dataplane_local.c:encrypt_to_wan","message":"split_l2_ok","data":{"frag0_wire":1500,"frag1_wire":98,"n":151808}}
{"sessionId":"0173da","runId":"post-fix","timestamp":1783913476505,"hypothesisId":"L2","location":"dataplane_local.c:encrypt_to_wan","message":"split_l2_enter","data":{"plain_len":1514,"mode":1,"frag_meta":35,"mtu":1500,"n":152064}}
{"sessionId":"0173da","runId":"post-fix","timestamp":1783913476505,"hypothesisId":"L2","location":"dataplane_local.c:encrypt_to_wan","message":"split_l2_ok","data":{"frag0_wire":1500,"frag1_wire":98,"n":152064}}
{"sessionId":"0173da","runId":"post-fix","timestamp":1783913476529,"hypothesisId":"L2","location":"dataplane_local.c:encrypt_to_wan","message":"split_l2_enter","data":{"plain_len":1514,"mode":1,"frag_meta":35,"mtu":1500,"n":152320}}
{"sessionId":"0173da","runId":"post-fix","timestamp":1783913476529,"hypothesisId":"L2","location":"dataplane_local.c:encrypt_to_wan","message":"split_l2_ok","data":{"frag0_wire":1500,"frag1_wire":98,"n":152320}}
{"sessionId":"0173da","runId":"post-fix","timestamp":1783913476543,"hypothesisId":"L2","location":"dataplane_local.c:encrypt_to_wan","message":"split_l2_enter","data":{"plain_len":1514,"mode":1,"frag_meta":35,"mtu":1500,"n":152576}}
{"sessionId":"0173da","runId":"post-fix","timestamp":1783913476543,"hypothesisId":"L2","location":"dataplane_local.c:encrypt_to_wan","message":"split_l2_ok","data":{"frag0_wire":1500,"frag1_wire":98,"n":152576}}
{"sessionId":"0173da","runId":"post-fix","timestamp":1783913476553,"hypothesisId":"L2","location":"dataplane_local.c:encrypt_to_wan","message":"split_l2_enter","data":{"plain_len":1514,"mode":1,"frag_meta":35,"mtu":1500,"n":152832}}
{"sessionId":"0173da","runId":"post-fix","timestamp":1783913476553,"hypothesisId":"L2","location":"dataplane_local.c:encrypt_to_wan","message":"split_l2_ok","data":{"frag0_wire":1500,"frag1_wire":98,"n":152832}}
{"sessionId":"0173da","runId":"post-fix","timestamp":1783913476586,"hypothesisId":"L2","location":"dataplane_local.c:encrypt_to_wan","message":"split_l2_enter","data":{"plain_len":1507,"mode":1,"frag_meta":35,"mtu":1500,"n":153088}}
{"sessionId":"0173da","runId":"post-fix","timestamp":1783913476586,"hypothesisId":"L2","location":"dataplane_local.c:encrypt_to_wan","message":"split_l2_ok","data":{"frag0_wire":1500,"frag1_wire":91,"n":153088}}
{"sessionId":"0173da","runId":"post-fix","timestamp":1783913476609,"hypothesisId":"L2","location":"dataplane_local.c:encrypt_to_wan","message":"split_l2_enter","data":{"plain_len":1514,"mode":1,"frag_meta":35,"mtu":1500,"n":153344}}
{"sessionId":"0173da","runId":"post-fix","timestamp":1783913476609,"hypothesisId":"L2","location":"dataplane_local.c:encrypt_to_wan","message":"split_l2_ok","data":{"frag0_wire":1500,"frag1_wire":98,"n":153344}}
{"sessionId":"0173da","runId":"post-fix","timestamp":1783913476631,"hypothesisId":"L2","location":"dataplane_local.c:encrypt_to_wan","message":"split_l2_enter","data":{"plain_len":1514,"mode":1,"frag_meta":35,"mtu":1500,"n":153600}}
{"sessionId":"0173da","runId":"post-fix","timestamp":1783913476631,"hypothesisId":"L2","location":"dataplane_local.c:encrypt_to_wan","message":"split_l2_ok","data":{"frag0_wire":1500,"frag1_wire":98,"n":153600}}
{"sessionId":"0173da","runId":"post-fix","timestamp":1783913476663,"hypothesisId":"L2","location":"dataplane_local.c:encrypt_to_wan","message":"split_l2_enter","data":{"plain_len":1514,"mode":1,"frag_meta":35,"mtu":1500,"n":153856}}
{"sessionId":"0173da","runId":"post-fix","timestamp":1783913476663,"hypothesisId":"L2","location":"dataplane_local.c:encrypt_to_wan","message":"split_l2_ok","data":{"frag0_wire":1500,"frag1_wire":98,"n":153856}}
{"sessionId":"0173da","runId":"post-fix","timestamp":1783913476679,"hypothesisId":"L2","location":"dataplane_local.c:encrypt_to_wan","message":"split_l2_enter","data":{"plain_len":1514,"mode":1,"frag_meta":35,"mtu":1500,"n":154112}}
{"sessionId":"0173da","runId":"post-fix","timestamp":1783913476679,"hypothesisId":"L2","location":"dataplane_local.c:encrypt_to_wan","message":"split_l2_ok","data":{"frag0_wire":1500,"frag1_wire":98,"n":154112}}
{"sessionId":"0173da","runId":"post-fix","timestamp":1783913476714,"hypothesisId":"L2","location":"dataplane_local.c:encrypt_to_wan","message":"split_l2_enter","data":{"plain_len":1514,"mode":1,"frag_meta":35,"mtu":1500,"n":154368}}
{"sessionId":"0173da","runId":"post-fix","timestamp":1783913476714,"hypothesisId":"L2","location":"dataplane_local.c:encrypt_to_wan","message":"split_l2_ok","data":{"frag0_wire":1500,"frag1_wire":98,"n":154368}}
{"sessionId":"0173da","runId":"post-fix","timestamp":1783913476753,"hypothesisId":"L2","location":"dataplane_local.c:encrypt_to_wan","message":"split_l2_enter","data":{"plain_len":1514,"mode":1,"frag_meta":35,"mtu":1500,"n":154624}}
{"sessionId":"0173da","runId":"post-fix","timestamp":1783913476753,"hypothesisId":"L2","location":"dataplane_local.c:encrypt_to_wan","message":"split_l2_ok","data":{"frag0_wire":1500,"frag1_wire":98,"n":154624}}
{"sessionId":"0173da","runId":"post-fix","timestamp":1783913476794,"hypothesisId":"L2","location":"dataplane_local.c:encrypt_to_wan","message":"split_l2_enter","data":{"plain_len":1514,"mode":1,"frag_meta":35,"mtu":1500,"n":154880}}
{"sessionId":"0173da","runId":"post-fix","timestamp":1783913476795,"hypothesisId":"L2","location":"dataplane_local.c:encrypt_to_wan","message":"split_l2_ok","data":{"frag0_wire":1500,"frag1_wire":98,"n":154880}}
{"sessionId":"0173da","runId":"post-fix","timestamp":1783913476851,"hypothesisId":"L2","location":"dataplane_local.c:encrypt_to_wan","message":"split_l2_enter","data":{"plain_len":1514,"mode":1,"frag_meta":35,"mtu":1500,"n":155136}}
{"sessionId":"0173da","runId":"post-fix","timestamp":1783913476851,"hypothesisId":"L2","location":"dataplane_local.c:encrypt_to_wan","message":"split_l2_ok","data":{"frag0_wire":1500,"frag1_wire":98,"n":155136}}
{"sessionId":"0173da","runId":"post-fix","timestamp":1783913476942,"hypothesisId":"L2","location":"dataplane_local.c:encrypt_to_wan","message":"split_l2_enter","data":{"plain_len":1514,"mode":1,"frag_meta":35,"mtu":1500,"n":155392}}
{"sessionId":"0173da","runId":"post-fix","timestamp":1783913476943,"hypothesisId":"L2","location":"dataplane_local.c:encrypt_to_wan","message":"split_l2_ok","data":{"frag0_wire":1500,"frag1_wire":98,"n":155392}}
{"sessionId":"0173da","runId":"post-fix","timestamp":1783913476946,"hypothesisId":"L2","location":"dataplane_wan.c:decrypt_wan","message":"l2_full_decrypt_ok","data":{"wire_len":108,"plain_len":78,"n":34304}}
{"sessionId":"0173da","runId":"post-fix","timestamp":1783913476946,"hypothesisId":"L2","location":"dataplane_wan.c:dataplane_process_wan","message":"wan_l2_forward_ok","data":{"wire_in":108,"plain_len":78,"n":34304}}
{"sessionId":"0173da","runId":"post-fix","timestamp":1783913477009,"hypothesisId":"L2","location":"dataplane_local.c:encrypt_to_wan","message":"split_l2_enter","data":{"plain_len":1514,"mode":1,"frag_meta":35,"mtu":1500,"n":155648}}
{"sessionId":"0173da","runId":"post-fix","timestamp":1783913477009,"hypothesisId":"L2","location":"dataplane_local.c:encrypt_to_wan","message":"split_l2_ok","data":{"frag0_wire":1500,"frag1_wire":98,"n":155648}}
{"sessionId":"0173da","runId":"post-fix","timestamp":1783913477138,"hypothesisId":"L2","location":"dataplane_local.c:encrypt_to_wan","message":"split_l2_enter","data":{"plain_len":1514,"mode":1,"frag_meta":35,"mtu":1500,"n":155904}}
{"sessionId":"0173da","runId":"post-fix","timestamp":1783913477139,"hypothesisId":"L2","location":"dataplane_local.c:encrypt_to_wan","message":"split_l2_ok","data":{"frag0_wire":1500,"frag1_wire":98,"n":155904}}
{"sessionId":"0173da","runId":"post-fix","timestamp":1783913477262,"hypothesisId":"L2","location":"dataplane_local.c:encrypt_to_wan","message":"split_l2_enter","data":{"plain_len":1514,"mode":1,"frag_meta":35,"mtu":1500,"n":156160}}
{"sessionId":"0173da","runId":"post-fix","timestamp":1783913477262,"hypothesisId":"L2","location":"dataplane_local.c:encrypt_to_wan","message":"split_l2_ok","data":{"frag0_wire":1500,"frag1_wire":98,"n":156160}}
{"sessionId":"0173da","runId":"post-fix","timestamp":1783913478338,"hypothesisId":"L2","location":"dataplane_local.c:encrypt_to_wan","message":"split_l2_enter","data":{"plain_len":1507,"mode":1,"frag_meta":35,"mtu":1500,"n":156416}}
{"sessionId":"0173da","runId":"post-fix","timestamp":1783913478338,"hypothesisId":"L2","location":"dataplane_local.c:encrypt_to_wan","message":"split_l2_ok","data":{"frag0_wire":1500,"frag1_wire":91,"n":156416}}
{"sessionId":"0173da","runId":"post-fix","timestamp":1783913478669,"hypothesisId":"L2","location":"dataplane_local.c:encrypt_to_wan","message":"split_l2_enter","data":{"plain_len":1507,"mode":1,"frag_meta":35,"mtu":1500,"n":156672}}
{"sessionId":"0173da","runId":"post-fix","timestamp":1783913478669,"hypothesisId":"L2","location":"dataplane_local.c:encrypt_to_wan","message":"split_l2_ok","data":{"frag0_wire":1500,"frag1_wire":91,"n":156672}}
{"sessionId":"0173da","runId":"post-fix","timestamp":1783913479101,"hypothesisId":"L2","location":"dataplane_local.c:encrypt_to_wan","message":"split_l2_enter","data":{"plain_len":1487,"mode":1,"frag_meta":35,"mtu":1500,"n":156928}}
{"sessionId":"0173da","runId":"post-fix","timestamp":1783913479101,"hypothesisId":"L2","location":"dataplane_local.c:encrypt_to_wan","message":"split_l2_ok","data":{"frag0_wire":1500,"frag1_wire":71,"n":156928}}
{"sessionId":"0173da","runId":"post-fix","timestamp":1783913479105,"hypothesisId":"L2","location":"dataplane_local.c:encrypt_to_wan","message":"encrypt_l2_full_ok","data":{"plain_len":1090,"wire_len":1120,"mode":1,"n":3072}}
{"sessionId":"0173da","runId":"post-fix","timestamp":1783913479172,"hypothesisId":"L2","location":"dataplane_local.c:encrypt_to_wan","message":"split_l2_enter","data":{"plain_len":1514,"mode":1,"frag_meta":35,"mtu":1500,"n":157184}}
{"sessionId":"0173da","runId":"post-fix","timestamp":1783913479172,"hypothesisId":"L2","location":"dataplane_local.c:encrypt_to_wan","message":"split_l2_ok","data":{"frag0_wire":1500,"frag1_wire":98,"n":157184}}
{"sessionId":"0173da","runId":"post-fix","timestamp":1783913479175,"hypothesisId":"L2","location":"dataplane_local.c:encrypt_to_wan","message":"split_l2_enter","data":{"plain_len":1514,"mode":1,"frag_meta":35,"mtu":1500,"n":157440}}
{"sessionId":"0173da","runId":"post-fix","timestamp":1783913479175,"hypothesisId":"L2","location":"dataplane_local.c:encrypt_to_wan","message":"split_l2_ok","data":{"frag0_wire":1500,"frag1_wire":98,"n":157440}}
{"sessionId":"0173da","runId":"post-fix","timestamp":1783913479178,"hypothesisId":"L2","location":"dataplane_local.c:encrypt_to_wan","message":"split_l2_enter","data":{"plain_len":1507,"mode":1,"frag_meta":35,"mtu":1500,"n":157696}}
{"sessionId":"0173da","runId":"post-fix","timestamp":1783913479178,"hypothesisId":"L2","location":"dataplane_local.c:encrypt_to_wan","message":"split_l2_ok","data":{"frag0_wire":1500,"frag1_wire":91,"n":157696}}
{"sessionId":"0173da","runId":"post-fix","timestamp":1783913479181,"hypothesisId":"L2","location":"dataplane_local.c:encrypt_to_wan","message":"split_l2_enter","data":{"plain_len":1514,"mode":1,"frag_meta":35,"mtu":1500,"n":157952}}
{"sessionId":"0173da","runId":"post-fix","timestamp":1783913479181,"hypothesisId":"L2","location":"dataplane_local.c:encrypt_to_wan","message":"split_l2_ok","data":{"frag0_wire":1500,"frag1_wire":98,"n":157952}}
{"sessionId":"0173da","runId":"post-fix","timestamp":1783913479184,"hypothesisId":"L2","location":"dataplane_wan.c:decrypt_wan","message":"l2_full_decrypt_ok","data":{"wire_len":108,"plain_len":78,"n":34816}}
{"sessionId":"0173da","runId":"post-fix","timestamp":1783913479184,"hypothesisId":"L2","location":"dataplane_wan.c:dataplane_process_wan","message":"wan_l2_forward_ok","data":{"wire_in":108,"plain_len":78,"n":34816}}
{"sessionId":"0173da","runId":"post-fix","timestamp":1783913479184,"hypothesisId":"L2","location":"dataplane_local.c:encrypt_to_wan","message":"split_l2_enter","data":{"plain_len":1514,"mode":1,"frag_meta":35,"mtu":1500,"n":158208}}
{"sessionId":"0173da","runId":"post-fix","timestamp":1783913479184,"hypothesisId":"L2","location":"dataplane_local.c:encrypt_to_wan","message":"split_l2_ok","data":{"frag0_wire":1500,"frag1_wire":98,"n":158208}}
{"sessionId":"0173da","runId":"post-fix","timestamp":1783913479186,"hypothesisId":"L2","location":"dataplane_local.c:encrypt_to_wan","message":"split_l2_enter","data":{"plain_len":1514,"mode":1,"frag_meta":35,"mtu":1500,"n":158464}}
{"sessionId":"0173da","runId":"post-fix","timestamp":1783913479186,"hypothesisId":"L2","location":"dataplane_local.c:encrypt_to_wan","message":"split_l2_ok","data":{"frag0_wire":1500,"frag1_wire":98,"n":158464}}
{"sessionId":"0173da","runId":"post-fix","timestamp":1783913479188,"hypothesisId":"L2","location":"dataplane_local.c:encrypt_to_wan","message":"split_l2_enter","data":{"plain_len":1514,"mode":1,"frag_meta":35,"mtu":1500,"n":158720}}
{"sessionId":"0173da","runId":"post-fix","timestamp":1783913479188,"hypothesisId":"L2","location":"dataplane_local.c:encrypt_to_wan","message":"split_l2_ok","data":{"frag0_wire":1500,"frag1_wire":98,"n":158720}}
{"sessionId":"0173da","runId":"post-fix","timestamp":1783913479189,"hypothesisId":"L2","location":"dataplane_local.c:encrypt_to_wan","message":"split_l2_enter","data":{"plain_len":1514,"mode":1,"frag_meta":35,"mtu":1500,"n":158976}}
{"sessionId":"0173da","runId":"post-fix","timestamp":1783913479189,"hypothesisId":"L2","location":"dataplane_local.c:encrypt_to_wan","message":"split_l2_ok","data":{"frag0_wire":1500,"frag1_wire":98,"n":158976}}
{"sessionId":"0173da","runId":"post-fix","timestamp":1783913479191,"hypothesisId":"L2","location":"dataplane_local.c:encrypt_to_wan","message":"split_l2_enter","data":{"plain_len":1514,"mode":1,"frag_meta":35,"mtu":1500,"n":159232}}
{"sessionId":"0173da","runId":"post-fix","timestamp":1783913479191,"hypothesisId":"L2","location":"dataplane_local.c:encrypt_to_wan","message":"split_l2_ok","data":{"frag0_wire":1500,"frag1_wire":98,"n":159232}}
{"sessionId":"0173da","runId":"post-fix","timestamp":1783913479192,"hypothesisId":"L2","location":"dataplane_local.c:encrypt_to_wan","message":"split_l2_enter","data":{"plain_len":1514,"mode":1,"frag_meta":35,"mtu":1500,"n":159488}}
{"sessionId":"0173da","runId":"post-fix","timestamp":1783913479192,"hypothesisId":"L2","location":"dataplane_local.c:encrypt_to_wan","message":"split_l2_ok","data":{"frag0_wire":1500,"frag1_wire":98,"n":159488}}
{"sessionId":"0173da","runId":"post-fix","timestamp":1783913479193,"hypothesisId":"L2","location":"dataplane_local.c:encrypt_to_wan","message":"split_l2_enter","data":{"plain_len":1514,"mode":1,"frag_meta":35,"mtu":1500,"n":159744}}
{"sessionId":"0173da","runId":"post-fix","timestamp":1783913479193,"hypothesisId":"L2","location":"dataplane_local.c:encrypt_to_wan","message":"split_l2_ok","data":{"frag0_wire":1500,"frag1_wire":98,"n":159744}}
{"sessionId":"0173da","runId":"post-fix","timestamp":1783913479195,"hypothesisId":"L2","location":"dataplane_local.c:encrypt_to_wan","message":"split_l2_enter","data":{"plain_len":1514,"mode":1,"frag_meta":35,"mtu":1500,"n":160000}}
{"sessionId":"0173da","runId":"post-fix","timestamp":1783913479195,"hypothesisId":"L2","location":"dataplane_local.c:encrypt_to_wan","message":"split_l2_ok","data":{"frag0_wire":1500,"frag1_wire":98,"n":160000}}
{"sessionId":"0173da","runId":"post-fix","timestamp":1783913479196,"hypothesisId":"L2","location":"dataplane_local.c:encrypt_to_wan","message":"split_l2_enter","data":{"plain_len":1514,"mode":1,"frag_meta":35,"mtu":1500,"n":160256}}
{"sessionId":"0173da","runId":"post-fix","timestamp":1783913479196,"hypothesisId":"L2","location":"dataplane_local.c:encrypt_to_wan","message":"split_l2_ok","data":{"frag0_wire":1500,"frag1_wire":98,"n":160256}}
{"sessionId":"0173da","runId":"post-fix","timestamp":1783913479197,"hypothesisId":"L2","location":"dataplane_local.c:encrypt_to_wan","message":"split_l2_enter","data":{"plain_len":1514,"mode":1,"frag_meta":35,"mtu":1500,"n":160512}}
{"sessionId":"0173da","runId":"post-fix","timestamp":1783913479197,"hypothesisId":"L2","location":"dataplane_local.c:encrypt_to_wan","message":"split_l2_ok","data":{"frag0_wire":1500,"frag1_wire":98,"n":160512}}
{"sessionId":"0173da","runId":"post-fix","timestamp":1783913479197,"hypothesisId":"L2","location":"dataplane_wan.c:dataplane_process_wan","message":"wan_l2_forward_ok","data":{"wire_in":108,"plain_len":78,"n":35328}}
{"sessionId":"0173da","runId":"post-fix","timestamp":1783913479197,"hypothesisId":"L2","location":"dataplane_wan.c:decrypt_wan","message":"l2_full_decrypt_ok","data":{"wire_len":108,"plain_len":78,"n":35328}}
{"sessionId":"0173da","runId":"post-fix","timestamp":1783913479199,"hypothesisId":"L2","location":"dataplane_local.c:encrypt_to_wan","message":"split_l2_enter","data":{"plain_len":1514,"mode":1,"frag_meta":35,"mtu":1500,"n":160768}}
{"sessionId":"0173da","runId":"post-fix","timestamp":1783913479199,"hypothesisId":"L2","location":"dataplane_local.c:encrypt_to_wan","message":"split_l2_ok","data":{"frag0_wire":1500,"frag1_wire":98,"n":160768}}
{"sessionId":"0173da","runId":"post-fix","timestamp":1783913479200,"hypothesisId":"L2","location":"dataplane_local.c:encrypt_to_wan","message":"split_l2_enter","data":{"plain_len":1514,"mode":1,"frag_meta":35,"mtu":1500,"n":161024}}
{"sessionId":"0173da","runId":"post-fix","timestamp":1783913479200,"hypothesisId":"L2","location":"dataplane_local.c:encrypt_to_wan","message":"split_l2_ok","data":{"frag0_wire":1500,"frag1_wire":98,"n":161024}}
{"sessionId":"0173da","runId":"post-fix","timestamp":1783913479201,"hypothesisId":"L2","location":"dataplane_local.c:encrypt_to_wan","message":"split_l2_enter","data":{"plain_len":1514,"mode":1,"frag_meta":35,"mtu":1500,"n":161280}}
{"sessionId":"0173da","runId":"post-fix","timestamp":1783913479201,"hypothesisId":"L2","location":"dataplane_local.c:encrypt_to_wan","message":"split_l2_ok","data":{"frag0_wire":1500,"frag1_wire":98,"n":161280}}
{"sessionId":"0173da","runId":"post-fix","timestamp":1783913479202,"hypothesisId":"L2","location":"dataplane_local.c:encrypt_to_wan","message":"split_l2_enter","data":{"plain_len":1514,"mode":1,"frag_meta":35,"mtu":1500,"n":161536}}
{"sessionId":"0173da","runId":"post-fix","timestamp":1783913479202,"hypothesisId":"L2","location":"dataplane_local.c:encrypt_to_wan","message":"split_l2_ok","data":{"frag0_wire":1500,"frag1_wire":98,"n":161536}}
{"sessionId":"0173da","runId":"post-fix","timestamp":1783913479204,"hypothesisId":"L2","location":"dataplane_local.c:encrypt_to_wan","message":"split_l2_enter","data":{"plain_len":1514,"mode":1,"frag_meta":35,"mtu":1500,"n":161792}}
{"sessionId":"0173da","runId":"post-fix","timestamp":1783913479204,"hypothesisId":"L2","location":"dataplane_local.c:encrypt_to_wan","message":"split_l2_ok","data":{"frag0_wire":1500,"frag1_wire":98,"n":161792}}
{"sessionId":"0173da","runId":"post-fix","timestamp":1783913479205,"hypothesisId":"L2","location":"dataplane_local.c:encrypt_to_wan","message":"split_l2_enter","data":{"plain_len":1514,"mode":1,"frag_meta":35,"mtu":1500,"n":162048}}
{"sessionId":"0173da","runId":"post-fix","timestamp":1783913479205,"hypothesisId":"L2","location":"dataplane_local.c:encrypt_to_wan","message":"split_l2_ok","data":{"frag0_wire":1500,"frag1_wire":98,"n":162048}}
{"sessionId":"0173da","runId":"post-fix","timestamp":1783913479205,"hypothesisId":"L2","location":"dataplane_wan.c:dataplane_process_wan","message":"wan_l2_forward_ok","data":{"wire_in":108,"plain_len":78,"n":35840}}
{"sessionId":"0173da","runId":"post-fix","timestamp":1783913479205,"hypothesisId":"L2","location":"dataplane_wan.c:decrypt_wan","message":"l2_full_decrypt_ok","data":{"wire_len":96,"plain_len":66,"n":35840}}
{"sessionId":"0173da","runId":"post-fix","timestamp":1783913479206,"hypothesisId":"L2","location":"dataplane_local.c:encrypt_to_wan","message":"split_l2_enter","data":{"plain_len":1507,"mode":1,"frag_meta":35,"mtu":1500,"n":162304}}
{"sessionId":"0173da","runId":"post-fix","timestamp":1783913479206,"hypothesisId":"L2","location":"dataplane_local.c:encrypt_to_wan","message":"split_l2_ok","data":{"frag0_wire":1500,"frag1_wire":91,"n":162304}}
{"sessionId":"0173da","runId":"post-fix","timestamp":1783913479208,"hypothesisId":"L2","location":"dataplane_local.c:encrypt_to_wan","message":"split_l2_enter","data":{"plain_len":1514,"mode":1,"frag_meta":35,"mtu":1500,"n":162560}}
{"sessionId":"0173da","runId":"post-fix","timestamp":1783913479208,"hypothesisId":"L2","location":"dataplane_local.c:encrypt_to_wan","message":"split_l2_ok","data":{"frag0_wire":1500,"frag1_wire":98,"n":162560}}
{"sessionId":"0173da","runId":"post-fix","timestamp":1783913479209,"hypothesisId":"L2","location":"dataplane_local.c:encrypt_to_wan","message":"split_l2_enter","data":{"plain_len":1514,"mode":1,"frag_meta":35,"mtu":1500,"n":162816}}
{"sessionId":"0173da","runId":"post-fix","timestamp":1783913479209,"hypothesisId":"L2","location":"dataplane_local.c:encrypt_to_wan","message":"split_l2_ok","data":{"frag0_wire":1500,"frag1_wire":98,"n":162816}}
{"sessionId":"0173da","runId":"post-fix","timestamp":1783913479210,"hypothesisId":"L2","location":"dataplane_local.c:encrypt_to_wan","message":"split_l2_enter","data":{"plain_len":1514,"mode":1,"frag_meta":35,"mtu":1500,"n":163072}}
{"sessionId":"0173da","runId":"post-fix","timestamp":1783913479210,"hypothesisId":"L2","location":"dataplane_local.c:encrypt_to_wan","message":"split_l2_ok","data":{"frag0_wire":1500,"frag1_wire":98,"n":163072}}
{"sessionId":"0173da","runId":"post-fix","timestamp":1783913479211,"hypothesisId":"L2","location":"dataplane_wan.c:decrypt_wan","message":"l2_full_decrypt_ok","data":{"wire_len":108,"plain_len":78,"n":36352}}
{"sessionId":"0173da","runId":"post-fix","timestamp":1783913479211,"hypothesisId":"L2","location":"dataplane_wan.c:dataplane_process_wan","message":"wan_l2_forward_ok","data":{"wire_in":96,"plain_len":66,"n":36352}}
{"sessionId":"0173da","runId":"post-fix","timestamp":1783913479211,"hypothesisId":"L2","location":"dataplane_local.c:encrypt_to_wan","message":"split_l2_enter","data":{"plain_len":1514,"mode":1,"frag_meta":35,"mtu":1500,"n":163328}}
{"sessionId":"0173da","runId":"post-fix","timestamp":1783913479212,"hypothesisId":"L2","location":"dataplane_local.c:encrypt_to_wan","message":"split_l2_ok","data":{"frag0_wire":1500,"frag1_wire":98,"n":163328}}
{"sessionId":"0173da","runId":"post-fix","timestamp":1783913479213,"hypothesisId":"L2","location":"dataplane_local.c:encrypt_to_wan","message":"split_l2_enter","data":{"plain_len":1507,"mode":1,"frag_meta":35,"mtu":1500,"n":163584}}
{"sessionId":"0173da","runId":"post-fix","timestamp":1783913479213,"hypothesisId":"L2","location":"dataplane_local.c:encrypt_to_wan","message":"split_l2_ok","data":{"frag0_wire":1500,"frag1_wire":91,"n":163584}}
{"sessionId":"0173da","runId":"post-fix","timestamp":1783913479214,"hypothesisId":"L2","location":"dataplane_local.c:encrypt_to_wan","message":"split_l2_enter","data":{"plain_len":1507,"mode":1,"frag_meta":35,"mtu":1500,"n":163840}}
{"sessionId":"0173da","runId":"post-fix","timestamp":1783913479214,"hypothesisId":"L2","location":"dataplane_local.c:encrypt_to_wan","message":"split_l2_ok","data":{"frag0_wire":1500,"frag1_wire":91,"n":163840}}
{"sessionId":"0173da","runId":"post-fix","timestamp":1783913479215,"hypothesisId":"L2","location":"dataplane_local.c:encrypt_to_wan","message":"split_l2_enter","data":{"plain_len":1514,"mode":1,"frag_meta":35,"mtu":1500,"n":164096}}
{"sessionId":"0173da","runId":"post-fix","timestamp":1783913479215,"hypothesisId":"L2","location":"dataplane_local.c:encrypt_to_wan","message":"split_l2_ok","data":{"frag0_wire":1500,"frag1_wire":98,"n":164096}}
{"sessionId":"0173da","runId":"post-fix","timestamp":1783913479216,"hypothesisId":"L2","location":"dataplane_local.c:encrypt_to_wan","message":"split_l2_enter","data":{"plain_len":1514,"mode":1,"frag_meta":35,"mtu":1500,"n":164352}}
{"sessionId":"0173da","runId":"post-fix","timestamp":1783913479216,"hypothesisId":"L2","location":"dataplane_local.c:encrypt_to_wan","message":"split_l2_ok","data":{"frag0_wire":1500,"frag1_wire":98,"n":164352}}
{"sessionId":"0173da","runId":"post-fix","timestamp":1783913479218,"hypothesisId":"L2","location":"dataplane_local.c:encrypt_to_wan","message":"split_l2_enter","data":{"plain_len":1514,"mode":1,"frag_meta":35,"mtu":1500,"n":164608}}
{"sessionId":"0173da","runId":"post-fix","timestamp":1783913479218,"hypothesisId":"L2","location":"dataplane_local.c:encrypt_to_wan","message":"split_l2_ok","data":{"frag0_wire":1500,"frag1_wire":98,"n":164608}}
{"sessionId":"0173da","runId":"post-fix","timestamp":1783913479219,"hypothesisId":"L2","location":"dataplane_local.c:encrypt_to_wan","message":"split_l2_enter","data":{"plain_len":1514,"mode":1,"frag_meta":35,"mtu":1500,"n":164864}}
{"sessionId":"0173da","runId":"post-fix","timestamp":1783913479219,"hypothesisId":"L2","location":"dataplane_local.c:encrypt_to_wan","message":"split_l2_ok","data":{"frag0_wire":1500,"frag1_wire":98,"n":164864}}
{"sessionId":"0173da","runId":"post-fix","timestamp":1783913479220,"hypothesisId":"L2","location":"dataplane_local.c:encrypt_to_wan","message":"split_l2_enter","data":{"plain_len":1514,"mode":1,"frag_meta":35,"mtu":1500,"n":165120}}
{"sessionId":"0173da","runId":"post-fix","timestamp":1783913479220,"hypothesisId":"L2","location":"dataplane_local.c:encrypt_to_wan","message":"split_l2_ok","data":{"frag0_wire":1500,"frag1_wire":98,"n":165120}}
{"sessionId":"0173da","runId":"post-fix","timestamp":1783913479221,"hypothesisId":"L2","location":"dataplane_wan.c:decrypt_wan","message":"l2_full_decrypt_ok","data":{"wire_len":108,"plain_len":78,"n":36864}}
{"sessionId":"0173da","runId":"post-fix","timestamp":1783913479221,"hypothesisId":"L2","location":"dataplane_wan.c:dataplane_process_wan","message":"wan_l2_forward_ok","data":{"wire_in":108,"plain_len":78,"n":36864}}
{"sessionId":"0173da","runId":"post-fix","timestamp":1783913479221,"hypothesisId":"L2","location":"dataplane_local.c:encrypt_to_wan","message":"split_l2_enter","data":{"plain_len":1514,"mode":1,"frag_meta":35,"mtu":1500,"n":165376}}
{"sessionId":"0173da","runId":"post-fix","timestamp":1783913479221,"hypothesisId":"L2","location":"dataplane_local.c:encrypt_to_wan","message":"split_l2_ok","data":{"frag0_wire":1500,"frag1_wire":98,"n":165376}}
{"sessionId":"0173da","runId":"post-fix","timestamp":1783913479223,"hypothesisId":"L2","location":"dataplane_local.c:encrypt_to_wan","message":"split_l2_enter","data":{"plain_len":1514,"mode":1,"frag_meta":35,"mtu":1500,"n":165632}}
{"sessionId":"0173da","runId":"post-fix","timestamp":1783913479223,"hypothesisId":"L2","location":"dataplane_local.c:encrypt_to_wan","message":"split_l2_ok","data":{"frag0_wire":1500,"frag1_wire":98,"n":165632}}
{"sessionId":"0173da","runId":"post-fix","timestamp":1783913479224,"hypothesisId":"L2","location":"dataplane_local.c:encrypt_to_wan","message":"split_l2_enter","data":{"plain_len":1514,"mode":1,"frag_meta":35,"mtu":1500,"n":165888}}
{"sessionId":"0173da","runId":"post-fix","timestamp":1783913479224,"hypothesisId":"L2","location":"dataplane_local.c:encrypt_to_wan","message":"split_l2_ok","data":{"frag0_wire":1500,"frag1_wire":98,"n":165888}}
{"sessionId":"0173da","runId":"post-fix","timestamp":1783913479225,"hypothesisId":"L2","location":"dataplane_local.c:encrypt_to_wan","message":"split_l2_enter","data":{"plain_len":1514,"mode":1,"frag_meta":35,"mtu":1500,"n":166144}}
{"sessionId":"0173da","runId":"post-fix","timestamp":1783913479225,"hypothesisId":"L2","location":"dataplane_local.c:encrypt_to_wan","message":"split_l2_ok","data":{"frag0_wire":1500,"frag1_wire":98,"n":166144}}
{"sessionId":"0173da","runId":"post-fix","timestamp":1783913479226,"hypothesisId":"L2","location":"dataplane_local.c:encrypt_to_wan","message":"split_l2_enter","data":{"plain_len":1514,"mode":1,"frag_meta":35,"mtu":1500,"n":166400}}
{"sessionId":"0173da","runId":"post-fix","timestamp":1783913479227,"hypothesisId":"L2","location":"dataplane_local.c:encrypt_to_wan","message":"split_l2_ok","data":{"frag0_wire":1500,"frag1_wire":98,"n":166400}}
{"sessionId":"0173da","runId":"post-fix","timestamp":1783913479228,"hypothesisId":"L2","location":"dataplane_local.c:encrypt_to_wan","message":"split_l2_enter","data":{"plain_len":1514,"mode":1,"frag_meta":35,"mtu":1500,"n":166656}}
{"sessionId":"0173da","runId":"post-fix","timestamp":1783913479228,"hypothesisId":"L2","location":"dataplane_local.c:encrypt_to_wan","message":"split_l2_ok","data":{"frag0_wire":1500,"frag1_wire":98,"n":166656}}
{"sessionId":"0173da","runId":"post-fix","timestamp":1783913479229,"hypothesisId":"L2","location":"dataplane_local.c:encrypt_to_wan","message":"split_l2_enter","data":{"plain_len":1514,"mode":1,"frag_meta":35,"mtu":1500,"n":166912}}
{"sessionId":"0173da","runId":"post-fix","timestamp":1783913479229,"hypothesisId":"L2","location":"dataplane_local.c:encrypt_to_wan","message":"split_l2_ok","data":{"frag0_wire":1500,"frag1_wire":98,"n":166912}}
{"sessionId":"0173da","runId":"post-fix","timestamp":1783913479230,"hypothesisId":"L2","location":"dataplane_wan.c:dataplane_process_wan","message":"wan_l2_forward_ok","data":{"wire_in":116,"plain_len":86,"n":37376}}
{"sessionId":"0173da","runId":"post-fix","timestamp":1783913479230,"hypothesisId":"L2","location":"dataplane_wan.c:decrypt_wan","message":"l2_full_decrypt_ok","data":{"wire_len":108,"plain_len":78,"n":37376}}
{"sessionId":"0173da","runId":"post-fix","timestamp":1783913479230,"hypothesisId":"L2","location":"dataplane_local.c:encrypt_to_wan","message":"split_l2_enter","data":{"plain_len":1514,"mode":1,"frag_meta":35,"mtu":1500,"n":167168}}
{"sessionId":"0173da","runId":"post-fix","timestamp":1783913479231,"hypothesisId":"L2","location":"dataplane_local.c:encrypt_to_wan","message":"split_l2_ok","data":{"frag0_wire":1500,"frag1_wire":98,"n":167168}}
{"sessionId":"0173da","runId":"post-fix","timestamp":1783913479231,"hypothesisId":"L2","location":"dataplane_local.c:encrypt_to_wan","message":"split_l2_enter","data":{"plain_len":1514,"mode":1,"frag_meta":35,"mtu":1500,"n":167424}}
{"sessionId":"0173da","runId":"post-fix","timestamp":1783913479232,"hypothesisId":"L2","location":"dataplane_local.c:encrypt_to_wan","message":"split_l2_ok","data":{"frag0_wire":1500,"frag1_wire":98,"n":167424}}
{"sessionId":"0173da","runId":"post-fix","timestamp":1783913479233,"hypothesisId":"L2","location":"dataplane_local.c:encrypt_to_wan","message":"split_l2_enter","data":{"plain_len":1514,"mode":1,"frag_meta":35,"mtu":1500,"n":167680}}
{"sessionId":"0173da","runId":"post-fix","timestamp":1783913479233,"hypothesisId":"L2","location":"dataplane_local.c:encrypt_to_wan","message":"split_l2_ok","data":{"frag0_wire":1500,"frag1_wire":98,"n":167680}}
{"sessionId":"0173da","runId":"post-fix","timestamp":1783913479234,"hypothesisId":"L2","location":"dataplane_local.c:encrypt_to_wan","message":"split_l2_enter","data":{"plain_len":1514,"mode":1,"frag_meta":35,"mtu":1500,"n":167936}}
{"sessionId":"0173da","runId":"post-fix","timestamp":1783913479234,"hypothesisId":"L2","location":"dataplane_local.c:encrypt_to_wan","message":"split_l2_ok","data":{"frag0_wire":1500,"frag1_wire":98,"n":167936}}
{"sessionId":"0173da","runId":"post-fix","timestamp":1783913479235,"hypothesisId":"L2","location":"dataplane_local.c:encrypt_to_wan","message":"split_l2_enter","data":{"plain_len":1514,"mode":1,"frag_meta":35,"mtu":1500,"n":168192}}
{"sessionId":"0173da","runId":"post-fix","timestamp":1783913479236,"hypothesisId":"L2","location":"dataplane_local.c:encrypt_to_wan","message":"split_l2_ok","data":{"frag0_wire":1500,"frag1_wire":98,"n":168192}}
{"sessionId":"0173da","runId":"post-fix","timestamp":1783913479237,"hypothesisId":"L2","location":"dataplane_local.c:encrypt_to_wan","message":"split_l2_enter","data":{"plain_len":1514,"mode":1,"frag_meta":35,"mtu":1500,"n":168448}}
{"sessionId":"0173da","runId":"post-fix","timestamp":1783913479237,"hypothesisId":"L2","location":"dataplane_local.c:encrypt_to_wan","message":"split_l2_ok","data":{"frag0_wire":1500,"frag1_wire":98,"n":168448}}
{"sessionId":"0173da","runId":"post-fix","timestamp":1783913479238,"hypothesisId":"L2","location":"dataplane_wan.c:dataplane_process_wan","message":"wan_l2_forward_ok","data":{"wire_in":108,"plain_len":78,"n":37888}}
{"sessionId":"0173da","runId":"post-fix","timestamp":1783913479238,"hypothesisId":"L2","location":"dataplane_wan.c:decrypt_wan","message":"l2_full_decrypt_ok","data":{"wire_len":108,"plain_len":78,"n":37888}}
{"sessionId":"0173da","runId":"post-fix","timestamp":1783913479238,"hypothesisId":"L2","location":"dataplane_local.c:encrypt_to_wan","message":"split_l2_enter","data":{"plain_len":1514,"mode":1,"frag_meta":35,"mtu":1500,"n":168704}}
{"sessionId":"0173da","runId":"post-fix","timestamp":1783913479238,"hypothesisId":"L2","location":"dataplane_local.c:encrypt_to_wan","message":"split_l2_ok","data":{"frag0_wire":1500,"frag1_wire":98,"n":168704}}
{"sessionId":"0173da","runId":"post-fix","timestamp":1783913479239,"hypothesisId":"L2","location":"dataplane_local.c:encrypt_to_wan","message":"split_l2_enter","data":{"plain_len":1514,"mode":1,"frag_meta":35,"mtu":1500,"n":168960}}
{"sessionId":"0173da","runId":"post-fix","timestamp":1783913479239,"hypothesisId":"L2","location":"dataplane_local.c:encrypt_to_wan","message":"split_l2_ok","data":{"frag0_wire":1500,"frag1_wire":98,"n":168960}}
{"sessionId":"0173da","runId":"post-fix","timestamp":1783913479240,"hypothesisId":"L2","location":"dataplane_local.c:encrypt_to_wan","message":"split_l2_enter","data":{"plain_len":1514,"mode":1,"frag_meta":35,"mtu":1500,"n":169216}}
{"sessionId":"0173da","runId":"post-fix","timestamp":1783913479240,"hypothesisId":"L2","location":"dataplane_local.c:encrypt_to_wan","message":"split_l2_ok","data":{"frag0_wire":1500,"frag1_wire":98,"n":169216}}
{"sessionId":"0173da","runId":"post-fix","timestamp":1783913479242,"hypothesisId":"L2","location":"dataplane_local.c:encrypt_to_wan","message":"split_l2_enter","data":{"plain_len":1514,"mode":1,"frag_meta":35,"mtu":1500,"n":169472}}
{"sessionId":"0173da","runId":"post-fix","timestamp":1783913479242,"hypothesisId":"L2","location":"dataplane_local.c:encrypt_to_wan","message":"split_l2_ok","data":{"frag0_wire":1500,"frag1_wire":98,"n":169472}}
{"sessionId":"0173da","runId":"post-fix","timestamp":1783913479243,"hypothesisId":"L2","location":"dataplane_local.c:encrypt_to_wan","message":"split_l2_enter","data":{"plain_len":1514,"mode":1,"frag_meta":35,"mtu":1500,"n":169728}}
{"sessionId":"0173da","runId":"post-fix","timestamp":1783913479243,"hypothesisId":"L2","location":"dataplane_local.c:encrypt_to_wan","message":"split_l2_ok","data":{"frag0_wire":1500,"frag1_wire":98,"n":169728}}
{"sessionId":"0173da","runId":"post-fix","timestamp":1783913479244,"hypothesisId":"L2","location":"dataplane_local.c:encrypt_to_wan","message":"split_l2_enter","data":{"plain_len":1514,"mode":1,"frag_meta":35,"mtu":1500,"n":169984}}
{"sessionId":"0173da","runId":"post-fix","timestamp":1783913479244,"hypothesisId":"L2","location":"dataplane_local.c:encrypt_to_wan","message":"split_l2_ok","data":{"frag0_wire":1500,"frag1_wire":98,"n":169984}}
{"sessionId":"0173da","runId":"post-fix","timestamp":1783913479245,"hypothesisId":"L2","location":"dataplane_local.c:encrypt_to_wan","message":"split_l2_enter","data":{"plain_len":1514,"mode":1,"frag_meta":35,"mtu":1500,"n":170240}}
{"sessionId":"0173da","runId":"post-fix","timestamp":1783913479246,"hypothesisId":"L2","location":"dataplane_local.c:encrypt_to_wan","message":"split_l2_ok","data":{"frag0_wire":1500,"frag1_wire":98,"n":170240}}
{"sessionId":"0173da","runId":"post-fix","timestamp":1783913479246,"hypothesisId":"L2","location":"dataplane_wan.c:decrypt_wan","message":"l2_full_decrypt_ok","data":{"wire_len":108,"plain_len":78,"n":38400}}
{"sessionId":"0173da","runId":"post-fix","timestamp":1783913479246,"hypothesisId":"L2","location":"dataplane_wan.c:dataplane_process_wan","message":"wan_l2_forward_ok","data":{"wire_in":108,"plain_len":78,"n":38400}}
{"sessionId":"0173da","runId":"post-fix","timestamp":1783913479247,"hypothesisId":"L2","location":"dataplane_local.c:encrypt_to_wan","message":"split_l2_enter","data":{"plain_len":1514,"mode":1,"frag_meta":35,"mtu":1500,"n":170496}}
{"sessionId":"0173da","runId":"post-fix","timestamp":1783913479247,"hypothesisId":"L2","location":"dataplane_local.c:encrypt_to_wan","message":"split_l2_ok","data":{"frag0_wire":1500,"frag1_wire":98,"n":170496}}
{"sessionId":"0173da","runId":"post-fix","timestamp":1783913479248,"hypothesisId":"L2","location":"dataplane_local.c:encrypt_to_wan","message":"split_l2_enter","data":{"plain_len":1507,"mode":1,"frag_meta":35,"mtu":1500,"n":170752}}
{"sessionId":"0173da","runId":"post-fix","timestamp":1783913479248,"hypothesisId":"L2","location":"dataplane_local.c:encrypt_to_wan","message":"split_l2_ok","data":{"frag0_wire":1500,"frag1_wire":91,"n":170752}}
{"sessionId":"0173da","runId":"post-fix","timestamp":1783913479249,"hypothesisId":"L2","location":"dataplane_local.c:encrypt_to_wan","message":"split_l2_enter","data":{"plain_len":1514,"mode":1,"frag_meta":35,"mtu":1500,"n":171008}}
{"sessionId":"0173da","runId":"post-fix","timestamp":1783913479249,"hypothesisId":"L2","location":"dataplane_local.c:encrypt_to_wan","message":"split_l2_ok","data":{"frag0_wire":1500,"frag1_wire":98,"n":171008}}
{"sessionId":"0173da","runId":"post-fix","timestamp":1783913479251,"hypothesisId":"L2","location":"dataplane_local.c:encrypt_to_wan","message":"split_l2_enter","data":{"plain_len":1514,"mode":1,"frag_meta":35,"mtu":1500,"n":171264}}
{"sessionId":"0173da","runId":"post-fix","timestamp":1783913479251,"hypothesisId":"L2","location":"dataplane_local.c:encrypt_to_wan","message":"split_l2_ok","data":{"frag0_wire":1500,"frag1_wire":98,"n":171264}}
{"sessionId":"0173da","runId":"post-fix","timestamp":1783913479252,"hypothesisId":"L2","location":"dataplane_local.c:encrypt_to_wan","message":"split_l2_enter","data":{"plain_len":1514,"mode":1,"frag_meta":35,"mtu":1500,"n":171520}}
{"sessionId":"0173da","runId":"post-fix","timestamp":1783913479252,"hypothesisId":"L2","location":"dataplane_local.c:encrypt_to_wan","message":"split_l2_ok","data":{"frag0_wire":1500,"frag1_wire":98,"n":171520}}
{"sessionId":"0173da","runId":"post-fix","timestamp":1783913479253,"hypothesisId":"L2","location":"dataplane_local.c:encrypt_to_wan","message":"split_l2_enter","data":{"plain_len":1514,"mode":1,"frag_meta":35,"mtu":1500,"n":171776}}
{"sessionId":"0173da","runId":"post-fix","timestamp":1783913479253,"hypothesisId":"L2","location":"dataplane_local.c:encrypt_to_wan","message":"split_l2_ok","data":{"frag0_wire":1500,"frag1_wire":98,"n":171776}}
{"sessionId":"0173da","runId":"post-fix","timestamp":1783913479254,"hypothesisId":"L2","location":"dataplane_wan.c:dataplane_process_wan","message":"wan_l2_forward_ok","data":{"wire_in":108,"plain_len":78,"n":38912}}
{"sessionId":"0173da","runId":"post-fix","timestamp":1783913479254,"hypothesisId":"L2","location":"dataplane_wan.c:decrypt_wan","message":"l2_full_decrypt_ok","data":{"wire_len":116,"plain_len":86,"n":38912}}
{"sessionId":"0173da","runId":"post-fix","timestamp":1783913479254,"hypothesisId":"L2","location":"dataplane_local.c:encrypt_to_wan","message":"split_l2_enter","data":{"plain_len":1514,"mode":1,"frag_meta":35,"mtu":1500,"n":172032}}
{"sessionId":"0173da","runId":"post-fix","timestamp":1783913479255,"hypothesisId":"L2","location":"dataplane_local.c:encrypt_to_wan","message":"split_l2_ok","data":{"frag0_wire":1500,"frag1_wire":98,"n":172032}}
{"sessionId":"0173da","runId":"post-fix","timestamp":1783913479256,"hypothesisId":"L2","location":"dataplane_local.c:encrypt_to_wan","message":"split_l2_enter","data":{"plain_len":1514,"mode":1,"frag_meta":35,"mtu":1500,"n":172288}}
{"sessionId":"0173da","runId":"post-fix","timestamp":1783913479256,"hypothesisId":"L2","location":"dataplane_local.c:encrypt_to_wan","message":"split_l2_ok","data":{"frag0_wire":1500,"frag1_wire":98,"n":172288}}
{"sessionId":"0173da","runId":"post-fix","timestamp":1783913479257,"hypothesisId":"L2","location":"dataplane_local.c:encrypt_to_wan","message":"split_l2_enter","data":{"plain_len":1514,"mode":1,"frag_meta":35,"mtu":1500,"n":172544}}
{"sessionId":"0173da","runId":"post-fix","timestamp":1783913479257,"hypothesisId":"L2","location":"dataplane_local.c:encrypt_to_wan","message":"split_l2_ok","data":{"frag0_wire":1500,"frag1_wire":98,"n":172544}}
{"sessionId":"0173da","runId":"post-fix","timestamp":1783913479258,"hypothesisId":"L2","location":"dataplane_local.c:encrypt_to_wan","message":"split_l2_enter","data":{"plain_len":1514,"mode":1,"frag_meta":35,"mtu":1500,"n":172800}}
{"sessionId":"0173da","runId":"post-fix","timestamp":1783913479259,"hypothesisId":"L2","location":"dataplane_local.c:encrypt_to_wan","message":"split_l2_ok","data":{"frag0_wire":1500,"frag1_wire":98,"n":172800}}
{"sessionId":"0173da","runId":"post-fix","timestamp":1783913479259,"hypothesisId":"L2","location":"dataplane_local.c:encrypt_to_wan","message":"split_l2_enter","data":{"plain_len":1507,"mode":1,"frag_meta":35,"mtu":1500,"n":173056}}
{"sessionId":"0173da","runId":"post-fix","timestamp":1783913479260,"hypothesisId":"L2","location":"dataplane_local.c:encrypt_to_wan","message":"split_l2_ok","data":{"frag0_wire":1500,"frag1_wire":91,"n":173056}}
{"sessionId":"0173da","runId":"post-fix","timestamp":1783913479261,"hypothesisId":"L2","location":"dataplane_local.c:encrypt_to_wan","message":"split_l2_enter","data":{"plain_len":1514,"mode":1,"frag_meta":35,"mtu":1500,"n":173312}}
{"sessionId":"0173da","runId":"post-fix","timestamp":1783913479261,"hypothesisId":"L2","location":"dataplane_local.c:encrypt_to_wan","message":"split_l2_ok","data":{"frag0_wire":1500,"frag1_wire":98,"n":173312}}
{"sessionId":"0173da","runId":"post-fix","timestamp":1783913479261,"hypothesisId":"L2","location":"dataplane_wan.c:decrypt_wan","message":"l2_full_decrypt_ok","data":{"wire_len":96,"plain_len":66,"n":39424}}
{"sessionId":"0173da","runId":"post-fix","timestamp":1783913479261,"hypothesisId":"L2","location":"dataplane_wan.c:dataplane_process_wan","message":"wan_l2_forward_ok","data":{"wire_in":96,"plain_len":66,"n":39424}}
{"sessionId":"0173da","runId":"post-fix","timestamp":1783913479262,"hypothesisId":"L2","location":"dataplane_local.c:encrypt_to_wan","message":"split_l2_enter","data":{"plain_len":1514,"mode":1,"frag_meta":35,"mtu":1500,"n":173568}}
{"sessionId":"0173da","runId":"post-fix","timestamp":1783913479262,"hypothesisId":"L2","location":"dataplane_local.c:encrypt_to_wan","message":"split_l2_ok","data":{"frag0_wire":1500,"frag1_wire":98,"n":173568}}
{"sessionId":"0173da","runId":"post-fix","timestamp":1783913479263,"hypothesisId":"L2","location":"dataplane_local.c:encrypt_to_wan","message":"split_l2_enter","data":{"plain_len":1514,"mode":1,"frag_meta":35,"mtu":1500,"n":173824}}
{"sessionId":"0173da","runId":"post-fix","timestamp":1783913479263,"hypothesisId":"L2","location":"dataplane_local.c:encrypt_to_wan","message":"split_l2_ok","data":{"frag0_wire":1500,"frag1_wire":98,"n":173824}}
{"sessionId":"0173da","runId":"post-fix","timestamp":1783913479265,"hypothesisId":"L2","location":"dataplane_local.c:encrypt_to_wan","message":"split_l2_enter","data":{"plain_len":1514,"mode":1,"frag_meta":35,"mtu":1500,"n":174080}}
{"sessionId":"0173da","runId":"post-fix","timestamp":1783913479265,"hypothesisId":"L2","location":"dataplane_local.c:encrypt_to_wan","message":"split_l2_ok","data":{"frag0_wire":1500,"frag1_wire":98,"n":174080}}
{"sessionId":"0173da","runId":"post-fix","timestamp":1783913479265,"hypothesisId":"L2","location":"dataplane_local.c:encrypt_to_wan","message":"encrypt_l2_full_ok","data":{"plain_len":381,"wire_len":411,"mode":1,"n":3584}}
{"sessionId":"0173da","runId":"post-fix","timestamp":1783913479266,"hypothesisId":"L2","location":"dataplane_local.c:encrypt_to_wan","message":"split_l2_enter","data":{"plain_len":1514,"mode":1,"frag_meta":35,"mtu":1500,"n":174336}}
{"sessionId":"0173da","runId":"post-fix","timestamp":1783913479266,"hypothesisId":"L2","location":"dataplane_local.c:encrypt_to_wan","message":"split_l2_ok","data":{"frag0_wire":1500,"frag1_wire":98,"n":174336}}
{"sessionId":"0173da","runId":"post-fix","timestamp":1783913479267,"hypothesisId":"L2","location":"dataplane_local.c:encrypt_to_wan","message":"split_l2_enter","data":{"plain_len":1507,"mode":1,"frag_meta":35,"mtu":1500,"n":174592}}
{"sessionId":"0173da","runId":"post-fix","timestamp":1783913479267,"hypothesisId":"L2","location":"dataplane_local.c:encrypt_to_wan","message":"split_l2_ok","data":{"frag0_wire":1500,"frag1_wire":91,"n":174592}}
{"sessionId":"0173da","runId":"post-fix","timestamp":1783913479268,"hypothesisId":"L2","location":"dataplane_local.c:encrypt_to_wan","message":"split_l2_enter","data":{"plain_len":1514,"mode":1,"frag_meta":35,"mtu":1500,"n":174848}}
{"sessionId":"0173da","runId":"post-fix","timestamp":1783913479268,"hypothesisId":"L2","location":"dataplane_local.c:encrypt_to_wan","message":"split_l2_ok","data":{"frag0_wire":1500,"frag1_wire":98,"n":174848}}
{"sessionId":"0173da","runId":"post-fix","timestamp":1783913479270,"hypothesisId":"L2","location":"dataplane_local.c:encrypt_to_wan","message":"split_l2_enter","data":{"plain_len":1514,"mode":1,"frag_meta":35,"mtu":1500,"n":175104}}
{"sessionId":"0173da","runId":"post-fix","timestamp":1783913479270,"hypothesisId":"L2","location":"dataplane_local.c:encrypt_to_wan","message":"split_l2_ok","data":{"frag0_wire":1500,"frag1_wire":98,"n":175104}}
{"sessionId":"0173da","runId":"post-fix","timestamp":1783913479271,"hypothesisId":"L2","location":"dataplane_wan.c:decrypt_wan","message":"l2_full_decrypt_ok","data":{"wire_len":108,"plain_len":78,"n":39936}}
{"sessionId":"0173da","runId":"post-fix","timestamp":1783913479271,"hypothesisId":"L2","location":"dataplane_wan.c:dataplane_process_wan","message":"wan_l2_forward_ok","data":{"wire_in":108,"plain_len":78,"n":39936}}
{"sessionId":"0173da","runId":"post-fix","timestamp":1783913479271,"hypothesisId":"L2","location":"dataplane_local.c:encrypt_to_wan","message":"split_l2_enter","data":{"plain_len":1514,"mode":1,"frag_meta":35,"mtu":1500,"n":175360}}
{"sessionId":"0173da","runId":"post-fix","timestamp":1783913479271,"hypothesisId":"L2","location":"dataplane_local.c:encrypt_to_wan","message":"split_l2_ok","data":{"frag0_wire":1500,"frag1_wire":98,"n":175360}}
{"sessionId":"0173da","runId":"post-fix","timestamp":1783913479272,"hypothesisId":"L2","location":"dataplane_local.c:encrypt_to_wan","message":"split_l2_enter","data":{"plain_len":1514,"mode":1,"frag_meta":35,"mtu":1500,"n":175616}}
{"sessionId":"0173da","runId":"post-fix","timestamp":1783913479272,"hypothesisId":"L2","location":"dataplane_local.c:encrypt_to_wan","message":"split_l2_ok","data":{"frag0_wire":1500,"frag1_wire":98,"n":175616}}
{"sessionId":"0173da","runId":"post-fix","timestamp":1783913479273,"hypothesisId":"L2","location":"dataplane_local.c:encrypt_to_wan","message":"split_l2_enter","data":{"plain_len":1514,"mode":1,"frag_meta":35,"mtu":1500,"n":175872}}
{"sessionId":"0173da","runId":"post-fix","timestamp":1783913479273,"hypothesisId":"L2","location":"dataplane_local.c:encrypt_to_wan","message":"split_l2_ok","data":{"frag0_wire":1500,"frag1_wire":98,"n":175872}}
{"sessionId":"0173da","runId":"post-fix","timestamp":1783913479275,"hypothesisId":"L2","location":"dataplane_local.c:encrypt_to_wan","message":"split_l2_enter","data":{"plain_len":1514,"mode":1,"frag_meta":35,"mtu":1500,"n":176128}}
{"sessionId":"0173da","runId":"post-fix","timestamp":1783913479275,"hypothesisId":"L2","location":"dataplane_local.c:encrypt_to_wan","message":"split_l2_ok","data":{"frag0_wire":1500,"frag1_wire":98,"n":176128}}
{"sessionId":"0173da","runId":"post-fix","timestamp":1783913479276,"hypothesisId":"L2","location":"dataplane_local.c:encrypt_to_wan","message":"split_l2_enter","data":{"plain_len":1514,"mode":1,"frag_meta":35,"mtu":1500,"n":176384}}
{"sessionId":"0173da","runId":"post-fix","timestamp":1783913479276,"hypothesisId":"L2","location":"dataplane_local.c:encrypt_to_wan","message":"split_l2_ok","data":{"frag0_wire":1500,"frag1_wire":98,"n":176384}}
{"sessionId":"0173da","runId":"post-fix","timestamp":1783913479277,"hypothesisId":"L2","location":"dataplane_local.c:encrypt_to_wan","message":"split_l2_enter","data":{"plain_len":1514,"mode":1,"frag_meta":35,"mtu":1500,"n":176640}}
{"sessionId":"0173da","runId":"post-fix","timestamp":1783913479278,"hypothesisId":"L2","location":"dataplane_wan.c:dataplane_process_wan","message":"wan_l2_forward_ok","data":{"wire_in":108,"plain_len":78,"n":40448}}
{"sessionId":"0173da","runId":"post-fix","timestamp":1783913479278,"hypothesisId":"L2","location":"dataplane_wan.c:decrypt_wan","message":"l2_full_decrypt_ok","data":{"wire_len":108,"plain_len":78,"n":40448}}
{"sessionId":"0173da","runId":"post-fix","timestamp":1783913479278,"hypothesisId":"L2","location":"dataplane_local.c:encrypt_to_wan","message":"split_l2_ok","data":{"frag0_wire":1500,"frag1_wire":98,"n":176640}}
{"sessionId":"0173da","runId":"post-fix","timestamp":1783913479279,"hypothesisId":"L2","location":"dataplane_local.c:encrypt_to_wan","message":"split_l2_enter","data":{"plain_len":1514,"mode":1,"frag_meta":35,"mtu":1500,"n":176896}}
{"sessionId":"0173da","runId":"post-fix","timestamp":1783913479279,"hypothesisId":"L2","location":"dataplane_local.c:encrypt_to_wan","message":"split_l2_ok","data":{"frag0_wire":1500,"frag1_wire":98,"n":176896}}
{"sessionId":"0173da","runId":"post-fix","timestamp":1783913479280,"hypothesisId":"L2","location":"dataplane_local.c:encrypt_to_wan","message":"split_l2_enter","data":{"plain_len":1514,"mode":1,"frag_meta":35,"mtu":1500,"n":177152}}
{"sessionId":"0173da","runId":"post-fix","timestamp":1783913479280,"hypothesisId":"L2","location":"dataplane_local.c:encrypt_to_wan","message":"split_l2_ok","data":{"frag0_wire":1500,"frag1_wire":98,"n":177152}}
{"sessionId":"0173da","runId":"post-fix","timestamp":1783913479281,"hypothesisId":"L2","location":"dataplane_local.c:encrypt_to_wan","message":"split_l2_enter","data":{"plain_len":1514,"mode":1,"frag_meta":35,"mtu":1500,"n":177408}}
{"sessionId":"0173da","runId":"post-fix","timestamp":1783913479281,"hypothesisId":"L2","location":"dataplane_local.c:encrypt_to_wan","message":"split_l2_ok","data":{"frag0_wire":1500,"frag1_wire":98,"n":177408}}
{"sessionId":"0173da","runId":"post-fix","timestamp":1783913479282,"hypothesisId":"L2","location":"dataplane_local.c:encrypt_to_wan","message":"split_l2_enter","data":{"plain_len":1514,"mode":1,"frag_meta":35,"mtu":1500,"n":177664}}
{"sessionId":"0173da","runId":"post-fix","timestamp":1783913479283,"hypothesisId":"L2","location":"dataplane_local.c:encrypt_to_wan","message":"split_l2_ok","data":{"frag0_wire":1500,"frag1_wire":98,"n":177664}}
{"sessionId":"0173da","runId":"post-fix","timestamp":1783913479284,"hypothesisId":"L2","location":"dataplane_wan.c:decrypt_wan","message":"l2_full_decrypt_ok","data":{"wire_len":108,"plain_len":78,"n":40960}}
{"sessionId":"0173da","runId":"post-fix","timestamp":1783913479284,"hypothesisId":"L2","location":"dataplane_local.c:encrypt_to_wan","message":"split_l2_enter","data":{"plain_len":1514,"mode":1,"frag_meta":35,"mtu":1500,"n":177920}}
{"sessionId":"0173da","runId":"post-fix","timestamp":1783913479284,"hypothesisId":"L2","location":"dataplane_wan.c:dataplane_process_wan","message":"wan_l2_forward_ok","data":{"wire_in":108,"plain_len":78,"n":40960}}
{"sessionId":"0173da","runId":"post-fix","timestamp":1783913479284,"hypothesisId":"L2","location":"dataplane_local.c:encrypt_to_wan","message":"split_l2_ok","data":{"frag0_wire":1500,"frag1_wire":98,"n":177920}}
{"sessionId":"0173da","runId":"post-fix","timestamp":1783913479285,"hypothesisId":"L2","location":"dataplane_local.c:encrypt_to_wan","message":"split_l2_enter","data":{"plain_len":1514,"mode":1,"frag_meta":35,"mtu":1500,"n":178176}}
{"sessionId":"0173da","runId":"post-fix","timestamp":1783913479285,"hypothesisId":"L2","location":"dataplane_local.c:encrypt_to_wan","message":"split_l2_ok","data":{"frag0_wire":1500,"frag1_wire":98,"n":178176}}
{"sessionId":"0173da","runId":"post-fix","timestamp":1783913479286,"hypothesisId":"L2","location":"dataplane_local.c:encrypt_to_wan","message":"split_l2_enter","data":{"plain_len":1514,"mode":1,"frag_meta":35,"mtu":1500,"n":178432}}
{"sessionId":"0173da","runId":"post-fix","timestamp":1783913479286,"hypothesisId":"L2","location":"dataplane_local.c:encrypt_to_wan","message":"split_l2_ok","data":{"frag0_wire":1500,"frag1_wire":98,"n":178432}}
{"sessionId":"0173da","runId":"post-fix","timestamp":1783913479287,"hypothesisId":"L2","location":"dataplane_local.c:encrypt_to_wan","message":"split_l2_enter","data":{"plain_len":1514,"mode":1,"frag_meta":35,"mtu":1500,"n":178688}}
{"sessionId":"0173da","runId":"post-fix","timestamp":1783913479287,"hypothesisId":"L2","location":"dataplane_local.c:encrypt_to_wan","message":"split_l2_ok","data":{"frag0_wire":1500,"frag1_wire":98,"n":178688}}
{"sessionId":"0173da","runId":"post-fix","timestamp":1783913479289,"hypothesisId":"L2","location":"dataplane_local.c:encrypt_to_wan","message":"split_l2_enter","data":{"plain_len":1514,"mode":1,"frag_meta":35,"mtu":1500,"n":178944}}
{"sessionId":"0173da","runId":"post-fix","timestamp":1783913479289,"hypothesisId":"L2","location":"dataplane_local.c:encrypt_to_wan","message":"split_l2_ok","data":{"frag0_wire":1500,"frag1_wire":98,"n":178944}}
{"sessionId":"0173da","runId":"post-fix","timestamp":1783913479290,"hypothesisId":"L2","location":"dataplane_wan.c:decrypt_wan","message":"l2_full_decrypt_ok","data":{"wire_len":116,"plain_len":86,"n":41472}}
{"sessionId":"0173da","runId":"post-fix","timestamp":1783913479290,"hypothesisId":"L2","location":"dataplane_wan.c:dataplane_process_wan","message":"wan_l2_forward_ok","data":{"wire_in":108,"plain_len":78,"n":41472}}
{"sessionId":"0173da","runId":"post-fix","timestamp":1783913479290,"hypothesisId":"L2","location":"dataplane_local.c:encrypt_to_wan","message":"split_l2_enter","data":{"plain_len":1514,"mode":1,"frag_meta":35,"mtu":1500,"n":179200}}
{"sessionId":"0173da","runId":"post-fix","timestamp":1783913479290,"hypothesisId":"L2","location":"dataplane_local.c:encrypt_to_wan","message":"split_l2_ok","data":{"frag0_wire":1500,"frag1_wire":98,"n":179200}}
{"sessionId":"0173da","runId":"post-fix","timestamp":1783913479291,"hypothesisId":"L2","location":"dataplane_local.c:encrypt_to_wan","message":"split_l2_enter","data":{"plain_len":1514,"mode":1,"frag_meta":35,"mtu":1500,"n":179456}}
{"sessionId":"0173da","runId":"post-fix","timestamp":1783913479291,"hypothesisId":"L2","location":"dataplane_local.c:encrypt_to_wan","message":"split_l2_ok","data":{"frag0_wire":1500,"frag1_wire":98,"n":179456}}
{"sessionId":"0173da","runId":"post-fix","timestamp":1783913479292,"hypothesisId":"L2","location":"dataplane_local.c:encrypt_to_wan","message":"split_l2_enter","data":{"plain_len":1507,"mode":1,"frag_meta":35,"mtu":1500,"n":179712}}
{"sessionId":"0173da","runId":"post-fix","timestamp":1783913479292,"hypothesisId":"L2","location":"dataplane_local.c:encrypt_to_wan","message":"split_l2_ok","data":{"frag0_wire":1500,"frag1_wire":91,"n":179712}}
{"sessionId":"0173da","runId":"post-fix","timestamp":1783913479294,"hypothesisId":"L2","location":"dataplane_local.c:encrypt_to_wan","message":"split_l2_enter","data":{"plain_len":1514,"mode":1,"frag_meta":35,"mtu":1500,"n":179968}}
{"sessionId":"0173da","runId":"post-fix","timestamp":1783913479294,"hypothesisId":"L2","location":"dataplane_local.c:encrypt_to_wan","message":"split_l2_ok","data":{"frag0_wire":1500,"frag1_wire":98,"n":179968}}
{"sessionId":"0173da","runId":"post-fix","timestamp":1783913479295,"hypothesisId":"L2","location":"dataplane_local.c:encrypt_to_wan","message":"split_l2_enter","data":{"plain_len":1514,"mode":1,"frag_meta":35,"mtu":1500,"n":180224}}
{"sessionId":"0173da","runId":"post-fix","timestamp":1783913479295,"hypothesisId":"L2","location":"dataplane_local.c:encrypt_to_wan","message":"split_l2_ok","data":{"frag0_wire":1500,"frag1_wire":98,"n":180224}}
{"sessionId":"0173da","runId":"post-fix","timestamp":1783913479295,"hypothesisId":"L2","location":"dataplane_wan.c:decrypt_wan","message":"l2_full_decrypt_ok","data":{"wire_len":108,"plain_len":78,"n":41984}}
{"sessionId":"0173da","runId":"post-fix","timestamp":1783913479295,"hypothesisId":"L2","location":"dataplane_wan.c:dataplane_process_wan","message":"wan_l2_forward_ok","data":{"wire_in":124,"plain_len":94,"n":41984}}
{"sessionId":"0173da","runId":"post-fix","timestamp":1783913479296,"hypothesisId":"L2","location":"dataplane_local.c:encrypt_to_wan","message":"split_l2_enter","data":{"plain_len":1514,"mode":1,"frag_meta":35,"mtu":1500,"n":180480}}
{"sessionId":"0173da","runId":"post-fix","timestamp":1783913479296,"hypothesisId":"L2","location":"dataplane_local.c:encrypt_to_wan","message":"split_l2_ok","data":{"frag0_wire":1500,"frag1_wire":98,"n":180480}}
{"sessionId":"0173da","runId":"post-fix","timestamp":1783913479297,"hypothesisId":"L2","location":"dataplane_local.c:encrypt_to_wan","message":"split_l2_enter","data":{"plain_len":1514,"mode":1,"frag_meta":35,"mtu":1500,"n":180736}}
{"sessionId":"0173da","runId":"post-fix","timestamp":1783913479298,"hypothesisId":"L2","location":"dataplane_local.c:encrypt_to_wan","message":"split_l2_ok","data":{"frag0_wire":1500,"frag1_wire":98,"n":180736}}
{"sessionId":"0173da","runId":"post-fix","timestamp":1783913479299,"hypothesisId":"L2","location":"dataplane_local.c:encrypt_to_wan","message":"split_l2_enter","data":{"plain_len":1514,"mode":1,"frag_meta":35,"mtu":1500,"n":180992}}
{"sessionId":"0173da","runId":"post-fix","timestamp":1783913479299,"hypothesisId":"L2","location":"dataplane_local.c:encrypt_to_wan","message":"split_l2_ok","data":{"frag0_wire":1500,"frag1_wire":98,"n":180992}}
{"sessionId":"0173da","runId":"post-fix","timestamp":1783913479300,"hypothesisId":"L2","location":"dataplane_wan.c:dataplane_process_wan","message":"wan_l2_forward_ok","data":{"wire_in":108,"plain_len":78,"n":42496}}
{"sessionId":"0173da","runId":"post-fix","timestamp":1783913479300,"hypothesisId":"L2","location":"dataplane_wan.c:decrypt_wan","message":"l2_full_decrypt_ok","data":{"wire_len":124,"plain_len":94,"n":42496}}
{"sessionId":"0173da","runId":"post-fix","timestamp":1783913479300,"hypothesisId":"L2","location":"dataplane_local.c:encrypt_to_wan","message":"split_l2_enter","data":{"plain_len":1514,"mode":1,"frag_meta":35,"mtu":1500,"n":181248}}
{"sessionId":"0173da","runId":"post-fix","timestamp":1783913479300,"hypothesisId":"L2","location":"dataplane_local.c:encrypt_to_wan","message":"split_l2_ok","data":{"frag0_wire":1500,"frag1_wire":98,"n":181248}}
{"sessionId":"0173da","runId":"post-fix","timestamp":1783913479301,"hypothesisId":"L2","location":"dataplane_local.c:encrypt_to_wan","message":"split_l2_enter","data":{"plain_len":1514,"mode":1,"frag_meta":35,"mtu":1500,"n":181504}}
{"sessionId":"0173da","runId":"post-fix","timestamp":1783913479301,"hypothesisId":"L2","location":"dataplane_local.c:encrypt_to_wan","message":"split_l2_ok","data":{"frag0_wire":1500,"frag1_wire":98,"n":181504}}
{"sessionId":"0173da","runId":"post-fix","timestamp":1783913479303,"hypothesisId":"L2","location":"dataplane_local.c:encrypt_to_wan","message":"split_l2_enter","data":{"plain_len":1514,"mode":1,"frag_meta":35,"mtu":1500,"n":181760}}
{"sessionId":"0173da","runId":"post-fix","timestamp":1783913479303,"hypothesisId":"L2","location":"dataplane_local.c:encrypt_to_wan","message":"split_l2_ok","data":{"frag0_wire":1500,"frag1_wire":98,"n":181760}}
{"sessionId":"0173da","runId":"post-fix","timestamp":1783913479304,"hypothesisId":"L2","location":"dataplane_local.c:encrypt_to_wan","message":"split_l2_enter","data":{"plain_len":1514,"mode":1,"frag_meta":35,"mtu":1500,"n":182016}}
{"sessionId":"0173da","runId":"post-fix","timestamp":1783913479304,"hypothesisId":"L2","location":"dataplane_local.c:encrypt_to_wan","message":"split_l2_ok","data":{"frag0_wire":1500,"frag1_wire":98,"n":182016}}
{"sessionId":"0173da","runId":"post-fix","timestamp":1783913479305,"hypothesisId":"L2","location":"dataplane_wan.c:decrypt_wan","message":"l2_full_decrypt_ok","data":{"wire_len":108,"plain_len":78,"n":43008}}
{"sessionId":"0173da","runId":"post-fix","timestamp":1783913479305,"hypothesisId":"L2","location":"dataplane_wan.c:dataplane_process_wan","message":"wan_l2_forward_ok","data":{"wire_in":108,"plain_len":78,"n":43008}}
{"sessionId":"0173da","runId":"post-fix","timestamp":1783913479305,"hypothesisId":"L2","location":"dataplane_local.c:encrypt_to_wan","message":"split_l2_enter","data":{"plain_len":1514,"mode":1,"frag_meta":35,"mtu":1500,"n":182272}}
{"sessionId":"0173da","runId":"post-fix","timestamp":1783913479305,"hypothesisId":"L2","location":"dataplane_local.c:encrypt_to_wan","message":"split_l2_ok","data":{"frag0_wire":1500,"frag1_wire":98,"n":182272}}
{"sessionId":"0173da","runId":"post-fix","timestamp":1783913479307,"hypothesisId":"L2","location":"dataplane_local.c:encrypt_to_wan","message":"split_l2_enter","data":{"plain_len":1514,"mode":1,"frag_meta":35,"mtu":1500,"n":182528}}
{"sessionId":"0173da","runId":"post-fix","timestamp":1783913479307,"hypothesisId":"L2","location":"dataplane_local.c:encrypt_to_wan","message":"split_l2_ok","data":{"frag0_wire":1500,"frag1_wire":98,"n":182528}}
{"sessionId":"0173da","runId":"post-fix","timestamp":1783913479308,"hypothesisId":"L2","location":"dataplane_local.c:encrypt_to_wan","message":"split_l2_enter","data":{"plain_len":1514,"mode":1,"frag_meta":35,"mtu":1500,"n":182784}}
{"sessionId":"0173da","runId":"post-fix","timestamp":1783913479308,"hypothesisId":"L2","location":"dataplane_local.c:encrypt_to_wan","message":"split_l2_ok","data":{"frag0_wire":1500,"frag1_wire":98,"n":182784}}
{"sessionId":"0173da","runId":"post-fix","timestamp":1783913479309,"hypothesisId":"L2","location":"dataplane_local.c:encrypt_to_wan","message":"split_l2_enter","data":{"plain_len":1514,"mode":1,"frag_meta":35,"mtu":1500,"n":183040}}
{"sessionId":"0173da","runId":"post-fix","timestamp":1783913479309,"hypothesisId":"L2","location":"dataplane_local.c:encrypt_to_wan","message":"split_l2_ok","data":{"frag0_wire":1500,"frag1_wire":98,"n":183040}}
{"sessionId":"0173da","runId":"post-fix","timestamp":1783913479309,"hypothesisId":"L2","location":"dataplane_wan.c:dataplane_process_wan","message":"wan_l2_forward_ok","data":{"wire_in":116,"plain_len":86,"n":43520}}
{"sessionId":"0173da","runId":"post-fix","timestamp":1783913479309,"hypothesisId":"L2","location":"dataplane_wan.c:decrypt_wan","message":"l2_full_decrypt_ok","data":{"wire_len":116,"plain_len":86,"n":43520}}
{"sessionId":"0173da","runId":"post-fix","timestamp":1783913479310,"hypothesisId":"L2","location":"dataplane_local.c:encrypt_to_wan","message":"split_l2_enter","data":{"plain_len":1507,"mode":1,"frag_meta":35,"mtu":1500,"n":183296}}
{"sessionId":"0173da","runId":"post-fix","timestamp":1783913479310,"hypothesisId":"L2","location":"dataplane_local.c:encrypt_to_wan","message":"split_l2_ok","data":{"frag0_wire":1500,"frag1_wire":91,"n":183296}}
{"sessionId":"0173da","runId":"post-fix","timestamp":1783913479312,"hypothesisId":"L2","location":"dataplane_local.c:encrypt_to_wan","message":"split_l2_enter","data":{"plain_len":1514,"mode":1,"frag_meta":35,"mtu":1500,"n":183552}}
{"sessionId":"0173da","runId":"post-fix","timestamp":1783913479312,"hypothesisId":"L2","location":"dataplane_local.c:encrypt_to_wan","message":"split_l2_ok","data":{"frag0_wire":1500,"frag1_wire":98,"n":183552}}
{"sessionId":"0173da","runId":"post-fix","timestamp":1783913479313,"hypothesisId":"L2","location":"dataplane_wan.c:decrypt_wan","message":"l2_full_decrypt_ok","data":{"wire_len":108,"plain_len":78,"n":44032}}
{"sessionId":"0173da","runId":"post-fix","timestamp":1783913479313,"hypothesisId":"L2","location":"dataplane_wan.c:dataplane_process_wan","message":"wan_l2_forward_ok","data":{"wire_in":108,"plain_len":78,"n":44032}}
{"sessionId":"0173da","runId":"post-fix","timestamp":1783913479313,"hypothesisId":"L2","location":"dataplane_local.c:encrypt_to_wan","message":"split_l2_enter","data":{"plain_len":1514,"mode":1,"frag_meta":35,"mtu":1500,"n":183808}}
{"sessionId":"0173da","runId":"post-fix","timestamp":1783913479313,"hypothesisId":"L2","location":"dataplane_local.c:encrypt_to_wan","message":"split_l2_ok","data":{"frag0_wire":1500,"frag1_wire":98,"n":183808}}
{"sessionId":"0173da","runId":"post-fix","timestamp":1783913479315,"hypothesisId":"L2","location":"dataplane_local.c:encrypt_to_wan","message":"split_l2_enter","data":{"plain_len":1514,"mode":1,"frag_meta":35,"mtu":1500,"n":184064}}
{"sessionId":"0173da","runId":"post-fix","timestamp":1783913479315,"hypothesisId":"L2","location":"dataplane_local.c:encrypt_to_wan","message":"split_l2_ok","data":{"frag0_wire":1500,"frag1_wire":98,"n":184064}}
{"sessionId":"0173da","runId":"post-fix","timestamp":1783913479316,"hypothesisId":"L2","location":"dataplane_local.c:encrypt_to_wan","message":"split_l2_enter","data":{"plain_len":1514,"mode":1,"frag_meta":35,"mtu":1500,"n":184320}}
{"sessionId":"0173da","runId":"post-fix","timestamp":1783913479316,"hypothesisId":"L2","location":"dataplane_local.c:encrypt_to_wan","message":"split_l2_ok","data":{"frag0_wire":1500,"frag1_wire":98,"n":184320}}
{"sessionId":"0173da","runId":"post-fix","timestamp":1783913479317,"hypothesisId":"L2","location":"dataplane_wan.c:decrypt_wan","message":"l2_full_decrypt_ok","data":{"wire_len":116,"plain_len":86,"n":44544}}
{"sessionId":"0173da","runId":"post-fix","timestamp":1783913479317,"hypothesisId":"L2","location":"dataplane_wan.c:dataplane_process_wan","message":"wan_l2_forward_ok","data":{"wire_in":124,"plain_len":94,"n":44544}}
{"sessionId":"0173da","runId":"post-fix","timestamp":1783913479318,"hypothesisId":"L2","location":"dataplane_local.c:encrypt_to_wan","message":"split_l2_enter","data":{"plain_len":1514,"mode":1,"frag_meta":35,"mtu":1500,"n":184576}}
{"sessionId":"0173da","runId":"post-fix","timestamp":1783913479318,"hypothesisId":"L2","location":"dataplane_local.c:encrypt_to_wan","message":"split_l2_ok","data":{"frag0_wire":1500,"frag1_wire":98,"n":184576}}
{"sessionId":"0173da","runId":"post-fix","timestamp":1783913479319,"hypothesisId":"L2","location":"dataplane_local.c:encrypt_to_wan","message":"split_l2_enter","data":{"plain_len":1514,"mode":1,"frag_meta":35,"mtu":1500,"n":184832}}
{"sessionId":"0173da","runId":"post-fix","timestamp":1783913479319,"hypothesisId":"L2","location":"dataplane_local.c:encrypt_to_wan","message":"split_l2_ok","data":{"frag0_wire":1500,"frag1_wire":98,"n":184832}}
{"sessionId":"0173da","runId":"post-fix","timestamp":1783913479320,"hypothesisId":"L2","location":"dataplane_wan.c:dataplane_process_wan","message":"wan_l2_forward_ok","data":{"wire_in":124,"plain_len":94,"n":45056}}
{"sessionId":"0173da","runId":"post-fix","timestamp":1783913479320,"hypothesisId":"L2","location":"dataplane_wan.c:decrypt_wan","message":"l2_full_decrypt_ok","data":{"wire_len":116,"plain_len":86,"n":45056}}
{"sessionId":"0173da","runId":"post-fix","timestamp":1783913479321,"hypothesisId":"L2","location":"dataplane_local.c:encrypt_to_wan","message":"split_l2_enter","data":{"plain_len":1514,"mode":1,"frag_meta":35,"mtu":1500,"n":185088}}
{"sessionId":"0173da","runId":"post-fix","timestamp":1783913479321,"hypothesisId":"L2","location":"dataplane_local.c:encrypt_to_wan","message":"split_l2_ok","data":{"frag0_wire":1500,"frag1_wire":98,"n":185088}}
{"sessionId":"0173da","runId":"post-fix","timestamp":1783913479322,"hypothesisId":"L2","location":"dataplane_local.c:encrypt_to_wan","message":"split_l2_enter","data":{"plain_len":1514,"mode":1,"frag_meta":35,"mtu":1500,"n":185344}}
{"sessionId":"0173da","runId":"post-fix","timestamp":1783913479322,"hypothesisId":"L2","location":"dataplane_local.c:encrypt_to_wan","message":"split_l2_ok","data":{"frag0_wire":1500,"frag1_wire":98,"n":185344}}
{"sessionId":"0173da","runId":"post-fix","timestamp":1783913479324,"hypothesisId":"L2","location":"dataplane_wan.c:decrypt_wan","message":"l2_full_decrypt_ok","data":{"wire_len":108,"plain_len":78,"n":45568}}
{"sessionId":"0173da","runId":"post-fix","timestamp":1783913479324,"hypothesisId":"L2","location":"dataplane_wan.c:dataplane_process_wan","message":"wan_l2_forward_ok","data":{"wire_in":116,"plain_len":86,"n":45568}}
{"sessionId":"0173da","runId":"post-fix","timestamp":1783913479324,"hypothesisId":"L2","location":"dataplane_local.c:encrypt_to_wan","message":"split_l2_enter","data":{"plain_len":1514,"mode":1,"frag_meta":35,"mtu":1500,"n":185600}}
{"sessionId":"0173da","runId":"post-fix","timestamp":1783913479324,"hypothesisId":"L2","location":"dataplane_local.c:encrypt_to_wan","message":"split_l2_ok","data":{"frag0_wire":1500,"frag1_wire":98,"n":185600}}
{"sessionId":"0173da","runId":"post-fix","timestamp":1783913479326,"hypothesisId":"L2","location":"dataplane_local.c:encrypt_to_wan","message":"split_l2_enter","data":{"plain_len":1514,"mode":1,"frag_meta":35,"mtu":1500,"n":185856}}
{"sessionId":"0173da","runId":"post-fix","timestamp":1783913479326,"hypothesisId":"L2","location":"dataplane_local.c:encrypt_to_wan","message":"split_l2_ok","data":{"frag0_wire":1500,"frag1_wire":98,"n":185856}}
{"sessionId":"0173da","runId":"post-fix","timestamp":1783913479327,"hypothesisId":"L2","location":"dataplane_local.c:encrypt_to_wan","message":"split_l2_enter","data":{"plain_len":1514,"mode":1,"frag_meta":35,"mtu":1500,"n":186112}}
{"sessionId":"0173da","runId":"post-fix","timestamp":1783913479327,"hypothesisId":"L2","location":"dataplane_local.c:encrypt_to_wan","message":"split_l2_ok","data":{"frag0_wire":1500,"frag1_wire":98,"n":186112}}
{"sessionId":"0173da","runId":"post-fix","timestamp":1783913479328,"hypothesisId":"L2","location":"dataplane_wan.c:decrypt_wan","message":"l2_full_decrypt_ok","data":{"wire_len":108,"plain_len":78,"n":46080}}
{"sessionId":"0173da","runId":"post-fix","timestamp":1783913479328,"hypothesisId":"L2","location":"dataplane_wan.c:dataplane_process_wan","message":"wan_l2_forward_ok","data":{"wire_in":108,"plain_len":78,"n":46080}}
{"sessionId":"0173da","runId":"post-fix","timestamp":1783913479329,"hypothesisId":"L2","location":"dataplane_local.c:encrypt_to_wan","message":"split_l2_enter","data":{"plain_len":1514,"mode":1,"frag_meta":35,"mtu":1500,"n":186368}}
{"sessionId":"0173da","runId":"post-fix","timestamp":1783913479329,"hypothesisId":"L2","location":"dataplane_local.c:encrypt_to_wan","message":"split_l2_ok","data":{"frag0_wire":1500,"frag1_wire":98,"n":186368}}
{"sessionId":"0173da","runId":"post-fix","timestamp":1783913479330,"hypothesisId":"L2","location":"dataplane_local.c:encrypt_to_wan","message":"split_l2_enter","data":{"plain_len":1514,"mode":1,"frag_meta":35,"mtu":1500,"n":186624}}
{"sessionId":"0173da","runId":"post-fix","timestamp":1783913479330,"hypothesisId":"L2","location":"dataplane_local.c:encrypt_to_wan","message":"split_l2_ok","data":{"frag0_wire":1500,"frag1_wire":98,"n":186624}}
{"sessionId":"0173da","runId":"post-fix","timestamp":1783913479332,"hypothesisId":"L2","location":"dataplane_local.c:encrypt_to_wan","message":"split_l2_enter","data":{"plain_len":1514,"mode":1,"frag_meta":35,"mtu":1500,"n":186880}}
{"sessionId":"0173da","runId":"post-fix","timestamp":1783913479332,"hypothesisId":"L2","location":"dataplane_local.c:encrypt_to_wan","message":"split_l2_ok","data":{"frag0_wire":1500,"frag1_wire":98,"n":186880}}
{"sessionId":"0173da","runId":"post-fix","timestamp":1783913479333,"hypothesisId":"L2","location":"dataplane_local.c:encrypt_to_wan","message":"split_l2_enter","data":{"plain_len":1507,"mode":1,"frag_meta":35,"mtu":1500,"n":187136}}
{"sessionId":"0173da","runId":"post-fix","timestamp":1783913479333,"hypothesisId":"L2","location":"dataplane_local.c:encrypt_to_wan","message":"split_l2_ok","data":{"frag0_wire":1500,"frag1_wire":91,"n":187136}}
{"sessionId":"0173da","runId":"post-fix","timestamp":1783913479334,"hypothesisId":"L2","location":"dataplane_local.c:encrypt_to_wan","message":"split_l2_enter","data":{"plain_len":1514,"mode":1,"frag_meta":35,"mtu":1500,"n":187392}}
{"sessionId":"0173da","runId":"post-fix","timestamp":1783913479334,"hypothesisId":"L2","location":"dataplane_local.c:encrypt_to_wan","message":"split_l2_ok","data":{"frag0_wire":1500,"frag1_wire":98,"n":187392}}
{"sessionId":"0173da","runId":"post-fix","timestamp":1783913479336,"hypothesisId":"L2","location":"dataplane_local.c:encrypt_to_wan","message":"split_l2_enter","data":{"plain_len":1514,"mode":1,"frag_meta":35,"mtu":1500,"n":187648}}
{"sessionId":"0173da","runId":"post-fix","timestamp":1783913479336,"hypothesisId":"L2","location":"dataplane_local.c:encrypt_to_wan","message":"split_l2_ok","data":{"frag0_wire":1500,"frag1_wire":98,"n":187648}}
{"sessionId":"0173da","runId":"post-fix","timestamp":1783913479336,"hypothesisId":"L2","location":"dataplane_wan.c:decrypt_wan","message":"l2_full_decrypt_ok","data":{"wire_len":108,"plain_len":78,"n":46592}}
{"sessionId":"0173da","runId":"post-fix","timestamp":1783913479336,"hypothesisId":"L2","location":"dataplane_wan.c:dataplane_process_wan","message":"wan_l2_forward_ok","data":{"wire_in":96,"plain_len":66,"n":46592}}
{"sessionId":"0173da","runId":"post-fix","timestamp":1783913479337,"hypothesisId":"L2","location":"dataplane_local.c:encrypt_to_wan","message":"split_l2_enter","data":{"plain_len":1514,"mode":1,"frag_meta":35,"mtu":1500,"n":187904}}
{"sessionId":"0173da","runId":"post-fix","timestamp":1783913479337,"hypothesisId":"L2","location":"dataplane_local.c:encrypt_to_wan","message":"split_l2_ok","data":{"frag0_wire":1500,"frag1_wire":98,"n":187904}}
{"sessionId":"0173da","runId":"post-fix","timestamp":1783913479338,"hypothesisId":"L2","location":"dataplane_local.c:encrypt_to_wan","message":"split_l2_enter","data":{"plain_len":1514,"mode":1,"frag_meta":35,"mtu":1500,"n":188160}}
{"sessionId":"0173da","runId":"post-fix","timestamp":1783913479339,"hypothesisId":"L2","location":"dataplane_local.c:encrypt_to_wan","message":"split_l2_ok","data":{"frag0_wire":1500,"frag1_wire":98,"n":188160}}
{"sessionId":"0173da","runId":"post-fix","timestamp":1783913479340,"hypothesisId":"L2","location":"dataplane_local.c:encrypt_to_wan","message":"split_l2_enter","data":{"plain_len":1514,"mode":1,"frag_meta":35,"mtu":1500,"n":188416}}
{"sessionId":"0173da","runId":"post-fix","timestamp":1783913479340,"hypothesisId":"L2","location":"dataplane_local.c:encrypt_to_wan","message":"split_l2_ok","data":{"frag0_wire":1500,"frag1_wire":98,"n":188416}}
{"sessionId":"0173da","runId":"post-fix","timestamp":1783913479341,"hypothesisId":"L2","location":"dataplane_local.c:encrypt_to_wan","message":"split_l2_enter","data":{"plain_len":1514,"mode":1,"frag_meta":35,"mtu":1500,"n":188672}}
{"sessionId":"0173da","runId":"post-fix","timestamp":1783913479341,"hypothesisId":"L2","location":"dataplane_local.c:encrypt_to_wan","message":"split_l2_ok","data":{"frag0_wire":1500,"frag1_wire":98,"n":188672}}
{"sessionId":"0173da","runId":"post-fix","timestamp":1783913479342,"hypothesisId":"L2","location":"dataplane_local.c:encrypt_to_wan","message":"split_l2_enter","data":{"plain_len":1514,"mode":1,"frag_meta":35,"mtu":1500,"n":188928}}
{"sessionId":"0173da","runId":"post-fix","timestamp":1783913479342,"hypothesisId":"L2","location":"dataplane_local.c:encrypt_to_wan","message":"split_l2_ok","data":{"frag0_wire":1500,"frag1_wire":98,"n":188928}}
{"sessionId":"0173da","runId":"post-fix","timestamp":1783913479343,"hypothesisId":"L2","location":"dataplane_local.c:encrypt_to_wan","message":"split_l2_enter","data":{"plain_len":1514,"mode":1,"frag_meta":35,"mtu":1500,"n":189184}}
{"sessionId":"0173da","runId":"post-fix","timestamp":1783913479344,"hypothesisId":"L2","location":"dataplane_local.c:encrypt_to_wan","message":"split_l2_ok","data":{"frag0_wire":1500,"frag1_wire":98,"n":189184}}
{"sessionId":"0173da","runId":"post-fix","timestamp":1783913479344,"hypothesisId":"L2","location":"dataplane_wan.c:decrypt_wan","message":"l2_full_decrypt_ok","data":{"wire_len":108,"plain_len":78,"n":47104}}
{"sessionId":"0173da","runId":"post-fix","timestamp":1783913479344,"hypothesisId":"L2","location":"dataplane_wan.c:dataplane_process_wan","message":"wan_l2_forward_ok","data":{"wire_in":116,"plain_len":86,"n":47104}}
{"sessionId":"0173da","runId":"post-fix","timestamp":1783913479345,"hypothesisId":"L2","location":"dataplane_local.c:encrypt_to_wan","message":"split_l2_enter","data":{"plain_len":1514,"mode":1,"frag_meta":35,"mtu":1500,"n":189440}}
{"sessionId":"0173da","runId":"post-fix","timestamp":1783913479345,"hypothesisId":"L2","location":"dataplane_local.c:encrypt_to_wan","message":"split_l2_ok","data":{"frag0_wire":1500,"frag1_wire":98,"n":189440}}
{"sessionId":"0173da","runId":"post-fix","timestamp":1783913479346,"hypothesisId":"L2","location":"dataplane_local.c:encrypt_to_wan","message":"split_l2_enter","data":{"plain_len":1514,"mode":1,"frag_meta":35,"mtu":1500,"n":189696}}
{"sessionId":"0173da","runId":"post-fix","timestamp":1783913479346,"hypothesisId":"L2","location":"dataplane_local.c:encrypt_to_wan","message":"split_l2_ok","data":{"frag0_wire":1500,"frag1_wire":98,"n":189696}}
{"sessionId":"0173da","runId":"post-fix","timestamp":1783913479347,"hypothesisId":"L2","location":"dataplane_local.c:encrypt_to_wan","message":"split_l2_enter","data":{"plain_len":1514,"mode":1,"frag_meta":35,"mtu":1500,"n":189952}}
{"sessionId":"0173da","runId":"post-fix","timestamp":1783913479347,"hypothesisId":"L2","location":"dataplane_local.c:encrypt_to_wan","message":"split_l2_ok","data":{"frag0_wire":1500,"frag1_wire":98,"n":189952}}
{"sessionId":"0173da","runId":"post-fix","timestamp":1783913479348,"hypothesisId":"L2","location":"dataplane_local.c:encrypt_to_wan","message":"split_l2_enter","data":{"plain_len":1514,"mode":1,"frag_meta":35,"mtu":1500,"n":190208}}
{"sessionId":"0173da","runId":"post-fix","timestamp":1783913479348,"hypothesisId":"L2","location":"dataplane_local.c:encrypt_to_wan","message":"split_l2_ok","data":{"frag0_wire":1500,"frag1_wire":98,"n":190208}}
{"sessionId":"0173da","runId":"post-fix","timestamp":1783913479349,"hypothesisId":"L2","location":"dataplane_wan.c:decrypt_wan","message":"l2_full_decrypt_ok","data":{"wire_len":96,"plain_len":66,"n":47616}}
{"sessionId":"0173da","runId":"post-fix","timestamp":1783913479349,"hypothesisId":"L2","location":"dataplane_wan.c:dataplane_process_wan","message":"wan_l2_forward_ok","data":{"wire_in":108,"plain_len":78,"n":47616}}
{"sessionId":"0173da","runId":"post-fix","timestamp":1783913479350,"hypothesisId":"L2","location":"dataplane_local.c:encrypt_to_wan","message":"split_l2_enter","data":{"plain_len":1514,"mode":1,"frag_meta":35,"mtu":1500,"n":190464}}
{"sessionId":"0173da","runId":"post-fix","timestamp":1783913479350,"hypothesisId":"L2","location":"dataplane_local.c:encrypt_to_wan","message":"split_l2_ok","data":{"frag0_wire":1500,"frag1_wire":98,"n":190464}}
{"sessionId":"0173da","runId":"post-fix","timestamp":1783913479351,"hypothesisId":"L2","location":"dataplane_local.c:encrypt_to_wan","message":"split_l2_enter","data":{"plain_len":1514,"mode":1,"frag_meta":35,"mtu":1500,"n":190720}}
{"sessionId":"0173da","runId":"post-fix","timestamp":1783913479351,"hypothesisId":"L2","location":"dataplane_local.c:encrypt_to_wan","message":"split_l2_ok","data":{"frag0_wire":1500,"frag1_wire":98,"n":190720}}
{"sessionId":"0173da","runId":"post-fix","timestamp":1783913479352,"hypothesisId":"L2","location":"dataplane_local.c:encrypt_to_wan","message":"split_l2_enter","data":{"plain_len":1514,"mode":1,"frag_meta":35,"mtu":1500,"n":190976}}
{"sessionId":"0173da","runId":"post-fix","timestamp":1783913479352,"hypothesisId":"L2","location":"dataplane_local.c:encrypt_to_wan","message":"split_l2_ok","data":{"frag0_wire":1500,"frag1_wire":98,"n":190976}}
{"sessionId":"0173da","runId":"post-fix","timestamp":1783913479354,"hypothesisId":"L2","location":"dataplane_local.c:encrypt_to_wan","message":"split_l2_enter","data":{"plain_len":1514,"mode":1,"frag_meta":35,"mtu":1500,"n":191232}}
{"sessionId":"0173da","runId":"post-fix","timestamp":1783913479354,"hypothesisId":"L2","location":"dataplane_local.c:encrypt_to_wan","message":"split_l2_ok","data":{"frag0_wire":1500,"frag1_wire":98,"n":191232}}
{"sessionId":"0173da","runId":"post-fix","timestamp":1783913479354,"hypothesisId":"L2","location":"dataplane_wan.c:dataplane_process_wan","message":"wan_l2_forward_ok","data":{"wire_in":108,"plain_len":78,"n":48128}}
{"sessionId":"0173da","runId":"post-fix","timestamp":1783913479354,"hypothesisId":"L2","location":"dataplane_wan.c:decrypt_wan","message":"l2_full_decrypt_ok","data":{"wire_len":116,"plain_len":86,"n":48128}}
{"sessionId":"0173da","runId":"post-fix","timestamp":1783913479355,"hypothesisId":"L2","location":"dataplane_local.c:encrypt_to_wan","message":"split_l2_enter","data":{"plain_len":1507,"mode":1,"frag_meta":35,"mtu":1500,"n":191488}}
{"sessionId":"0173da","runId":"post-fix","timestamp":1783913479355,"hypothesisId":"L2","location":"dataplane_local.c:encrypt_to_wan","message":"split_l2_ok","data":{"frag0_wire":1500,"frag1_wire":91,"n":191488}}
{"sessionId":"0173da","runId":"post-fix","timestamp":1783913479356,"hypothesisId":"L2","location":"dataplane_local.c:encrypt_to_wan","message":"split_l2_enter","data":{"plain_len":1514,"mode":1,"frag_meta":35,"mtu":1500,"n":191744}}
{"sessionId":"0173da","runId":"post-fix","timestamp":1783913479356,"hypothesisId":"L2","location":"dataplane_local.c:encrypt_to_wan","message":"split_l2_ok","data":{"frag0_wire":1500,"frag1_wire":98,"n":191744}}
{"sessionId":"0173da","runId":"post-fix","timestamp":1783913479357,"hypothesisId":"L2","location":"dataplane_local.c:encrypt_to_wan","message":"split_l2_enter","data":{"plain_len":1514,"mode":1,"frag_meta":35,"mtu":1500,"n":192000}}
{"sessionId":"0173da","runId":"post-fix","timestamp":1783913479357,"hypothesisId":"L2","location":"dataplane_local.c:encrypt_to_wan","message":"split_l2_ok","data":{"frag0_wire":1500,"frag1_wire":98,"n":192000}}
{"sessionId":"0173da","runId":"post-fix","timestamp":1783913479359,"hypothesisId":"L2","location":"dataplane_local.c:encrypt_to_wan","message":"split_l2_enter","data":{"plain_len":1514,"mode":1,"frag_meta":35,"mtu":1500,"n":192256}}
{"sessionId":"0173da","runId":"post-fix","timestamp":1783913479359,"hypothesisId":"L2","location":"dataplane_local.c:encrypt_to_wan","message":"split_l2_ok","data":{"frag0_wire":1500,"frag1_wire":98,"n":192256}}
{"sessionId":"0173da","runId":"post-fix","timestamp":1783913479361,"hypothesisId":"L2","location":"dataplane_local.c:encrypt_to_wan","message":"split_l2_enter","data":{"plain_len":1514,"mode":1,"frag_meta":35,"mtu":1500,"n":192512}}
{"sessionId":"0173da","runId":"post-fix","timestamp":1783913479361,"hypothesisId":"L2","location":"dataplane_local.c:encrypt_to_wan","message":"split_l2_ok","data":{"frag0_wire":1500,"frag1_wire":98,"n":192512}}
{"sessionId":"0173da","runId":"post-fix","timestamp":1783913479366,"hypothesisId":"L2","location":"dataplane_local.c:encrypt_to_wan","message":"split_l2_enter","data":{"plain_len":1514,"mode":1,"frag_meta":35,"mtu":1500,"n":192768}}
{"sessionId":"0173da","runId":"post-fix","timestamp":1783913479366,"hypothesisId":"L2","location":"dataplane_local.c:encrypt_to_wan","message":"split_l2_ok","data":{"frag0_wire":1500,"frag1_wire":98,"n":192768}}
{"sessionId":"0173da","runId":"post-fix","timestamp":1783913479368,"hypothesisId":"L2","location":"dataplane_local.c:encrypt_to_wan","message":"split_l2_enter","data":{"plain_len":1514,"mode":1,"frag_meta":35,"mtu":1500,"n":193024}}
{"sessionId":"0173da","runId":"post-fix","timestamp":1783913479368,"hypothesisId":"L2","location":"dataplane_local.c:encrypt_to_wan","message":"split_l2_ok","data":{"frag0_wire":1500,"frag1_wire":98,"n":193024}}
{"sessionId":"0173da","runId":"post-fix","timestamp":1783913479369,"hypothesisId":"L2","location":"dataplane_local.c:encrypt_to_wan","message":"split_l2_enter","data":{"plain_len":1514,"mode":1,"frag_meta":35,"mtu":1500,"n":193280}}
{"sessionId":"0173da","runId":"post-fix","timestamp":1783913479369,"hypothesisId":"L2","location":"dataplane_local.c:encrypt_to_wan","message":"split_l2_ok","data":{"frag0_wire":1500,"frag1_wire":98,"n":193280}}
{"sessionId":"0173da","runId":"post-fix","timestamp":1783913479371,"hypothesisId":"L2","location":"dataplane_local.c:encrypt_to_wan","message":"split_l2_enter","data":{"plain_len":1514,"mode":1,"frag_meta":35,"mtu":1500,"n":193536}}
{"sessionId":"0173da","runId":"post-fix","timestamp":1783913479371,"hypothesisId":"L2","location":"dataplane_local.c:encrypt_to_wan","message":"split_l2_ok","data":{"frag0_wire":1500,"frag1_wire":98,"n":193536}}
{"sessionId":"0173da","runId":"post-fix","timestamp":1783913479372,"hypothesisId":"L2","location":"dataplane_local.c:encrypt_to_wan","message":"split_l2_enter","data":{"plain_len":1514,"mode":1,"frag_meta":35,"mtu":1500,"n":193792}}
{"sessionId":"0173da","runId":"post-fix","timestamp":1783913479372,"hypothesisId":"L2","location":"dataplane_local.c:encrypt_to_wan","message":"split_l2_ok","data":{"frag0_wire":1500,"frag1_wire":98,"n":193792}}
{"sessionId":"0173da","runId":"post-fix","timestamp":1783913479373,"hypothesisId":"L2","location":"dataplane_wan.c:decrypt_wan","message":"l2_full_decrypt_ok","data":{"wire_len":116,"plain_len":86,"n":48640}}
{"sessionId":"0173da","runId":"post-fix","timestamp":1783913479373,"hypothesisId":"L2","location":"dataplane_wan.c:dataplane_process_wan","message":"wan_l2_forward_ok","data":{"wire_in":96,"plain_len":66,"n":48640}}
{"sessionId":"0173da","runId":"post-fix","timestamp":1783913479373,"hypothesisId":"L2","location":"dataplane_local.c:encrypt_to_wan","message":"split_l2_enter","data":{"plain_len":1514,"mode":1,"frag_meta":35,"mtu":1500,"n":194048}}
{"sessionId":"0173da","runId":"post-fix","timestamp":1783913479373,"hypothesisId":"L2","location":"dataplane_local.c:encrypt_to_wan","message":"split_l2_ok","data":{"frag0_wire":1500,"frag1_wire":98,"n":194048}}
{"sessionId":"0173da","runId":"post-fix","timestamp":1783913479374,"hypothesisId":"L2","location":"dataplane_local.c:encrypt_to_wan","message":"split_l2_enter","data":{"plain_len":1514,"mode":1,"frag_meta":35,"mtu":1500,"n":194304}}
{"sessionId":"0173da","runId":"post-fix","timestamp":1783913479374,"hypothesisId":"L2","location":"dataplane_local.c:encrypt_to_wan","message":"split_l2_ok","data":{"frag0_wire":1500,"frag1_wire":98,"n":194304}}
{"sessionId":"0173da","runId":"post-fix","timestamp":1783913479376,"hypothesisId":"L2","location":"dataplane_local.c:encrypt_to_wan","message":"split_l2_enter","data":{"plain_len":1514,"mode":1,"frag_meta":35,"mtu":1500,"n":194560}}
{"sessionId":"0173da","runId":"post-fix","timestamp":1783913479376,"hypothesisId":"L2","location":"dataplane_local.c:encrypt_to_wan","message":"split_l2_ok","data":{"frag0_wire":1500,"frag1_wire":98,"n":194560}}
{"sessionId":"0173da","runId":"post-fix","timestamp":1783913479377,"hypothesisId":"L2","location":"dataplane_local.c:encrypt_to_wan","message":"split_l2_enter","data":{"plain_len":1514,"mode":1,"frag_meta":35,"mtu":1500,"n":194816}}
{"sessionId":"0173da","runId":"post-fix","timestamp":1783913479377,"hypothesisId":"L2","location":"dataplane_local.c:encrypt_to_wan","message":"split_l2_ok","data":{"frag0_wire":1500,"frag1_wire":98,"n":194816}}
{"sessionId":"0173da","runId":"post-fix","timestamp":1783913479379,"hypothesisId":"L2","location":"dataplane_local.c:encrypt_to_wan","message":"split_l2_enter","data":{"plain_len":1514,"mode":1,"frag_meta":35,"mtu":1500,"n":195072}}
{"sessionId":"0173da","runId":"post-fix","timestamp":1783913479379,"hypothesisId":"L2","location":"dataplane_local.c:encrypt_to_wan","message":"split_l2_ok","data":{"frag0_wire":1500,"frag1_wire":98,"n":195072}}
{"sessionId":"0173da","runId":"post-fix","timestamp":1783913479379,"hypothesisId":"L2","location":"dataplane_wan.c:dataplane_process_wan","message":"wan_l2_forward_ok","data":{"wire_in":116,"plain_len":86,"n":49152}}
{"sessionId":"0173da","runId":"post-fix","timestamp":1783913479379,"hypothesisId":"L2","location":"dataplane_wan.c:decrypt_wan","message":"l2_full_decrypt_ok","data":{"wire_len":96,"plain_len":66,"n":49152}}
{"sessionId":"0173da","runId":"post-fix","timestamp":1783913479380,"hypothesisId":"L2","location":"dataplane_local.c:encrypt_to_wan","message":"split_l2_enter","data":{"plain_len":1514,"mode":1,"frag_meta":35,"mtu":1500,"n":195328}}
{"sessionId":"0173da","runId":"post-fix","timestamp":1783913479380,"hypothesisId":"L2","location":"dataplane_local.c:encrypt_to_wan","message":"split_l2_ok","data":{"frag0_wire":1500,"frag1_wire":98,"n":195328}}
{"sessionId":"0173da","runId":"post-fix","timestamp":1783913479381,"hypothesisId":"L2","location":"dataplane_local.c:encrypt_to_wan","message":"split_l2_enter","data":{"plain_len":1514,"mode":1,"frag_meta":35,"mtu":1500,"n":195584}}
{"sessionId":"0173da","runId":"post-fix","timestamp":1783913479381,"hypothesisId":"L2","location":"dataplane_local.c:encrypt_to_wan","message":"split_l2_ok","data":{"frag0_wire":1500,"frag1_wire":98,"n":195584}}
{"sessionId":"0173da","runId":"post-fix","timestamp":1783913479382,"hypothesisId":"L2","location":"dataplane_local.c:encrypt_to_wan","message":"split_l2_enter","data":{"plain_len":1507,"mode":1,"frag_meta":35,"mtu":1500,"n":195840}}
{"sessionId":"0173da","runId":"post-fix","timestamp":1783913479382,"hypothesisId":"L2","location":"dataplane_local.c:encrypt_to_wan","message":"split_l2_ok","data":{"frag0_wire":1500,"frag1_wire":91,"n":195840}}
{"sessionId":"0173da","runId":"post-fix","timestamp":1783913479383,"hypothesisId":"L2","location":"dataplane_local.c:encrypt_to_wan","message":"split_l2_enter","data":{"plain_len":1514,"mode":1,"frag_meta":35,"mtu":1500,"n":196096}}
{"sessionId":"0173da","runId":"post-fix","timestamp":1783913479383,"hypothesisId":"L2","location":"dataplane_local.c:encrypt_to_wan","message":"split_l2_ok","data":{"frag0_wire":1500,"frag1_wire":98,"n":196096}}
{"sessionId":"0173da","runId":"post-fix","timestamp":1783913479385,"hypothesisId":"L2","location":"dataplane_local.c:encrypt_to_wan","message":"split_l2_enter","data":{"plain_len":1514,"mode":1,"frag_meta":35,"mtu":1500,"n":196352}}
{"sessionId":"0173da","runId":"post-fix","timestamp":1783913479385,"hypothesisId":"L2","location":"dataplane_local.c:encrypt_to_wan","message":"split_l2_ok","data":{"frag0_wire":1500,"frag1_wire":98,"n":196352}}
{"sessionId":"0173da","runId":"post-fix","timestamp":1783913479386,"hypothesisId":"L2","location":"dataplane_local.c:encrypt_to_wan","message":"split_l2_enter","data":{"plain_len":1507,"mode":1,"frag_meta":35,"mtu":1500,"n":196608}}
{"sessionId":"0173da","runId":"post-fix","timestamp":1783913479386,"hypothesisId":"L2","location":"dataplane_local.c:encrypt_to_wan","message":"split_l2_ok","data":{"frag0_wire":1500,"frag1_wire":91,"n":196608}}
{"sessionId":"0173da","runId":"post-fix","timestamp":1783913479387,"hypothesisId":"L2","location":"dataplane_wan.c:dataplane_process_wan","message":"wan_l2_forward_ok","data":{"wire_in":116,"plain_len":86,"n":49664}}
{"sessionId":"0173da","runId":"post-fix","timestamp":1783913479387,"hypothesisId":"L2","location":"dataplane_wan.c:decrypt_wan","message":"l2_full_decrypt_ok","data":{"wire_len":108,"plain_len":78,"n":49664}}
{"sessionId":"0173da","runId":"post-fix","timestamp":1783913479387,"hypothesisId":"L2","location":"dataplane_local.c:encrypt_to_wan","message":"split_l2_enter","data":{"plain_len":1514,"mode":1,"frag_meta":35,"mtu":1500,"n":196864}}
{"sessionId":"0173da","runId":"post-fix","timestamp":1783913479387,"hypothesisId":"L2","location":"dataplane_local.c:encrypt_to_wan","message":"split_l2_ok","data":{"frag0_wire":1500,"frag1_wire":98,"n":196864}}
{"sessionId":"0173da","runId":"post-fix","timestamp":1783913479388,"hypothesisId":"L2","location":"dataplane_local.c:encrypt_to_wan","message":"split_l2_enter","data":{"plain_len":1514,"mode":1,"frag_meta":35,"mtu":1500,"n":197120}}
{"sessionId":"0173da","runId":"post-fix","timestamp":1783913479388,"hypothesisId":"L2","location":"dataplane_local.c:encrypt_to_wan","message":"split_l2_ok","data":{"frag0_wire":1500,"frag1_wire":98,"n":197120}}
{"sessionId":"0173da","runId":"post-fix","timestamp":1783913479390,"hypothesisId":"L2","location":"dataplane_local.c:encrypt_to_wan","message":"split_l2_enter","data":{"plain_len":1514,"mode":1,"frag_meta":35,"mtu":1500,"n":197376}}
{"sessionId":"0173da","runId":"post-fix","timestamp":1783913479390,"hypothesisId":"L2","location":"dataplane_local.c:encrypt_to_wan","message":"split_l2_ok","data":{"frag0_wire":1500,"frag1_wire":98,"n":197376}}
{"sessionId":"0173da","runId":"post-fix","timestamp":1783913479391,"hypothesisId":"L2","location":"dataplane_local.c:encrypt_to_wan","message":"split_l2_enter","data":{"plain_len":1514,"mode":1,"frag_meta":35,"mtu":1500,"n":197632}}
{"sessionId":"0173da","runId":"post-fix","timestamp":1783913479391,"hypothesisId":"L2","location":"dataplane_local.c:encrypt_to_wan","message":"split_l2_ok","data":{"frag0_wire":1500,"frag1_wire":98,"n":197632}}
{"sessionId":"0173da","runId":"post-fix","timestamp":1783913479392,"hypothesisId":"L2","location":"dataplane_local.c:encrypt_to_wan","message":"split_l2_enter","data":{"plain_len":1514,"mode":1,"frag_meta":35,"mtu":1500,"n":197888}}
{"sessionId":"0173da","runId":"post-fix","timestamp":1783913479392,"hypothesisId":"L2","location":"dataplane_local.c:encrypt_to_wan","message":"split_l2_ok","data":{"frag0_wire":1500,"frag1_wire":98,"n":197888}}
{"sessionId":"0173da","runId":"post-fix","timestamp":1783913479393,"hypothesisId":"L2","location":"dataplane_wan.c:dataplane_process_wan","message":"wan_l2_forward_ok","data":{"wire_in":108,"plain_len":78,"n":50176}}
{"sessionId":"0173da","runId":"post-fix","timestamp":1783913479393,"hypothesisId":"L2","location":"dataplane_wan.c:decrypt_wan","message":"l2_full_decrypt_ok","data":{"wire_len":116,"plain_len":86,"n":50176}}
{"sessionId":"0173da","runId":"post-fix","timestamp":1783913479393,"hypothesisId":"L2","location":"dataplane_local.c:encrypt_to_wan","message":"split_l2_enter","data":{"plain_len":1514,"mode":1,"frag_meta":35,"mtu":1500,"n":198144}}
{"sessionId":"0173da","runId":"post-fix","timestamp":1783913479393,"hypothesisId":"L2","location":"dataplane_local.c:encrypt_to_wan","message":"split_l2_ok","data":{"frag0_wire":1500,"frag1_wire":98,"n":198144}}
{"sessionId":"0173da","runId":"post-fix","timestamp":1783913479395,"hypothesisId":"L2","location":"dataplane_local.c:encrypt_to_wan","message":"split_l2_enter","data":{"plain_len":1514,"mode":1,"frag_meta":35,"mtu":1500,"n":198400}}
{"sessionId":"0173da","runId":"post-fix","timestamp":1783913479395,"hypothesisId":"L2","location":"dataplane_local.c:encrypt_to_wan","message":"split_l2_ok","data":{"frag0_wire":1500,"frag1_wire":98,"n":198400}}
{"sessionId":"0173da","runId":"post-fix","timestamp":1783913479396,"hypothesisId":"L2","location":"dataplane_local.c:encrypt_to_wan","message":"split_l2_enter","data":{"plain_len":1514,"mode":1,"frag_meta":35,"mtu":1500,"n":198656}}
{"sessionId":"0173da","runId":"post-fix","timestamp":1783913479396,"hypothesisId":"L2","location":"dataplane_local.c:encrypt_to_wan","message":"split_l2_ok","data":{"frag0_wire":1500,"frag1_wire":98,"n":198656}}
{"sessionId":"0173da","runId":"post-fix","timestamp":1783913479397,"hypothesisId":"L2","location":"dataplane_local.c:encrypt_to_wan","message":"split_l2_enter","data":{"plain_len":1514,"mode":1,"frag_meta":35,"mtu":1500,"n":198912}}
{"sessionId":"0173da","runId":"post-fix","timestamp":1783913479397,"hypothesisId":"L2","location":"dataplane_local.c:encrypt_to_wan","message":"split_l2_ok","data":{"frag0_wire":1500,"frag1_wire":98,"n":198912}}
{"sessionId":"0173da","runId":"post-fix","timestamp":1783913479399,"hypothesisId":"L2","location":"dataplane_local.c:encrypt_to_wan","message":"split_l2_enter","data":{"plain_len":1514,"mode":1,"frag_meta":35,"mtu":1500,"n":199168}}
{"sessionId":"0173da","runId":"post-fix","timestamp":1783913479399,"hypothesisId":"L2","location":"dataplane_local.c:encrypt_to_wan","message":"split_l2_ok","data":{"frag0_wire":1500,"frag1_wire":98,"n":199168}}
{"sessionId":"0173da","runId":"post-fix","timestamp":1783913479400,"hypothesisId":"L2","location":"dataplane_local.c:encrypt_to_wan","message":"split_l2_enter","data":{"plain_len":1507,"mode":1,"frag_meta":35,"mtu":1500,"n":199424}}
{"sessionId":"0173da","runId":"post-fix","timestamp":1783913479400,"hypothesisId":"L2","location":"dataplane_local.c:encrypt_to_wan","message":"split_l2_ok","data":{"frag0_wire":1500,"frag1_wire":91,"n":199424}}
{"sessionId":"0173da","runId":"post-fix","timestamp":1783913479401,"hypothesisId":"L2","location":"dataplane_wan.c:decrypt_wan","message":"l2_full_decrypt_ok","data":{"wire_len":108,"plain_len":78,"n":50688}}
{"sessionId":"0173da","runId":"post-fix","timestamp":1783913479401,"hypothesisId":"L2","location":"dataplane_wan.c:dataplane_process_wan","message":"wan_l2_forward_ok","data":{"wire_in":108,"plain_len":78,"n":50688}}
{"sessionId":"0173da","runId":"post-fix","timestamp":1783913479401,"hypothesisId":"L2","location":"dataplane_local.c:encrypt_to_wan","message":"split_l2_enter","data":{"plain_len":1514,"mode":1,"frag_meta":35,"mtu":1500,"n":199680}}
{"sessionId":"0173da","runId":"post-fix","timestamp":1783913479401,"hypothesisId":"L2","location":"dataplane_local.c:encrypt_to_wan","message":"split_l2_ok","data":{"frag0_wire":1500,"frag1_wire":98,"n":199680}}
{"sessionId":"0173da","runId":"post-fix","timestamp":1783913479402,"hypothesisId":"L2","location":"dataplane_local.c:encrypt_to_wan","message":"split_l2_enter","data":{"plain_len":1514,"mode":1,"frag_meta":35,"mtu":1500,"n":199936}}
{"sessionId":"0173da","runId":"post-fix","timestamp":1783913479402,"hypothesisId":"L2","location":"dataplane_local.c:encrypt_to_wan","message":"split_l2_ok","data":{"frag0_wire":1500,"frag1_wire":98,"n":199936}}
{"sessionId":"0173da","runId":"post-fix","timestamp":1783913479404,"hypothesisId":"L2","location":"dataplane_local.c:encrypt_to_wan","message":"split_l2_enter","data":{"plain_len":1514,"mode":1,"frag_meta":35,"mtu":1500,"n":200192}}
{"sessionId":"0173da","runId":"post-fix","timestamp":1783913479404,"hypothesisId":"L2","location":"dataplane_local.c:encrypt_to_wan","message":"split_l2_ok","data":{"frag0_wire":1500,"frag1_wire":98,"n":200192}}
{"sessionId":"0173da","runId":"post-fix","timestamp":1783913479405,"hypothesisId":"L2","location":"dataplane_local.c:encrypt_to_wan","message":"split_l2_enter","data":{"plain_len":1514,"mode":1,"frag_meta":35,"mtu":1500,"n":200448}}
{"sessionId":"0173da","runId":"post-fix","timestamp":1783913479405,"hypothesisId":"L2","location":"dataplane_local.c:encrypt_to_wan","message":"split_l2_ok","data":{"frag0_wire":1500,"frag1_wire":98,"n":200448}}
{"sessionId":"0173da","runId":"post-fix","timestamp":1783913479408,"hypothesisId":"L2","location":"dataplane_local.c:encrypt_to_wan","message":"split_l2_enter","data":{"plain_len":1514,"mode":1,"frag_meta":35,"mtu":1500,"n":200704}}
{"sessionId":"0173da","runId":"post-fix","timestamp":1783913479408,"hypothesisId":"L2","location":"dataplane_local.c:encrypt_to_wan","message":"split_l2_ok","data":{"frag0_wire":1500,"frag1_wire":98,"n":200704}}
{"sessionId":"0173da","runId":"post-fix","timestamp":1783913479409,"hypothesisId":"L2","location":"dataplane_local.c:encrypt_to_wan","message":"split_l2_enter","data":{"plain_len":1514,"mode":1,"frag_meta":35,"mtu":1500,"n":200960}}
{"sessionId":"0173da","runId":"post-fix","timestamp":1783913479409,"hypothesisId":"L2","location":"dataplane_local.c:encrypt_to_wan","message":"split_l2_ok","data":{"frag0_wire":1500,"frag1_wire":98,"n":200960}}
{"sessionId":"0173da","runId":"post-fix","timestamp":1783913479410,"hypothesisId":"L2","location":"dataplane_local.c:encrypt_to_wan","message":"split_l2_enter","data":{"plain_len":1514,"mode":1,"frag_meta":35,"mtu":1500,"n":201216}}
{"sessionId":"0173da","runId":"post-fix","timestamp":1783913479410,"hypothesisId":"L2","location":"dataplane_local.c:encrypt_to_wan","message":"split_l2_ok","data":{"frag0_wire":1500,"frag1_wire":98,"n":201216}}
{"sessionId":"0173da","runId":"post-fix","timestamp":1783913479412,"hypothesisId":"L2","location":"dataplane_local.c:encrypt_to_wan","message":"split_l2_enter","data":{"plain_len":1507,"mode":1,"frag_meta":35,"mtu":1500,"n":201472}}
{"sessionId":"0173da","runId":"post-fix","timestamp":1783913479412,"hypothesisId":"L2","location":"dataplane_local.c:encrypt_to_wan","message":"split_l2_ok","data":{"frag0_wire":1500,"frag1_wire":91,"n":201472}}
{"sessionId":"0173da","runId":"post-fix","timestamp":1783913479413,"hypothesisId":"L2","location":"dataplane_local.c:encrypt_to_wan","message":"split_l2_enter","data":{"plain_len":1514,"mode":1,"frag_meta":35,"mtu":1500,"n":201728}}
{"sessionId":"0173da","runId":"post-fix","timestamp":1783913479413,"hypothesisId":"L2","location":"dataplane_local.c:encrypt_to_wan","message":"split_l2_ok","data":{"frag0_wire":1500,"frag1_wire":98,"n":201728}}
{"sessionId":"0173da","runId":"post-fix","timestamp":1783913479414,"hypothesisId":"L2","location":"dataplane_wan.c:decrypt_wan","message":"l2_full_decrypt_ok","data":{"wire_len":96,"plain_len":66,"n":51200}}
{"sessionId":"0173da","runId":"post-fix","timestamp":1783913479414,"hypothesisId":"L2","location":"dataplane_wan.c:dataplane_process_wan","message":"wan_l2_forward_ok","data":{"wire_in":96,"plain_len":66,"n":51200}}
{"sessionId":"0173da","runId":"post-fix","timestamp":1783913479414,"hypothesisId":"L2","location":"dataplane_local.c:encrypt_to_wan","message":"split_l2_enter","data":{"plain_len":1514,"mode":1,"frag_meta":35,"mtu":1500,"n":201984}}
{"sessionId":"0173da","runId":"post-fix","timestamp":1783913479414,"hypothesisId":"L2","location":"dataplane_local.c:encrypt_to_wan","message":"split_l2_ok","data":{"frag0_wire":1500,"frag1_wire":98,"n":201984}}
{"sessionId":"0173da","runId":"post-fix","timestamp":1783913479415,"hypothesisId":"L2","location":"dataplane_local.c:encrypt_to_wan","message":"split_l2_enter","data":{"plain_len":1514,"mode":1,"frag_meta":35,"mtu":1500,"n":202240}}
{"sessionId":"0173da","runId":"post-fix","timestamp":1783913479415,"hypothesisId":"L2","location":"dataplane_local.c:encrypt_to_wan","message":"split_l2_ok","data":{"frag0_wire":1500,"frag1_wire":98,"n":202240}}
{"sessionId":"0173da","runId":"post-fix","timestamp":1783913479417,"hypothesisId":"L2","location":"dataplane_local.c:encrypt_to_wan","message":"split_l2_enter","data":{"plain_len":1514,"mode":1,"frag_meta":35,"mtu":1500,"n":202496}}
{"sessionId":"0173da","runId":"post-fix","timestamp":1783913479417,"hypothesisId":"L2","location":"dataplane_local.c:encrypt_to_wan","message":"split_l2_ok","data":{"frag0_wire":1500,"frag1_wire":98,"n":202496}}
{"sessionId":"0173da","runId":"post-fix","timestamp":1783913479418,"hypothesisId":"L2","location":"dataplane_local.c:encrypt_to_wan","message":"split_l2_enter","data":{"plain_len":1507,"mode":1,"frag_meta":35,"mtu":1500,"n":202752}}
{"sessionId":"0173da","runId":"post-fix","timestamp":1783913479418,"hypothesisId":"L2","location":"dataplane_local.c:encrypt_to_wan","message":"split_l2_ok","data":{"frag0_wire":1500,"frag1_wire":91,"n":202752}}
{"sessionId":"0173da","runId":"post-fix","timestamp":1783913479419,"hypothesisId":"L2","location":"dataplane_local.c:encrypt_to_wan","message":"split_l2_enter","data":{"plain_len":1514,"mode":1,"frag_meta":35,"mtu":1500,"n":203008}}
{"sessionId":"0173da","runId":"post-fix","timestamp":1783913479419,"hypothesisId":"L2","location":"dataplane_local.c:encrypt_to_wan","message":"split_l2_ok","data":{"frag0_wire":1500,"frag1_wire":98,"n":203008}}
{"sessionId":"0173da","runId":"post-fix","timestamp":1783913479420,"hypothesisId":"L2","location":"dataplane_local.c:encrypt_to_wan","message":"split_l2_enter","data":{"plain_len":1507,"mode":1,"frag_meta":35,"mtu":1500,"n":203264}}
{"sessionId":"0173da","runId":"post-fix","timestamp":1783913479421,"hypothesisId":"L2","location":"dataplane_local.c:encrypt_to_wan","message":"split_l2_ok","data":{"frag0_wire":1500,"frag1_wire":91,"n":203264}}
{"sessionId":"0173da","runId":"post-fix","timestamp":1783913479422,"hypothesisId":"L2","location":"dataplane_local.c:encrypt_to_wan","message":"split_l2_enter","data":{"plain_len":1514,"mode":1,"frag_meta":35,"mtu":1500,"n":203520}}
{"sessionId":"0173da","runId":"post-fix","timestamp":1783913479422,"hypothesisId":"L2","location":"dataplane_local.c:encrypt_to_wan","message":"split_l2_ok","data":{"frag0_wire":1500,"frag1_wire":98,"n":203520}}
{"sessionId":"0173da","runId":"post-fix","timestamp":1783913479423,"hypothesisId":"L2","location":"dataplane_local.c:encrypt_to_wan","message":"split_l2_enter","data":{"plain_len":1514,"mode":1,"frag_meta":35,"mtu":1500,"n":203776}}
{"sessionId":"0173da","runId":"post-fix","timestamp":1783913479423,"hypothesisId":"L2","location":"dataplane_local.c:encrypt_to_wan","message":"split_l2_ok","data":{"frag0_wire":1500,"frag1_wire":98,"n":203776}}
{"sessionId":"0173da","runId":"post-fix","timestamp":1783913479424,"hypothesisId":"L2","location":"dataplane_local.c:encrypt_to_wan","message":"split_l2_enter","data":{"plain_len":1514,"mode":1,"frag_meta":35,"mtu":1500,"n":204032}}
{"sessionId":"0173da","runId":"post-fix","timestamp":1783913479424,"hypothesisId":"L2","location":"dataplane_local.c:encrypt_to_wan","message":"split_l2_ok","data":{"frag0_wire":1500,"frag1_wire":98,"n":204032}}
{"sessionId":"0173da","runId":"post-fix","timestamp":1783913479425,"hypothesisId":"L2","location":"dataplane_wan.c:decrypt_wan","message":"l2_full_decrypt_ok","data":{"wire_len":108,"plain_len":78,"n":51712}}
{"sessionId":"0173da","runId":"post-fix","timestamp":1783913479425,"hypothesisId":"L2","location":"dataplane_wan.c:dataplane_process_wan","message":"wan_l2_forward_ok","data":{"wire_in":116,"plain_len":86,"n":51712}}
{"sessionId":"0173da","runId":"post-fix","timestamp":1783913479426,"hypothesisId":"L2","location":"dataplane_local.c:encrypt_to_wan","message":"split_l2_enter","data":{"plain_len":1514,"mode":1,"frag_meta":35,"mtu":1500,"n":204288}}
{"sessionId":"0173da","runId":"post-fix","timestamp":1783913479426,"hypothesisId":"L2","location":"dataplane_local.c:encrypt_to_wan","message":"split_l2_ok","data":{"frag0_wire":1500,"frag1_wire":98,"n":204288}}
{"sessionId":"0173da","runId":"post-fix","timestamp":1783913479427,"hypothesisId":"L2","location":"dataplane_local.c:encrypt_to_wan","message":"split_l2_enter","data":{"plain_len":1514,"mode":1,"frag_meta":35,"mtu":1500,"n":204544}}
{"sessionId":"0173da","runId":"post-fix","timestamp":1783913479427,"hypothesisId":"L2","location":"dataplane_local.c:encrypt_to_wan","message":"split_l2_ok","data":{"frag0_wire":1500,"frag1_wire":98,"n":204544}}
{"sessionId":"0173da","runId":"post-fix","timestamp":1783913479428,"hypothesisId":"L2","location":"dataplane_local.c:encrypt_to_wan","message":"split_l2_enter","data":{"plain_len":1514,"mode":1,"frag_meta":35,"mtu":1500,"n":204800}}
{"sessionId":"0173da","runId":"post-fix","timestamp":1783913479428,"hypothesisId":"L2","location":"dataplane_local.c:encrypt_to_wan","message":"split_l2_ok","data":{"frag0_wire":1500,"frag1_wire":98,"n":204800}}
{"sessionId":"0173da","runId":"post-fix","timestamp":1783913479429,"hypothesisId":"L2","location":"dataplane_local.c:encrypt_to_wan","message":"split_l2_enter","data":{"plain_len":1514,"mode":1,"frag_meta":35,"mtu":1500,"n":205056}}
{"sessionId":"0173da","runId":"post-fix","timestamp":1783913479429,"hypothesisId":"L2","location":"dataplane_local.c:encrypt_to_wan","message":"split_l2_ok","data":{"frag0_wire":1500,"frag1_wire":98,"n":205056}}
{"sessionId":"0173da","runId":"post-fix","timestamp":1783913479431,"hypothesisId":"L2","location":"dataplane_local.c:encrypt_to_wan","message":"split_l2_enter","data":{"plain_len":1514,"mode":1,"frag_meta":35,"mtu":1500,"n":205312}}
{"sessionId":"0173da","runId":"post-fix","timestamp":1783913479431,"hypothesisId":"L2","location":"dataplane_local.c:encrypt_to_wan","message":"split_l2_ok","data":{"frag0_wire":1500,"frag1_wire":98,"n":205312}}
{"sessionId":"0173da","runId":"post-fix","timestamp":1783913479431,"hypothesisId":"L2","location":"dataplane_wan.c:decrypt_wan","message":"l2_full_decrypt_ok","data":{"wire_len":116,"plain_len":86,"n":52224}}
{"sessionId":"0173da","runId":"post-fix","timestamp":1783913479431,"hypothesisId":"L2","location":"dataplane_wan.c:dataplane_process_wan","message":"wan_l2_forward_ok","data":{"wire_in":108,"plain_len":78,"n":52224}}
{"sessionId":"0173da","runId":"post-fix","timestamp":1783913479432,"hypothesisId":"L2","location":"dataplane_local.c:encrypt_to_wan","message":"split_l2_enter","data":{"plain_len":1514,"mode":1,"frag_meta":35,"mtu":1500,"n":205568}}
{"sessionId":"0173da","runId":"post-fix","timestamp":1783913479432,"hypothesisId":"L2","location":"dataplane_local.c:encrypt_to_wan","message":"split_l2_ok","data":{"frag0_wire":1500,"frag1_wire":98,"n":205568}}
{"sessionId":"0173da","runId":"post-fix","timestamp":1783913479433,"hypothesisId":"L2","location":"dataplane_local.c:encrypt_to_wan","message":"split_l2_enter","data":{"plain_len":1514,"mode":1,"frag_meta":35,"mtu":1500,"n":205824}}
{"sessionId":"0173da","runId":"post-fix","timestamp":1783913479433,"hypothesisId":"L2","location":"dataplane_local.c:encrypt_to_wan","message":"split_l2_ok","data":{"frag0_wire":1500,"frag1_wire":98,"n":205824}}
{"sessionId":"0173da","runId":"post-fix","timestamp":1783913479434,"hypothesisId":"L2","location":"dataplane_local.c:encrypt_to_wan","message":"split_l2_enter","data":{"plain_len":1514,"mode":1,"frag_meta":35,"mtu":1500,"n":206080}}
{"sessionId":"0173da","runId":"post-fix","timestamp":1783913479435,"hypothesisId":"L2","location":"dataplane_local.c:encrypt_to_wan","message":"split_l2_ok","data":{"frag0_wire":1500,"frag1_wire":98,"n":206080}}
{"sessionId":"0173da","runId":"post-fix","timestamp":1783913479436,"hypothesisId":"L2","location":"dataplane_local.c:encrypt_to_wan","message":"split_l2_enter","data":{"plain_len":1514,"mode":1,"frag_meta":35,"mtu":1500,"n":206336}}
{"sessionId":"0173da","runId":"post-fix","timestamp":1783913479436,"hypothesisId":"L2","location":"dataplane_local.c:encrypt_to_wan","message":"split_l2_ok","data":{"frag0_wire":1500,"frag1_wire":98,"n":206336}}
{"sessionId":"0173da","runId":"post-fix","timestamp":1783913479437,"hypothesisId":"L2","location":"dataplane_local.c:encrypt_to_wan","message":"split_l2_enter","data":{"plain_len":1514,"mode":1,"frag_meta":35,"mtu":1500,"n":206592}}
{"sessionId":"0173da","runId":"post-fix","timestamp":1783913479437,"hypothesisId":"L2","location":"dataplane_local.c:encrypt_to_wan","message":"split_l2_ok","data":{"frag0_wire":1500,"frag1_wire":98,"n":206592}}
{"sessionId":"0173da","runId":"post-fix","timestamp":1783913479438,"hypothesisId":"L2","location":"dataplane_local.c:encrypt_to_wan","message":"split_l2_enter","data":{"plain_len":1507,"mode":1,"frag_meta":35,"mtu":1500,"n":206848}}
{"sessionId":"0173da","runId":"post-fix","timestamp":1783913479438,"hypothesisId":"L2","location":"dataplane_local.c:encrypt_to_wan","message":"split_l2_ok","data":{"frag0_wire":1500,"frag1_wire":91,"n":206848}}
{"sessionId":"0173da","runId":"post-fix","timestamp":1783913479439,"hypothesisId":"L2","location":"dataplane_wan.c:decrypt_wan","message":"l2_full_decrypt_ok","data":{"wire_len":96,"plain_len":66,"n":52736}}
{"sessionId":"0173da","runId":"post-fix","timestamp":1783913479440,"hypothesisId":"L2","location":"dataplane_wan.c:dataplane_process_wan","message":"wan_l2_forward_ok","data":{"wire_in":108,"plain_len":78,"n":52736}}
{"sessionId":"0173da","runId":"post-fix","timestamp":1783913479440,"hypothesisId":"L2","location":"dataplane_local.c:encrypt_to_wan","message":"split_l2_enter","data":{"plain_len":1514,"mode":1,"frag_meta":35,"mtu":1500,"n":207104}}
{"sessionId":"0173da","runId":"post-fix","timestamp":1783913479440,"hypothesisId":"L2","location":"dataplane_local.c:encrypt_to_wan","message":"split_l2_ok","data":{"frag0_wire":1500,"frag1_wire":98,"n":207104}}
{"sessionId":"0173da","runId":"post-fix","timestamp":1783913479441,"hypothesisId":"L2","location":"dataplane_local.c:encrypt_to_wan","message":"split_l2_enter","data":{"plain_len":1514,"mode":1,"frag_meta":35,"mtu":1500,"n":207360}}
{"sessionId":"0173da","runId":"post-fix","timestamp":1783913479441,"hypothesisId":"L2","location":"dataplane_local.c:encrypt_to_wan","message":"split_l2_ok","data":{"frag0_wire":1500,"frag1_wire":98,"n":207360}}
{"sessionId":"0173da","runId":"post-fix","timestamp":1783913479443,"hypothesisId":"L2","location":"dataplane_local.c:encrypt_to_wan","message":"split_l2_enter","data":{"plain_len":1514,"mode":1,"frag_meta":35,"mtu":1500,"n":207616}}
{"sessionId":"0173da","runId":"post-fix","timestamp":1783913479443,"hypothesisId":"L2","location":"dataplane_local.c:encrypt_to_wan","message":"split_l2_ok","data":{"frag0_wire":1500,"frag1_wire":98,"n":207616}}
{"sessionId":"0173da","runId":"post-fix","timestamp":1783913479444,"hypothesisId":"L2","location":"dataplane_local.c:encrypt_to_wan","message":"split_l2_enter","data":{"plain_len":1514,"mode":1,"frag_meta":35,"mtu":1500,"n":207872}}
{"sessionId":"0173da","runId":"post-fix","timestamp":1783913479444,"hypothesisId":"L2","location":"dataplane_local.c:encrypt_to_wan","message":"split_l2_ok","data":{"frag0_wire":1500,"frag1_wire":98,"n":207872}}
{"sessionId":"0173da","runId":"post-fix","timestamp":1783913479448,"hypothesisId":"L2","location":"dataplane_local.c:encrypt_to_wan","message":"split_l2_enter","data":{"plain_len":1514,"mode":1,"frag_meta":35,"mtu":1500,"n":208128}}
{"sessionId":"0173da","runId":"post-fix","timestamp":1783913479448,"hypothesisId":"L2","location":"dataplane_local.c:encrypt_to_wan","message":"split_l2_ok","data":{"frag0_wire":1500,"frag1_wire":98,"n":208128}}
{"sessionId":"0173da","runId":"post-fix","timestamp":1783913479452,"hypothesisId":"L2","location":"dataplane_local.c:encrypt_to_wan","message":"split_l2_enter","data":{"plain_len":1514,"mode":1,"frag_meta":35,"mtu":1500,"n":208384}}
{"sessionId":"0173da","runId":"post-fix","timestamp":1783913479452,"hypothesisId":"L2","location":"dataplane_local.c:encrypt_to_wan","message":"split_l2_ok","data":{"frag0_wire":1500,"frag1_wire":98,"n":208384}}
{"sessionId":"0173da","runId":"post-fix","timestamp":1783913479454,"hypothesisId":"L2","location":"dataplane_local.c:encrypt_to_wan","message":"split_l2_enter","data":{"plain_len":1514,"mode":1,"frag_meta":35,"mtu":1500,"n":208640}}
{"sessionId":"0173da","runId":"post-fix","timestamp":1783913479454,"hypothesisId":"L2","location":"dataplane_local.c:encrypt_to_wan","message":"split_l2_ok","data":{"frag0_wire":1500,"frag1_wire":98,"n":208640}}
{"sessionId":"0173da","runId":"post-fix","timestamp":1783913479455,"hypothesisId":"L2","location":"dataplane_local.c:encrypt_to_wan","message":"encrypt_l2_full_ok","data":{"plain_len":418,"wire_len":448,"mode":1,"n":4096}}
{"sessionId":"0173da","runId":"post-fix","timestamp":1783913479456,"hypothesisId":"L2","location":"dataplane_local.c:encrypt_to_wan","message":"split_l2_enter","data":{"plain_len":1514,"mode":1,"frag_meta":35,"mtu":1500,"n":208896}}
{"sessionId":"0173da","runId":"post-fix","timestamp":1783913479456,"hypothesisId":"L2","location":"dataplane_local.c:encrypt_to_wan","message":"split_l2_ok","data":{"frag0_wire":1500,"frag1_wire":98,"n":208896}}
{"sessionId":"0173da","runId":"post-fix","timestamp":1783913479457,"hypothesisId":"L2","location":"dataplane_local.c:encrypt_to_wan","message":"split_l2_enter","data":{"plain_len":1514,"mode":1,"frag_meta":35,"mtu":1500,"n":209152}}
{"sessionId":"0173da","runId":"post-fix","timestamp":1783913479457,"hypothesisId":"L2","location":"dataplane_local.c:encrypt_to_wan","message":"split_l2_ok","data":{"frag0_wire":1500,"frag1_wire":98,"n":209152}}
{"sessionId":"0173da","runId":"post-fix","timestamp":1783913479458,"hypothesisId":"L2","location":"dataplane_wan.c:decrypt_wan","message":"l2_full_decrypt_ok","data":{"wire_len":108,"plain_len":78,"n":53248}}
{"sessionId":"0173da","runId":"post-fix","timestamp":1783913479458,"hypothesisId":"L2","location":"dataplane_wan.c:dataplane_process_wan","message":"wan_l2_forward_ok","data":{"wire_in":108,"plain_len":78,"n":53248}}
{"sessionId":"0173da","runId":"post-fix","timestamp":1783913479458,"hypothesisId":"L2","location":"dataplane_local.c:encrypt_to_wan","message":"split_l2_enter","data":{"plain_len":1514,"mode":1,"frag_meta":35,"mtu":1500,"n":209408}}
{"sessionId":"0173da","runId":"post-fix","timestamp":1783913479458,"hypothesisId":"L2","location":"dataplane_local.c:encrypt_to_wan","message":"split_l2_ok","data":{"frag0_wire":1500,"frag1_wire":98,"n":209408}}
{"sessionId":"0173da","runId":"post-fix","timestamp":1783913479461,"hypothesisId":"L2","location":"dataplane_local.c:encrypt_to_wan","message":"split_l2_enter","data":{"plain_len":1514,"mode":1,"frag_meta":35,"mtu":1500,"n":209664}}
{"sessionId":"0173da","runId":"post-fix","timestamp":1783913479461,"hypothesisId":"L2","location":"dataplane_local.c:encrypt_to_wan","message":"split_l2_ok","data":{"frag0_wire":1500,"frag1_wire":98,"n":209664}}
{"sessionId":"0173da","runId":"post-fix","timestamp":1783913479463,"hypothesisId":"L2","location":"dataplane_local.c:encrypt_to_wan","message":"split_l2_enter","data":{"plain_len":1514,"mode":1,"frag_meta":35,"mtu":1500,"n":209920}}
{"sessionId":"0173da","runId":"post-fix","timestamp":1783913479463,"hypothesisId":"L2","location":"dataplane_local.c:encrypt_to_wan","message":"split_l2_ok","data":{"frag0_wire":1500,"frag1_wire":98,"n":209920}}
{"sessionId":"0173da","runId":"post-fix","timestamp":1783913479471,"hypothesisId":"L2","location":"dataplane_local.c:encrypt_to_wan","message":"split_l2_enter","data":{"plain_len":1507,"mode":1,"frag_meta":35,"mtu":1500,"n":210176}}
{"sessionId":"0173da","runId":"post-fix","timestamp":1783913479471,"hypothesisId":"L2","location":"dataplane_local.c:encrypt_to_wan","message":"split_l2_ok","data":{"frag0_wire":1500,"frag1_wire":91,"n":210176}}
{"sessionId":"0173da","runId":"post-fix","timestamp":1783913479475,"hypothesisId":"L2","location":"dataplane_local.c:encrypt_to_wan","message":"split_l2_enter","data":{"plain_len":1514,"mode":1,"frag_meta":35,"mtu":1500,"n":210432}}
{"sessionId":"0173da","runId":"post-fix","timestamp":1783913479475,"hypothesisId":"L2","location":"dataplane_local.c:encrypt_to_wan","message":"split_l2_ok","data":{"frag0_wire":1500,"frag1_wire":98,"n":210432}}
{"sessionId":"0173da","runId":"post-fix","timestamp":1783913479481,"hypothesisId":"L2","location":"dataplane_local.c:encrypt_to_wan","message":"split_l2_enter","data":{"plain_len":1514,"mode":1,"frag_meta":35,"mtu":1500,"n":210688}}
{"sessionId":"0173da","runId":"post-fix","timestamp":1783913479481,"hypothesisId":"L2","location":"dataplane_local.c:encrypt_to_wan","message":"split_l2_ok","data":{"frag0_wire":1500,"frag1_wire":98,"n":210688}}
{"sessionId":"0173da","runId":"post-fix","timestamp":1783913479484,"hypothesisId":"L2","location":"dataplane_local.c:encrypt_to_wan","message":"split_l2_enter","data":{"plain_len":1514,"mode":1,"frag_meta":35,"mtu":1500,"n":210944}}
{"sessionId":"0173da","runId":"post-fix","timestamp":1783913479484,"hypothesisId":"L2","location":"dataplane_local.c:encrypt_to_wan","message":"split_l2_ok","data":{"frag0_wire":1500,"frag1_wire":98,"n":210944}}
{"sessionId":"0173da","runId":"post-fix","timestamp":1783913479487,"hypothesisId":"L2","location":"dataplane_local.c:encrypt_to_wan","message":"split_l2_enter","data":{"plain_len":1514,"mode":1,"frag_meta":35,"mtu":1500,"n":211200}}
{"sessionId":"0173da","runId":"post-fix","timestamp":1783913479487,"hypothesisId":"L2","location":"dataplane_local.c:encrypt_to_wan","message":"split_l2_ok","data":{"frag0_wire":1500,"frag1_wire":98,"n":211200}}
{"sessionId":"0173da","runId":"post-fix","timestamp":1783913479489,"hypothesisId":"L2","location":"dataplane_local.c:encrypt_to_wan","message":"split_l2_enter","data":{"plain_len":1514,"mode":1,"frag_meta":35,"mtu":1500,"n":211456}}
{"sessionId":"0173da","runId":"post-fix","timestamp":1783913479489,"hypothesisId":"L2","location":"dataplane_local.c:encrypt_to_wan","message":"split_l2_ok","data":{"frag0_wire":1500,"frag1_wire":98,"n":211456}}
{"sessionId":"0173da","runId":"post-fix","timestamp":1783913479491,"hypothesisId":"L2","location":"dataplane_local.c:encrypt_to_wan","message":"split_l2_enter","data":{"plain_len":1514,"mode":1,"frag_meta":35,"mtu":1500,"n":211712}}
{"sessionId":"0173da","runId":"post-fix","timestamp":1783913479491,"hypothesisId":"L2","location":"dataplane_local.c:encrypt_to_wan","message":"split_l2_ok","data":{"frag0_wire":1500,"frag1_wire":98,"n":211712}}
{"sessionId":"0173da","runId":"post-fix","timestamp":1783913479496,"hypothesisId":"L2","location":"dataplane_local.c:encrypt_to_wan","message":"split_l2_enter","data":{"plain_len":1514,"mode":1,"frag_meta":35,"mtu":1500,"n":211968}}
{"sessionId":"0173da","runId":"post-fix","timestamp":1783913479496,"hypothesisId":"L2","location":"dataplane_local.c:encrypt_to_wan","message":"split_l2_ok","data":{"frag0_wire":1500,"frag1_wire":98,"n":211968}}
{"sessionId":"0173da","runId":"post-fix","timestamp":1783913479499,"hypothesisId":"L2","location":"dataplane_local.c:encrypt_to_wan","message":"split_l2_enter","data":{"plain_len":1514,"mode":1,"frag_meta":35,"mtu":1500,"n":212224}}
{"sessionId":"0173da","runId":"post-fix","timestamp":1783913479499,"hypothesisId":"L2","location":"dataplane_local.c:encrypt_to_wan","message":"split_l2_ok","data":{"frag0_wire":1500,"frag1_wire":98,"n":212224}}
{"sessionId":"0173da","runId":"post-fix","timestamp":1783913479504,"hypothesisId":"L2","location":"dataplane_local.c:encrypt_to_wan","message":"split_l2_enter","data":{"plain_len":1514,"mode":1,"frag_meta":35,"mtu":1500,"n":212480}}
{"sessionId":"0173da","runId":"post-fix","timestamp":1783913479504,"hypothesisId":"L2","location":"dataplane_local.c:encrypt_to_wan","message":"split_l2_ok","data":{"frag0_wire":1500,"frag1_wire":98,"n":212480}}
{"sessionId":"0173da","runId":"post-fix","timestamp":1783913479508,"hypothesisId":"L2","location":"dataplane_local.c:encrypt_to_wan","message":"split_l2_enter","data":{"plain_len":1507,"mode":1,"frag_meta":35,"mtu":1500,"n":212736}}
{"sessionId":"0173da","runId":"post-fix","timestamp":1783913479508,"hypothesisId":"L2","location":"dataplane_local.c:encrypt_to_wan","message":"split_l2_ok","data":{"frag0_wire":1500,"frag1_wire":91,"n":212736}}
{"sessionId":"0173da","runId":"post-fix","timestamp":1783913479515,"hypothesisId":"L2","location":"dataplane_local.c:encrypt_to_wan","message":"split_l2_enter","data":{"plain_len":1514,"mode":1,"frag_meta":35,"mtu":1500,"n":212992}}
{"sessionId":"0173da","runId":"post-fix","timestamp":1783913479515,"hypothesisId":"L2","location":"dataplane_local.c:encrypt_to_wan","message":"split_l2_ok","data":{"frag0_wire":1500,"frag1_wire":98,"n":212992}}
{"sessionId":"0173da","runId":"post-fix","timestamp":1783913479521,"hypothesisId":"L2","location":"dataplane_local.c:encrypt_to_wan","message":"split_l2_enter","data":{"plain_len":1514,"mode":1,"frag_meta":35,"mtu":1500,"n":213248}}
{"sessionId":"0173da","runId":"post-fix","timestamp":1783913479521,"hypothesisId":"L2","location":"dataplane_local.c:encrypt_to_wan","message":"split_l2_ok","data":{"frag0_wire":1500,"frag1_wire":98,"n":213248}}
{"sessionId":"0173da","runId":"post-fix","timestamp":1783913479529,"hypothesisId":"L2","location":"dataplane_local.c:encrypt_to_wan","message":"split_l2_enter","data":{"plain_len":1514,"mode":1,"frag_meta":35,"mtu":1500,"n":213504}}
{"sessionId":"0173da","runId":"post-fix","timestamp":1783913479529,"hypothesisId":"L2","location":"dataplane_local.c:encrypt_to_wan","message":"split_l2_ok","data":{"frag0_wire":1500,"frag1_wire":98,"n":213504}}
{"sessionId":"0173da","runId":"post-fix","timestamp":1783913479532,"hypothesisId":"L2","location":"dataplane_local.c:encrypt_to_wan","message":"split_l2_enter","data":{"plain_len":1514,"mode":1,"frag_meta":35,"mtu":1500,"n":213760}}
{"sessionId":"0173da","runId":"post-fix","timestamp":1783913479532,"hypothesisId":"L2","location":"dataplane_local.c:encrypt_to_wan","message":"split_l2_ok","data":{"frag0_wire":1500,"frag1_wire":98,"n":213760}}
{"sessionId":"0173da","runId":"post-fix","timestamp":1783913479534,"hypothesisId":"L2","location":"dataplane_wan.c:decrypt_wan","message":"l2_full_decrypt_ok","data":{"wire_len":108,"plain_len":78,"n":53760}}
{"sessionId":"0173da","runId":"post-fix","timestamp":1783913479534,"hypothesisId":"L2","location":"dataplane_wan.c:dataplane_process_wan","message":"wan_l2_forward_ok","data":{"wire_in":108,"plain_len":78,"n":53760}}
{"sessionId":"0173da","runId":"post-fix","timestamp":1783913479544,"hypothesisId":"L2","location":"dataplane_local.c:encrypt_to_wan","message":"split_l2_enter","data":{"plain_len":1514,"mode":1,"frag_meta":35,"mtu":1500,"n":214016}}
{"sessionId":"0173da","runId":"post-fix","timestamp":1783913479544,"hypothesisId":"L2","location":"dataplane_local.c:encrypt_to_wan","message":"split_l2_ok","data":{"frag0_wire":1500,"frag1_wire":98,"n":214016}}
{"sessionId":"0173da","runId":"post-fix","timestamp":1783913479549,"hypothesisId":"L2","location":"dataplane_local.c:encrypt_to_wan","message":"split_l2_enter","data":{"plain_len":1507,"mode":1,"frag_meta":35,"mtu":1500,"n":214272}}
{"sessionId":"0173da","runId":"post-fix","timestamp":1783913479549,"hypothesisId":"L2","location":"dataplane_local.c:encrypt_to_wan","message":"split_l2_ok","data":{"frag0_wire":1500,"frag1_wire":91,"n":214272}}
{"sessionId":"0173da","runId":"post-fix","timestamp":1783913479556,"hypothesisId":"L2","location":"dataplane_local.c:encrypt_to_wan","message":"split_l2_enter","data":{"plain_len":1514,"mode":1,"frag_meta":35,"mtu":1500,"n":214528}}
{"sessionId":"0173da","runId":"post-fix","timestamp":1783913479556,"hypothesisId":"L2","location":"dataplane_local.c:encrypt_to_wan","message":"split_l2_ok","data":{"frag0_wire":1500,"frag1_wire":98,"n":214528}}
{"sessionId":"0173da","runId":"post-fix","timestamp":1783913479559,"hypothesisId":"L2","location":"dataplane_local.c:encrypt_to_wan","message":"split_l2_enter","data":{"plain_len":1514,"mode":1,"frag_meta":35,"mtu":1500,"n":214784}}
{"sessionId":"0173da","runId":"post-fix","timestamp":1783913479559,"hypothesisId":"L2","location":"dataplane_local.c:encrypt_to_wan","message":"split_l2_ok","data":{"frag0_wire":1500,"frag1_wire":98,"n":214784}}
{"sessionId":"0173da","runId":"post-fix","timestamp":1783913479564,"hypothesisId":"L2","location":"dataplane_local.c:encrypt_to_wan","message":"split_l2_enter","data":{"plain_len":1507,"mode":1,"frag_meta":35,"mtu":1500,"n":215040}}
{"sessionId":"0173da","runId":"post-fix","timestamp":1783913479564,"hypothesisId":"L2","location":"dataplane_local.c:encrypt_to_wan","message":"split_l2_ok","data":{"frag0_wire":1500,"frag1_wire":91,"n":215040}}
{"sessionId":"0173da","runId":"post-fix","timestamp":1783913479570,"hypothesisId":"L2","location":"dataplane_local.c:encrypt_to_wan","message":"split_l2_enter","data":{"plain_len":1514,"mode":1,"frag_meta":35,"mtu":1500,"n":215296}}
{"sessionId":"0173da","runId":"post-fix","timestamp":1783913479570,"hypothesisId":"L2","location":"dataplane_local.c:encrypt_to_wan","message":"split_l2_ok","data":{"frag0_wire":1500,"frag1_wire":98,"n":215296}}
{"sessionId":"0173da","runId":"post-fix","timestamp":1783913479585,"hypothesisId":"L2","location":"dataplane_local.c:encrypt_to_wan","message":"split_l2_enter","data":{"plain_len":1507,"mode":1,"frag_meta":35,"mtu":1500,"n":215552}}
{"sessionId":"0173da","runId":"post-fix","timestamp":1783913479585,"hypothesisId":"L2","location":"dataplane_local.c:encrypt_to_wan","message":"split_l2_ok","data":{"frag0_wire":1500,"frag1_wire":91,"n":215552}}
{"sessionId":"0173da","runId":"post-fix","timestamp":1783913479590,"hypothesisId":"L2","location":"dataplane_local.c:encrypt_to_wan","message":"split_l2_enter","data":{"plain_len":1514,"mode":1,"frag_meta":35,"mtu":1500,"n":215808}}
{"sessionId":"0173da","runId":"post-fix","timestamp":1783913479590,"hypothesisId":"L2","location":"dataplane_local.c:encrypt_to_wan","message":"split_l2_ok","data":{"frag0_wire":1500,"frag1_wire":98,"n":215808}}
{"sessionId":"0173da","runId":"post-fix","timestamp":1783913479600,"hypothesisId":"L2","location":"dataplane_local.c:encrypt_to_wan","message":"split_l2_enter","data":{"plain_len":1514,"mode":1,"frag_meta":35,"mtu":1500,"n":216064}}
{"sessionId":"0173da","runId":"post-fix","timestamp":1783913479600,"hypothesisId":"L2","location":"dataplane_local.c:encrypt_to_wan","message":"split_l2_ok","data":{"frag0_wire":1500,"frag1_wire":98,"n":216064}}
{"sessionId":"0173da","runId":"post-fix","timestamp":1783913479606,"hypothesisId":"L2","location":"dataplane_local.c:encrypt_to_wan","message":"split_l2_enter","data":{"plain_len":1514,"mode":1,"frag_meta":35,"mtu":1500,"n":216320}}
{"sessionId":"0173da","runId":"post-fix","timestamp":1783913479606,"hypothesisId":"L2","location":"dataplane_local.c:encrypt_to_wan","message":"split_l2_ok","data":{"frag0_wire":1500,"frag1_wire":98,"n":216320}}
{"sessionId":"0173da","runId":"post-fix","timestamp":1783913479622,"hypothesisId":"L2","location":"dataplane_local.c:encrypt_to_wan","message":"split_l2_enter","data":{"plain_len":1514,"mode":1,"frag_meta":35,"mtu":1500,"n":216576}}
{"sessionId":"0173da","runId":"post-fix","timestamp":1783913479622,"hypothesisId":"L2","location":"dataplane_local.c:encrypt_to_wan","message":"split_l2_ok","data":{"frag0_wire":1500,"frag1_wire":98,"n":216576}}
{"sessionId":"0173da","runId":"post-fix","timestamp":1783913479629,"hypothesisId":"L2","location":"dataplane_local.c:encrypt_to_wan","message":"split_l2_enter","data":{"plain_len":1514,"mode":1,"frag_meta":35,"mtu":1500,"n":216832}}
{"sessionId":"0173da","runId":"post-fix","timestamp":1783913479630,"hypothesisId":"L2","location":"dataplane_local.c:encrypt_to_wan","message":"split_l2_ok","data":{"frag0_wire":1500,"frag1_wire":98,"n":216832}}
{"sessionId":"0173da","runId":"post-fix","timestamp":1783913479645,"hypothesisId":"L2","location":"dataplane_local.c:encrypt_to_wan","message":"split_l2_enter","data":{"plain_len":1514,"mode":1,"frag_meta":35,"mtu":1500,"n":217088}}
{"sessionId":"0173da","runId":"post-fix","timestamp":1783913479646,"hypothesisId":"L2","location":"dataplane_local.c:encrypt_to_wan","message":"split_l2_ok","data":{"frag0_wire":1500,"frag1_wire":98,"n":217088}}
{"sessionId":"0173da","runId":"post-fix","timestamp":1783913479656,"hypothesisId":"L2","location":"dataplane_local.c:encrypt_to_wan","message":"split_l2_enter","data":{"plain_len":1514,"mode":1,"frag_meta":35,"mtu":1500,"n":217344}}
{"sessionId":"0173da","runId":"post-fix","timestamp":1783913479656,"hypothesisId":"L2","location":"dataplane_local.c:encrypt_to_wan","message":"split_l2_ok","data":{"frag0_wire":1500,"frag1_wire":98,"n":217344}}
{"sessionId":"0173da","runId":"post-fix","timestamp":1783913479672,"hypothesisId":"L2","location":"dataplane_local.c:encrypt_to_wan","message":"split_l2_enter","data":{"plain_len":1514,"mode":1,"frag_meta":35,"mtu":1500,"n":217600}}
{"sessionId":"0173da","runId":"post-fix","timestamp":1783913479672,"hypothesisId":"L2","location":"dataplane_local.c:encrypt_to_wan","message":"split_l2_ok","data":{"frag0_wire":1500,"frag1_wire":98,"n":217600}}
{"sessionId":"0173da","runId":"post-fix","timestamp":1783913479694,"hypothesisId":"L2","location":"dataplane_local.c:encrypt_to_wan","message":"split_l2_enter","data":{"plain_len":1514,"mode":1,"frag_meta":35,"mtu":1500,"n":217856}}
{"sessionId":"0173da","runId":"post-fix","timestamp":1783913479695,"hypothesisId":"L2","location":"dataplane_local.c:encrypt_to_wan","message":"split_l2_ok","data":{"frag0_wire":1500,"frag1_wire":98,"n":217856}}
{"sessionId":"0173da","runId":"post-fix","timestamp":1783913479712,"hypothesisId":"L2","location":"dataplane_local.c:encrypt_to_wan","message":"split_l2_enter","data":{"plain_len":1514,"mode":1,"frag_meta":35,"mtu":1500,"n":218112}}
{"sessionId":"0173da","runId":"post-fix","timestamp":1783913479712,"hypothesisId":"L2","location":"dataplane_local.c:encrypt_to_wan","message":"split_l2_ok","data":{"frag0_wire":1500,"frag1_wire":98,"n":218112}}
{"sessionId":"0173da","runId":"post-fix","timestamp":1783913479738,"hypothesisId":"L2","location":"dataplane_local.c:encrypt_to_wan","message":"split_l2_enter","data":{"plain_len":1514,"mode":1,"frag_meta":35,"mtu":1500,"n":218368}}
{"sessionId":"0173da","runId":"post-fix","timestamp":1783913479738,"hypothesisId":"L2","location":"dataplane_local.c:encrypt_to_wan","message":"split_l2_ok","data":{"frag0_wire":1500,"frag1_wire":98,"n":218368}}
{"sessionId":"0173da","runId":"post-fix","timestamp":1783913479754,"hypothesisId":"L2","location":"dataplane_local.c:encrypt_to_wan","message":"split_l2_enter","data":{"plain_len":1514,"mode":1,"frag_meta":35,"mtu":1500,"n":218624}}
{"sessionId":"0173da","runId":"post-fix","timestamp":1783913479754,"hypothesisId":"L2","location":"dataplane_local.c:encrypt_to_wan","message":"split_l2_ok","data":{"frag0_wire":1500,"frag1_wire":98,"n":218624}}
{"sessionId":"0173da","runId":"post-fix","timestamp":1783913479770,"hypothesisId":"L2","location":"dataplane_wan.c:decrypt_wan","message":"l2_full_decrypt_ok","data":{"wire_len":108,"plain_len":78,"n":54272}}
{"sessionId":"0173da","runId":"post-fix","timestamp":1783913479770,"hypothesisId":"L2","location":"dataplane_wan.c:dataplane_process_wan","message":"wan_l2_forward_ok","data":{"wire_in":108,"plain_len":78,"n":54272}}
{"sessionId":"0173da","runId":"post-fix","timestamp":1783913479777,"hypothesisId":"L2","location":"dataplane_local.c:encrypt_to_wan","message":"split_l2_enter","data":{"plain_len":1514,"mode":1,"frag_meta":35,"mtu":1500,"n":218880}}
{"sessionId":"0173da","runId":"post-fix","timestamp":1783913479777,"hypothesisId":"L2","location":"dataplane_local.c:encrypt_to_wan","message":"split_l2_ok","data":{"frag0_wire":1500,"frag1_wire":98,"n":218880}}
{"sessionId":"0173da","runId":"post-fix","timestamp":1783913479797,"hypothesisId":"L2","location":"dataplane_local.c:encrypt_to_wan","message":"split_l2_enter","data":{"plain_len":1507,"mode":1,"frag_meta":35,"mtu":1500,"n":219136}}
{"sessionId":"0173da","runId":"post-fix","timestamp":1783913479797,"hypothesisId":"L2","location":"dataplane_local.c:encrypt_to_wan","message":"split_l2_ok","data":{"frag0_wire":1500,"frag1_wire":91,"n":219136}}
{"sessionId":"0173da","runId":"post-fix","timestamp":1783913479814,"hypothesisId":"L2","location":"dataplane_local.c:encrypt_to_wan","message":"split_l2_enter","data":{"plain_len":1514,"mode":1,"frag_meta":35,"mtu":1500,"n":219392}}
{"sessionId":"0173da","runId":"post-fix","timestamp":1783913479814,"hypothesisId":"L2","location":"dataplane_local.c:encrypt_to_wan","message":"split_l2_ok","data":{"frag0_wire":1500,"frag1_wire":98,"n":219392}}
{"sessionId":"0173da","runId":"post-fix","timestamp":1783913479839,"hypothesisId":"L2","location":"dataplane_local.c:encrypt_to_wan","message":"split_l2_enter","data":{"plain_len":1514,"mode":1,"frag_meta":35,"mtu":1500,"n":219648}}
{"sessionId":"0173da","runId":"post-fix","timestamp":1783913479839,"hypothesisId":"L2","location":"dataplane_local.c:encrypt_to_wan","message":"split_l2_ok","data":{"frag0_wire":1500,"frag1_wire":98,"n":219648}}
{"sessionId":"0173da","runId":"post-fix","timestamp":1783913479866,"hypothesisId":"L2","location":"dataplane_local.c:encrypt_to_wan","message":"split_l2_enter","data":{"plain_len":1507,"mode":1,"frag_meta":35,"mtu":1500,"n":219904}}
{"sessionId":"0173da","runId":"post-fix","timestamp":1783913479866,"hypothesisId":"L2","location":"dataplane_local.c:encrypt_to_wan","message":"split_l2_ok","data":{"frag0_wire":1500,"frag1_wire":91,"n":219904}}
{"sessionId":"0173da","runId":"post-fix","timestamp":1783913479901,"hypothesisId":"L2","location":"dataplane_local.c:encrypt_to_wan","message":"encrypt_l2_full_ok","data":{"plain_len":1461,"wire_len":1491,"mode":1,"n":4608}}
{"sessionId":"0173da","runId":"post-fix","timestamp":1783913479903,"hypothesisId":"L2","location":"dataplane_local.c:encrypt_to_wan","message":"split_l2_enter","data":{"plain_len":1507,"mode":1,"frag_meta":35,"mtu":1500,"n":220160}}
{"sessionId":"0173da","runId":"post-fix","timestamp":1783913479903,"hypothesisId":"L2","location":"dataplane_local.c:encrypt_to_wan","message":"split_l2_ok","data":{"frag0_wire":1500,"frag1_wire":91,"n":220160}}
{"sessionId":"0173da","runId":"post-fix","timestamp":1783913479942,"hypothesisId":"L2","location":"dataplane_local.c:encrypt_to_wan","message":"split_l2_enter","data":{"plain_len":1514,"mode":1,"frag_meta":35,"mtu":1500,"n":220416}}
{"sessionId":"0173da","runId":"post-fix","timestamp":1783913479943,"hypothesisId":"L2","location":"dataplane_local.c:encrypt_to_wan","message":"split_l2_ok","data":{"frag0_wire":1500,"frag1_wire":98,"n":220416}}
{"sessionId":"0173da","runId":"post-fix","timestamp":1783913480003,"hypothesisId":"L2","location":"dataplane_local.c:encrypt_to_wan","message":"split_l2_enter","data":{"plain_len":1514,"mode":1,"frag_meta":35,"mtu":1500,"n":220672}}
{"sessionId":"0173da","runId":"post-fix","timestamp":1783913480003,"hypothesisId":"L2","location":"dataplane_local.c:encrypt_to_wan","message":"split_l2_ok","data":{"frag0_wire":1500,"frag1_wire":98,"n":220672}}
{"sessionId":"0173da","runId":"post-fix","timestamp":1783913480055,"hypothesisId":"L2","location":"dataplane_local.c:encrypt_to_wan","message":"split_l2_enter","data":{"plain_len":1514,"mode":1,"frag_meta":35,"mtu":1500,"n":220928}}
{"sessionId":"0173da","runId":"post-fix","timestamp":1783913480055,"hypothesisId":"L2","location":"dataplane_local.c:encrypt_to_wan","message":"split_l2_ok","data":{"frag0_wire":1500,"frag1_wire":98,"n":220928}}
{"sessionId":"0173da","runId":"post-fix","timestamp":1783913480071,"hypothesisId":"L2","location":"dataplane_local.c:encrypt_to_wan","message":"split_l2_enter","data":{"plain_len":1514,"mode":1,"frag_meta":35,"mtu":1500,"n":221184}}
{"sessionId":"0173da","runId":"post-fix","timestamp":1783913480071,"hypothesisId":"L2","location":"dataplane_local.c:encrypt_to_wan","message":"split_l2_ok","data":{"frag0_wire":1500,"frag1_wire":98,"n":221184}}
{"sessionId":"0173da","runId":"post-fix","timestamp":1783913480073,"hypothesisId":"L2","location":"dataplane_local.c:encrypt_to_wan","message":"split_l2_enter","data":{"plain_len":1514,"mode":1,"frag_meta":35,"mtu":1500,"n":221440}}
{"sessionId":"0173da","runId":"post-fix","timestamp":1783913480073,"hypothesisId":"L2","location":"dataplane_local.c:encrypt_to_wan","message":"split_l2_ok","data":{"frag0_wire":1500,"frag1_wire":98,"n":221440}}
{"sessionId":"0173da","runId":"post-fix","timestamp":1783913480074,"hypothesisId":"L2","location":"dataplane_local.c:encrypt_to_wan","message":"split_l2_enter","data":{"plain_len":1514,"mode":1,"frag_meta":35,"mtu":1500,"n":221696}}
{"sessionId":"0173da","runId":"post-fix","timestamp":1783913480074,"hypothesisId":"L2","location":"dataplane_local.c:encrypt_to_wan","message":"split_l2_ok","data":{"frag0_wire":1500,"frag1_wire":98,"n":221696}}
{"sessionId":"0173da","runId":"post-fix","timestamp":1783913480076,"hypothesisId":"L2","location":"dataplane_local.c:encrypt_to_wan","message":"split_l2_enter","data":{"plain_len":1507,"mode":1,"frag_meta":35,"mtu":1500,"n":221952}}
{"sessionId":"0173da","runId":"post-fix","timestamp":1783913480076,"hypothesisId":"L2","location":"dataplane_local.c:encrypt_to_wan","message":"split_l2_ok","data":{"frag0_wire":1500,"frag1_wire":91,"n":221952}}
{"sessionId":"0173da","runId":"post-fix","timestamp":1783913480076,"hypothesisId":"L2","location":"dataplane_wan.c:decrypt_wan","message":"l2_full_decrypt_ok","data":{"wire_len":96,"plain_len":66,"n":54784}}
{"sessionId":"0173da","runId":"post-fix","timestamp":1783913480076,"hypothesisId":"L2","location":"dataplane_wan.c:dataplane_process_wan","message":"wan_l2_forward_ok","data":{"wire_in":96,"plain_len":66,"n":54784}}
{"sessionId":"0173da","runId":"post-fix","timestamp":1783913480077,"hypothesisId":"L2","location":"dataplane_local.c:encrypt_to_wan","message":"split_l2_enter","data":{"plain_len":1514,"mode":1,"frag_meta":35,"mtu":1500,"n":222208}}
{"sessionId":"0173da","runId":"post-fix","timestamp":1783913480077,"hypothesisId":"L2","location":"dataplane_local.c:encrypt_to_wan","message":"split_l2_ok","data":{"frag0_wire":1500,"frag1_wire":98,"n":222208}}
{"sessionId":"0173da","runId":"post-fix","timestamp":1783913480078,"hypothesisId":"L2","location":"dataplane_local.c:encrypt_to_wan","message":"split_l2_enter","data":{"plain_len":1514,"mode":1,"frag_meta":35,"mtu":1500,"n":222464}}
{"sessionId":"0173da","runId":"post-fix","timestamp":1783913480079,"hypothesisId":"L2","location":"dataplane_local.c:encrypt_to_wan","message":"split_l2_ok","data":{"frag0_wire":1500,"frag1_wire":98,"n":222464}}
{"sessionId":"0173da","runId":"post-fix","timestamp":1783913480080,"hypothesisId":"L2","location":"dataplane_local.c:encrypt_to_wan","message":"split_l2_enter","data":{"plain_len":1514,"mode":1,"frag_meta":35,"mtu":1500,"n":222720}}
{"sessionId":"0173da","runId":"post-fix","timestamp":1783913480080,"hypothesisId":"L2","location":"dataplane_local.c:encrypt_to_wan","message":"split_l2_ok","data":{"frag0_wire":1500,"frag1_wire":98,"n":222720}}
{"sessionId":"0173da","runId":"post-fix","timestamp":1783913480081,"hypothesisId":"L2","location":"dataplane_local.c:encrypt_to_wan","message":"split_l2_enter","data":{"plain_len":1514,"mode":1,"frag_meta":35,"mtu":1500,"n":222976}}
{"sessionId":"0173da","runId":"post-fix","timestamp":1783913480081,"hypothesisId":"L2","location":"dataplane_local.c:encrypt_to_wan","message":"split_l2_ok","data":{"frag0_wire":1500,"frag1_wire":98,"n":222976}}
{"sessionId":"0173da","runId":"post-fix","timestamp":1783913480085,"hypothesisId":"L2","location":"dataplane_local.c:encrypt_to_wan","message":"split_l2_enter","data":{"plain_len":1514,"mode":1,"frag_meta":35,"mtu":1500,"n":223232}}
{"sessionId":"0173da","runId":"post-fix","timestamp":1783913480085,"hypothesisId":"L2","location":"dataplane_local.c:encrypt_to_wan","message":"split_l2_ok","data":{"frag0_wire":1500,"frag1_wire":98,"n":223232}}
{"sessionId":"0173da","runId":"post-fix","timestamp":1783913480086,"hypothesisId":"L2","location":"dataplane_local.c:encrypt_to_wan","message":"split_l2_enter","data":{"plain_len":1514,"mode":1,"frag_meta":35,"mtu":1500,"n":223488}}
{"sessionId":"0173da","runId":"post-fix","timestamp":1783913480086,"hypothesisId":"L2","location":"dataplane_local.c:encrypt_to_wan","message":"split_l2_ok","data":{"frag0_wire":1500,"frag1_wire":98,"n":223488}}
{"sessionId":"0173da","runId":"post-fix","timestamp":1783913480087,"hypothesisId":"L2","location":"dataplane_local.c:encrypt_to_wan","message":"split_l2_enter","data":{"plain_len":1514,"mode":1,"frag_meta":35,"mtu":1500,"n":223744}}
{"sessionId":"0173da","runId":"post-fix","timestamp":1783913480087,"hypothesisId":"L2","location":"dataplane_local.c:encrypt_to_wan","message":"split_l2_ok","data":{"frag0_wire":1500,"frag1_wire":98,"n":223744}}
{"sessionId":"0173da","runId":"post-fix","timestamp":1783913480089,"hypothesisId":"L2","location":"dataplane_local.c:encrypt_to_wan","message":"split_l2_enter","data":{"plain_len":1514,"mode":1,"frag_meta":35,"mtu":1500,"n":224000}}
{"sessionId":"0173da","runId":"post-fix","timestamp":1783913480089,"hypothesisId":"L2","location":"dataplane_local.c:encrypt_to_wan","message":"split_l2_ok","data":{"frag0_wire":1500,"frag1_wire":98,"n":224000}}
{"sessionId":"0173da","runId":"post-fix","timestamp":1783913480090,"hypothesisId":"L2","location":"dataplane_local.c:encrypt_to_wan","message":"split_l2_enter","data":{"plain_len":1514,"mode":1,"frag_meta":35,"mtu":1500,"n":224256}}
{"sessionId":"0173da","runId":"post-fix","timestamp":1783913480090,"hypothesisId":"L2","location":"dataplane_local.c:encrypt_to_wan","message":"split_l2_ok","data":{"frag0_wire":1500,"frag1_wire":98,"n":224256}}
{"sessionId":"0173da","runId":"post-fix","timestamp":1783913480091,"hypothesisId":"L2","location":"dataplane_local.c:encrypt_to_wan","message":"split_l2_enter","data":{"plain_len":1507,"mode":1,"frag_meta":35,"mtu":1500,"n":224512}}
{"sessionId":"0173da","runId":"post-fix","timestamp":1783913480091,"hypothesisId":"L2","location":"dataplane_local.c:encrypt_to_wan","message":"split_l2_ok","data":{"frag0_wire":1500,"frag1_wire":91,"n":224512}}
{"sessionId":"0173da","runId":"post-fix","timestamp":1783913480092,"hypothesisId":"L2","location":"dataplane_wan.c:decrypt_wan","message":"l2_full_decrypt_ok","data":{"wire_len":108,"plain_len":78,"n":55296}}
{"sessionId":"0173da","runId":"post-fix","timestamp":1783913480092,"hypothesisId":"L2","location":"dataplane_wan.c:dataplane_process_wan","message":"wan_l2_forward_ok","data":{"wire_in":108,"plain_len":78,"n":55296}}
{"sessionId":"0173da","runId":"post-fix","timestamp":1783913480092,"hypothesisId":"L2","location":"dataplane_local.c:encrypt_to_wan","message":"split_l2_enter","data":{"plain_len":1514,"mode":1,"frag_meta":35,"mtu":1500,"n":224768}}
{"sessionId":"0173da","runId":"post-fix","timestamp":1783913480092,"hypothesisId":"L2","location":"dataplane_local.c:encrypt_to_wan","message":"split_l2_ok","data":{"frag0_wire":1500,"frag1_wire":98,"n":224768}}
{"sessionId":"0173da","runId":"post-fix","timestamp":1783913480094,"hypothesisId":"L2","location":"dataplane_local.c:encrypt_to_wan","message":"split_l2_enter","data":{"plain_len":1514,"mode":1,"frag_meta":35,"mtu":1500,"n":225024}}
{"sessionId":"0173da","runId":"post-fix","timestamp":1783913480094,"hypothesisId":"L2","location":"dataplane_local.c:encrypt_to_wan","message":"split_l2_ok","data":{"frag0_wire":1500,"frag1_wire":98,"n":225024}}
{"sessionId":"0173da","runId":"post-fix","timestamp":1783913480095,"hypothesisId":"L2","location":"dataplane_local.c:encrypt_to_wan","message":"split_l2_enter","data":{"plain_len":1507,"mode":1,"frag_meta":35,"mtu":1500,"n":225280}}
{"sessionId":"0173da","runId":"post-fix","timestamp":1783913480095,"hypothesisId":"L2","location":"dataplane_local.c:encrypt_to_wan","message":"split_l2_ok","data":{"frag0_wire":1500,"frag1_wire":91,"n":225280}}
{"sessionId":"0173da","runId":"post-fix","timestamp":1783913480096,"hypothesisId":"L2","location":"dataplane_local.c:encrypt_to_wan","message":"split_l2_enter","data":{"plain_len":1514,"mode":1,"frag_meta":35,"mtu":1500,"n":225536}}
{"sessionId":"0173da","runId":"post-fix","timestamp":1783913480097,"hypothesisId":"L2","location":"dataplane_local.c:encrypt_to_wan","message":"split_l2_ok","data":{"frag0_wire":1500,"frag1_wire":98,"n":225536}}
{"sessionId":"0173da","runId":"post-fix","timestamp":1783913480098,"hypothesisId":"L2","location":"dataplane_local.c:encrypt_to_wan","message":"split_l2_enter","data":{"plain_len":1514,"mode":1,"frag_meta":35,"mtu":1500,"n":225792}}
{"sessionId":"0173da","runId":"post-fix","timestamp":1783913480098,"hypothesisId":"L2","location":"dataplane_local.c:encrypt_to_wan","message":"split_l2_ok","data":{"frag0_wire":1500,"frag1_wire":98,"n":225792}}
{"sessionId":"0173da","runId":"post-fix","timestamp":1783913480099,"hypothesisId":"L2","location":"dataplane_local.c:encrypt_to_wan","message":"split_l2_enter","data":{"plain_len":1514,"mode":1,"frag_meta":35,"mtu":1500,"n":226048}}
{"sessionId":"0173da","runId":"post-fix","timestamp":1783913480099,"hypothesisId":"L2","location":"dataplane_local.c:encrypt_to_wan","message":"split_l2_ok","data":{"frag0_wire":1500,"frag1_wire":98,"n":226048}}
{"sessionId":"0173da","runId":"post-fix","timestamp":1783913480100,"hypothesisId":"L2","location":"dataplane_local.c:encrypt_to_wan","message":"split_l2_enter","data":{"plain_len":1514,"mode":1,"frag_meta":35,"mtu":1500,"n":226304}}
{"sessionId":"0173da","runId":"post-fix","timestamp":1783913480100,"hypothesisId":"L2","location":"dataplane_local.c:encrypt_to_wan","message":"split_l2_ok","data":{"frag0_wire":1500,"frag1_wire":98,"n":226304}}
{"sessionId":"0173da","runId":"post-fix","timestamp":1783913480101,"hypothesisId":"L2","location":"dataplane_local.c:encrypt_to_wan","message":"split_l2_enter","data":{"plain_len":1514,"mode":1,"frag_meta":35,"mtu":1500,"n":226560}}
{"sessionId":"0173da","runId":"post-fix","timestamp":1783913480101,"hypothesisId":"L2","location":"dataplane_local.c:encrypt_to_wan","message":"split_l2_ok","data":{"frag0_wire":1500,"frag1_wire":98,"n":226560}}
{"sessionId":"0173da","runId":"post-fix","timestamp":1783913480103,"hypothesisId":"L2","location":"dataplane_local.c:encrypt_to_wan","message":"split_l2_enter","data":{"plain_len":1514,"mode":1,"frag_meta":35,"mtu":1500,"n":226816}}
{"sessionId":"0173da","runId":"post-fix","timestamp":1783913480103,"hypothesisId":"L2","location":"dataplane_local.c:encrypt_to_wan","message":"split_l2_ok","data":{"frag0_wire":1500,"frag1_wire":98,"n":226816}}
{"sessionId":"0173da","runId":"post-fix","timestamp":1783913480104,"hypothesisId":"L2","location":"dataplane_local.c:encrypt_to_wan","message":"split_l2_enter","data":{"plain_len":1514,"mode":1,"frag_meta":35,"mtu":1500,"n":227072}}
{"sessionId":"0173da","runId":"post-fix","timestamp":1783913480104,"hypothesisId":"L2","location":"dataplane_local.c:encrypt_to_wan","message":"split_l2_ok","data":{"frag0_wire":1500,"frag1_wire":98,"n":227072}}
{"sessionId":"0173da","runId":"post-fix","timestamp":1783913480105,"hypothesisId":"L2","location":"dataplane_local.c:encrypt_to_wan","message":"split_l2_enter","data":{"plain_len":1514,"mode":1,"frag_meta":35,"mtu":1500,"n":227328}}
{"sessionId":"0173da","runId":"post-fix","timestamp":1783913480105,"hypothesisId":"L2","location":"dataplane_local.c:encrypt_to_wan","message":"split_l2_ok","data":{"frag0_wire":1500,"frag1_wire":98,"n":227328}}
{"sessionId":"0173da","runId":"post-fix","timestamp":1783913480106,"hypothesisId":"L2","location":"dataplane_wan.c:dataplane_process_wan","message":"wan_l2_forward_ok","data":{"wire_in":108,"plain_len":78,"n":55808}}
{"sessionId":"0173da","runId":"post-fix","timestamp":1783913480106,"hypothesisId":"L2","location":"dataplane_wan.c:decrypt_wan","message":"l2_full_decrypt_ok","data":{"wire_len":96,"plain_len":66,"n":55808}}
{"sessionId":"0173da","runId":"post-fix","timestamp":1783913480106,"hypothesisId":"L2","location":"dataplane_local.c:encrypt_to_wan","message":"split_l2_enter","data":{"plain_len":1514,"mode":1,"frag_meta":35,"mtu":1500,"n":227584}}
{"sessionId":"0173da","runId":"post-fix","timestamp":1783913480106,"hypothesisId":"L2","location":"dataplane_local.c:encrypt_to_wan","message":"split_l2_ok","data":{"frag0_wire":1500,"frag1_wire":98,"n":227584}}
{"sessionId":"0173da","runId":"post-fix","timestamp":1783913480108,"hypothesisId":"L2","location":"dataplane_local.c:encrypt_to_wan","message":"split_l2_enter","data":{"plain_len":1507,"mode":1,"frag_meta":35,"mtu":1500,"n":227840}}
{"sessionId":"0173da","runId":"post-fix","timestamp":1783913480108,"hypothesisId":"L2","location":"dataplane_local.c:encrypt_to_wan","message":"split_l2_ok","data":{"frag0_wire":1500,"frag1_wire":91,"n":227840}}
{"sessionId":"0173da","runId":"post-fix","timestamp":1783913480109,"hypothesisId":"L2","location":"dataplane_local.c:encrypt_to_wan","message":"split_l2_enter","data":{"plain_len":1514,"mode":1,"frag_meta":35,"mtu":1500,"n":228096}}
{"sessionId":"0173da","runId":"post-fix","timestamp":1783913480109,"hypothesisId":"L2","location":"dataplane_local.c:encrypt_to_wan","message":"split_l2_ok","data":{"frag0_wire":1500,"frag1_wire":98,"n":228096}}
{"sessionId":"0173da","runId":"post-fix","timestamp":1783913480110,"hypothesisId":"L2","location":"dataplane_local.c:encrypt_to_wan","message":"split_l2_enter","data":{"plain_len":1514,"mode":1,"frag_meta":35,"mtu":1500,"n":228352}}
{"sessionId":"0173da","runId":"post-fix","timestamp":1783913480110,"hypothesisId":"L2","location":"dataplane_local.c:encrypt_to_wan","message":"split_l2_ok","data":{"frag0_wire":1500,"frag1_wire":98,"n":228352}}
{"sessionId":"0173da","runId":"post-fix","timestamp":1783913480112,"hypothesisId":"L2","location":"dataplane_local.c:encrypt_to_wan","message":"split_l2_enter","data":{"plain_len":1514,"mode":1,"frag_meta":35,"mtu":1500,"n":228608}}
{"sessionId":"0173da","runId":"post-fix","timestamp":1783913480112,"hypothesisId":"L2","location":"dataplane_local.c:encrypt_to_wan","message":"split_l2_ok","data":{"frag0_wire":1500,"frag1_wire":98,"n":228608}}
{"sessionId":"0173da","runId":"post-fix","timestamp":1783913480115,"hypothesisId":"L2","location":"dataplane_local.c:encrypt_to_wan","message":"split_l2_enter","data":{"plain_len":1514,"mode":1,"frag_meta":35,"mtu":1500,"n":228864}}
{"sessionId":"0173da","runId":"post-fix","timestamp":1783913480115,"hypothesisId":"L2","location":"dataplane_local.c:encrypt_to_wan","message":"split_l2_ok","data":{"frag0_wire":1500,"frag1_wire":98,"n":228864}}
{"sessionId":"0173da","runId":"post-fix","timestamp":1783913480118,"hypothesisId":"L2","location":"dataplane_local.c:encrypt_to_wan","message":"split_l2_enter","data":{"plain_len":1507,"mode":1,"frag_meta":35,"mtu":1500,"n":229120}}
{"sessionId":"0173da","runId":"post-fix","timestamp":1783913480118,"hypothesisId":"L2","location":"dataplane_local.c:encrypt_to_wan","message":"split_l2_ok","data":{"frag0_wire":1500,"frag1_wire":91,"n":229120}}
{"sessionId":"0173da","runId":"post-fix","timestamp":1783913480121,"hypothesisId":"L2","location":"dataplane_local.c:encrypt_to_wan","message":"split_l2_enter","data":{"plain_len":1514,"mode":1,"frag_meta":35,"mtu":1500,"n":229376}}
{"sessionId":"0173da","runId":"post-fix","timestamp":1783913480121,"hypothesisId":"L2","location":"dataplane_local.c:encrypt_to_wan","message":"split_l2_ok","data":{"frag0_wire":1500,"frag1_wire":98,"n":229376}}
{"sessionId":"0173da","runId":"post-fix","timestamp":1783913480125,"hypothesisId":"L2","location":"dataplane_local.c:encrypt_to_wan","message":"split_l2_enter","data":{"plain_len":1514,"mode":1,"frag_meta":35,"mtu":1500,"n":229632}}
{"sessionId":"0173da","runId":"post-fix","timestamp":1783913480125,"hypothesisId":"L2","location":"dataplane_local.c:encrypt_to_wan","message":"split_l2_ok","data":{"frag0_wire":1500,"frag1_wire":98,"n":229632}}
{"sessionId":"0173da","runId":"post-fix","timestamp":1783913480127,"hypothesisId":"L2","location":"dataplane_local.c:encrypt_to_wan","message":"split_l2_enter","data":{"plain_len":1514,"mode":1,"frag_meta":35,"mtu":1500,"n":229888}}
{"sessionId":"0173da","runId":"post-fix","timestamp":1783913480127,"hypothesisId":"L2","location":"dataplane_local.c:encrypt_to_wan","message":"split_l2_ok","data":{"frag0_wire":1500,"frag1_wire":98,"n":229888}}
{"sessionId":"0173da","runId":"post-fix","timestamp":1783913480127,"hypothesisId":"L2","location":"dataplane_local.c:encrypt_to_wan","message":"encrypt_l2_full_ok","data":{"plain_len":250,"wire_len":280,"mode":1,"n":5120}}
{"sessionId":"0173da","runId":"post-fix","timestamp":1783913480128,"hypothesisId":"L2","location":"dataplane_local.c:encrypt_to_wan","message":"split_l2_enter","data":{"plain_len":1514,"mode":1,"frag_meta":35,"mtu":1500,"n":230144}}
{"sessionId":"0173da","runId":"post-fix","timestamp":1783913480128,"hypothesisId":"L2","location":"dataplane_local.c:encrypt_to_wan","message":"split_l2_ok","data":{"frag0_wire":1500,"frag1_wire":98,"n":230144}}
{"sessionId":"0173da","runId":"post-fix","timestamp":1783913480129,"hypothesisId":"L2","location":"dataplane_local.c:encrypt_to_wan","message":"split_l2_enter","data":{"plain_len":1514,"mode":1,"frag_meta":35,"mtu":1500,"n":230400}}
{"sessionId":"0173da","runId":"post-fix","timestamp":1783913480129,"hypothesisId":"L2","location":"dataplane_local.c:encrypt_to_wan","message":"split_l2_ok","data":{"frag0_wire":1500,"frag1_wire":98,"n":230400}}
{"sessionId":"0173da","runId":"post-fix","timestamp":1783913480130,"hypothesisId":"L2","location":"dataplane_wan.c:decrypt_wan","message":"l2_full_decrypt_ok","data":{"wire_len":96,"plain_len":66,"n":56320}}
{"sessionId":"0173da","runId":"post-fix","timestamp":1783913480130,"hypothesisId":"L2","location":"dataplane_wan.c:dataplane_process_wan","message":"wan_l2_forward_ok","data":{"wire_in":96,"plain_len":66,"n":56320}}
{"sessionId":"0173da","runId":"post-fix","timestamp":1783913480130,"hypothesisId":"L2","location":"dataplane_local.c:encrypt_to_wan","message":"split_l2_enter","data":{"plain_len":1514,"mode":1,"frag_meta":35,"mtu":1500,"n":230656}}
{"sessionId":"0173da","runId":"post-fix","timestamp":1783913480131,"hypothesisId":"L2","location":"dataplane_local.c:encrypt_to_wan","message":"split_l2_ok","data":{"frag0_wire":1500,"frag1_wire":98,"n":230656}}
{"sessionId":"0173da","runId":"post-fix","timestamp":1783913480132,"hypothesisId":"L2","location":"dataplane_local.c:encrypt_to_wan","message":"split_l2_enter","data":{"plain_len":1514,"mode":1,"frag_meta":35,"mtu":1500,"n":230912}}
{"sessionId":"0173da","runId":"post-fix","timestamp":1783913480132,"hypothesisId":"L2","location":"dataplane_local.c:encrypt_to_wan","message":"split_l2_ok","data":{"frag0_wire":1500,"frag1_wire":98,"n":230912}}
{"sessionId":"0173da","runId":"post-fix","timestamp":1783913480133,"hypothesisId":"L2","location":"dataplane_local.c:encrypt_to_wan","message":"split_l2_enter","data":{"plain_len":1514,"mode":1,"frag_meta":35,"mtu":1500,"n":231168}}
{"sessionId":"0173da","runId":"post-fix","timestamp":1783913480133,"hypothesisId":"L2","location":"dataplane_local.c:encrypt_to_wan","message":"split_l2_ok","data":{"frag0_wire":1500,"frag1_wire":98,"n":231168}}
{"sessionId":"0173da","runId":"post-fix","timestamp":1783913480134,"hypothesisId":"L2","location":"dataplane_local.c:encrypt_to_wan","message":"split_l2_enter","data":{"plain_len":1507,"mode":1,"frag_meta":35,"mtu":1500,"n":231424}}
{"sessionId":"0173da","runId":"post-fix","timestamp":1783913480134,"hypothesisId":"L2","location":"dataplane_local.c:encrypt_to_wan","message":"split_l2_ok","data":{"frag0_wire":1500,"frag1_wire":91,"n":231424}}
{"sessionId":"0173da","runId":"post-fix","timestamp":1783913480135,"hypothesisId":"L2","location":"dataplane_local.c:encrypt_to_wan","message":"split_l2_enter","data":{"plain_len":1507,"mode":1,"frag_meta":35,"mtu":1500,"n":231680}}
{"sessionId":"0173da","runId":"post-fix","timestamp":1783913480136,"hypothesisId":"L2","location":"dataplane_local.c:encrypt_to_wan","message":"split_l2_ok","data":{"frag0_wire":1500,"frag1_wire":91,"n":231680}}
{"sessionId":"0173da","runId":"post-fix","timestamp":1783913480137,"hypothesisId":"L2","location":"dataplane_local.c:encrypt_to_wan","message":"split_l2_enter","data":{"plain_len":1514,"mode":1,"frag_meta":35,"mtu":1500,"n":231936}}
{"sessionId":"0173da","runId":"post-fix","timestamp":1783913480137,"hypothesisId":"L2","location":"dataplane_local.c:encrypt_to_wan","message":"split_l2_ok","data":{"frag0_wire":1500,"frag1_wire":98,"n":231936}}
{"sessionId":"0173da","runId":"post-fix","timestamp":1783913480137,"hypothesisId":"L2","location":"dataplane_wan.c:decrypt_wan","message":"l2_full_decrypt_ok","data":{"wire_len":96,"plain_len":66,"n":56832}}
{"sessionId":"0173da","runId":"post-fix","timestamp":1783913480137,"hypothesisId":"L2","location":"dataplane_wan.c:dataplane_process_wan","message":"wan_l2_forward_ok","data":{"wire_in":96,"plain_len":66,"n":56832}}
{"sessionId":"0173da","runId":"post-fix","timestamp":1783913480138,"hypothesisId":"L2","location":"dataplane_local.c:encrypt_to_wan","message":"split_l2_enter","data":{"plain_len":1514,"mode":1,"frag_meta":35,"mtu":1500,"n":232192}}
{"sessionId":"0173da","runId":"post-fix","timestamp":1783913480138,"hypothesisId":"L2","location":"dataplane_local.c:encrypt_to_wan","message":"split_l2_ok","data":{"frag0_wire":1500,"frag1_wire":98,"n":232192}}
{"sessionId":"0173da","runId":"post-fix","timestamp":1783913480139,"hypothesisId":"L2","location":"dataplane_local.c:encrypt_to_wan","message":"split_l2_enter","data":{"plain_len":1514,"mode":1,"frag_meta":35,"mtu":1500,"n":232448}}
{"sessionId":"0173da","runId":"post-fix","timestamp":1783913480140,"hypothesisId":"L2","location":"dataplane_local.c:encrypt_to_wan","message":"split_l2_ok","data":{"frag0_wire":1500,"frag1_wire":98,"n":232448}}
{"sessionId":"0173da","runId":"post-fix","timestamp":1783913480141,"hypothesisId":"L2","location":"dataplane_local.c:encrypt_to_wan","message":"split_l2_enter","data":{"plain_len":1514,"mode":1,"frag_meta":35,"mtu":1500,"n":232704}}
{"sessionId":"0173da","runId":"post-fix","timestamp":1783913480141,"hypothesisId":"L2","location":"dataplane_local.c:encrypt_to_wan","message":"split_l2_ok","data":{"frag0_wire":1500,"frag1_wire":98,"n":232704}}
{"sessionId":"0173da","runId":"post-fix","timestamp":1783913480142,"hypothesisId":"L2","location":"dataplane_local.c:encrypt_to_wan","message":"split_l2_enter","data":{"plain_len":1514,"mode":1,"frag_meta":35,"mtu":1500,"n":232960}}
{"sessionId":"0173da","runId":"post-fix","timestamp":1783913480142,"hypothesisId":"L2","location":"dataplane_local.c:encrypt_to_wan","message":"split_l2_ok","data":{"frag0_wire":1500,"frag1_wire":98,"n":232960}}
{"sessionId":"0173da","runId":"post-fix","timestamp":1783913480143,"hypothesisId":"L2","location":"dataplane_local.c:encrypt_to_wan","message":"split_l2_enter","data":{"plain_len":1514,"mode":1,"frag_meta":35,"mtu":1500,"n":233216}}
{"sessionId":"0173da","runId":"post-fix","timestamp":1783913480143,"hypothesisId":"L2","location":"dataplane_local.c:encrypt_to_wan","message":"split_l2_ok","data":{"frag0_wire":1500,"frag1_wire":98,"n":233216}}
{"sessionId":"0173da","runId":"post-fix","timestamp":1783913480144,"hypothesisId":"L2","location":"dataplane_local.c:encrypt_to_wan","message":"split_l2_enter","data":{"plain_len":1514,"mode":1,"frag_meta":35,"mtu":1500,"n":233472}}
{"sessionId":"0173da","runId":"post-fix","timestamp":1783913480144,"hypothesisId":"L2","location":"dataplane_local.c:encrypt_to_wan","message":"split_l2_ok","data":{"frag0_wire":1500,"frag1_wire":98,"n":233472}}
{"sessionId":"0173da","runId":"post-fix","timestamp":1783913480146,"hypothesisId":"L2","location":"dataplane_local.c:encrypt_to_wan","message":"split_l2_enter","data":{"plain_len":1514,"mode":1,"frag_meta":35,"mtu":1500,"n":233728}}
{"sessionId":"0173da","runId":"post-fix","timestamp":1783913480146,"hypothesisId":"L2","location":"dataplane_local.c:encrypt_to_wan","message":"split_l2_ok","data":{"frag0_wire":1500,"frag1_wire":98,"n":233728}}
{"sessionId":"0173da","runId":"post-fix","timestamp":1783913480147,"hypothesisId":"L2","location":"dataplane_local.c:encrypt_to_wan","message":"split_l2_enter","data":{"plain_len":1507,"mode":1,"frag_meta":35,"mtu":1500,"n":233984}}
{"sessionId":"0173da","runId":"post-fix","timestamp":1783913480147,"hypothesisId":"L2","location":"dataplane_local.c:encrypt_to_wan","message":"split_l2_ok","data":{"frag0_wire":1500,"frag1_wire":91,"n":233984}}
{"sessionId":"0173da","runId":"post-fix","timestamp":1783913480147,"hypothesisId":"L2","location":"dataplane_wan.c:dataplane_process_wan","message":"wan_l2_forward_ok","data":{"wire_in":108,"plain_len":78,"n":57344}}
{"sessionId":"0173da","runId":"post-fix","timestamp":1783913480147,"hypothesisId":"L2","location":"dataplane_wan.c:decrypt_wan","message":"l2_full_decrypt_ok","data":{"wire_len":96,"plain_len":66,"n":57344}}
{"sessionId":"0173da","runId":"post-fix","timestamp":1783913480148,"hypothesisId":"L2","location":"dataplane_local.c:encrypt_to_wan","message":"split_l2_enter","data":{"plain_len":1514,"mode":1,"frag_meta":35,"mtu":1500,"n":234240}}
{"sessionId":"0173da","runId":"post-fix","timestamp":1783913480148,"hypothesisId":"L2","location":"dataplane_local.c:encrypt_to_wan","message":"split_l2_ok","data":{"frag0_wire":1500,"frag1_wire":98,"n":234240}}
{"sessionId":"0173da","runId":"post-fix","timestamp":1783913480149,"hypothesisId":"L2","location":"dataplane_local.c:encrypt_to_wan","message":"split_l2_enter","data":{"plain_len":1514,"mode":1,"frag_meta":35,"mtu":1500,"n":234496}}
{"sessionId":"0173da","runId":"post-fix","timestamp":1783913480150,"hypothesisId":"L2","location":"dataplane_local.c:encrypt_to_wan","message":"split_l2_ok","data":{"frag0_wire":1500,"frag1_wire":98,"n":234496}}
{"sessionId":"0173da","runId":"post-fix","timestamp":1783913480151,"hypothesisId":"L2","location":"dataplane_local.c:encrypt_to_wan","message":"split_l2_enter","data":{"plain_len":1507,"mode":1,"frag_meta":35,"mtu":1500,"n":234752}}
{"sessionId":"0173da","runId":"post-fix","timestamp":1783913480151,"hypothesisId":"L2","location":"dataplane_local.c:encrypt_to_wan","message":"split_l2_ok","data":{"frag0_wire":1500,"frag1_wire":91,"n":234752}}
{"sessionId":"0173da","runId":"post-fix","timestamp":1783913480152,"hypothesisId":"L2","location":"dataplane_local.c:encrypt_to_wan","message":"split_l2_enter","data":{"plain_len":1514,"mode":1,"frag_meta":35,"mtu":1500,"n":235008}}
{"sessionId":"0173da","runId":"post-fix","timestamp":1783913480152,"hypothesisId":"L2","location":"dataplane_local.c:encrypt_to_wan","message":"split_l2_ok","data":{"frag0_wire":1500,"frag1_wire":98,"n":235008}}
{"sessionId":"0173da","runId":"post-fix","timestamp":1783913480153,"hypothesisId":"L2","location":"dataplane_wan.c:dataplane_process_wan","message":"wan_l2_forward_ok","data":{"wire_in":108,"plain_len":78,"n":57856}}
{"sessionId":"0173da","runId":"post-fix","timestamp":1783913480153,"hypothesisId":"L2","location":"dataplane_wan.c:decrypt_wan","message":"l2_full_decrypt_ok","data":{"wire_len":96,"plain_len":66,"n":57856}}
{"sessionId":"0173da","runId":"post-fix","timestamp":1783913480153,"hypothesisId":"L2","location":"dataplane_local.c:encrypt_to_wan","message":"split_l2_enter","data":{"plain_len":1514,"mode":1,"frag_meta":35,"mtu":1500,"n":235264}}
{"sessionId":"0173da","runId":"post-fix","timestamp":1783913480153,"hypothesisId":"L2","location":"dataplane_local.c:encrypt_to_wan","message":"split_l2_ok","data":{"frag0_wire":1500,"frag1_wire":98,"n":235264}}
{"sessionId":"0173da","runId":"post-fix","timestamp":1783913480154,"hypothesisId":"L2","location":"dataplane_local.c:encrypt_to_wan","message":"split_l2_enter","data":{"plain_len":1514,"mode":1,"frag_meta":35,"mtu":1500,"n":235520}}
{"sessionId":"0173da","runId":"post-fix","timestamp":1783913480154,"hypothesisId":"L2","location":"dataplane_local.c:encrypt_to_wan","message":"split_l2_ok","data":{"frag0_wire":1500,"frag1_wire":98,"n":235520}}
{"sessionId":"0173da","runId":"post-fix","timestamp":1783913480156,"hypothesisId":"L2","location":"dataplane_local.c:encrypt_to_wan","message":"split_l2_enter","data":{"plain_len":1514,"mode":1,"frag_meta":35,"mtu":1500,"n":235776}}
{"sessionId":"0173da","runId":"post-fix","timestamp":1783913480156,"hypothesisId":"L2","location":"dataplane_local.c:encrypt_to_wan","message":"split_l2_ok","data":{"frag0_wire":1500,"frag1_wire":98,"n":235776}}
{"sessionId":"0173da","runId":"post-fix","timestamp":1783913480157,"hypothesisId":"L2","location":"dataplane_local.c:encrypt_to_wan","message":"split_l2_enter","data":{"plain_len":1514,"mode":1,"frag_meta":35,"mtu":1500,"n":236032}}
{"sessionId":"0173da","runId":"post-fix","timestamp":1783913480157,"hypothesisId":"L2","location":"dataplane_local.c:encrypt_to_wan","message":"split_l2_ok","data":{"frag0_wire":1500,"frag1_wire":98,"n":236032}}
{"sessionId":"0173da","runId":"post-fix","timestamp":1783913480158,"hypothesisId":"L2","location":"dataplane_local.c:encrypt_to_wan","message":"split_l2_enter","data":{"plain_len":1514,"mode":1,"frag_meta":35,"mtu":1500,"n":236288}}
{"sessionId":"0173da","runId":"post-fix","timestamp":1783913480158,"hypothesisId":"L2","location":"dataplane_local.c:encrypt_to_wan","message":"split_l2_ok","data":{"frag0_wire":1500,"frag1_wire":98,"n":236288}}
{"sessionId":"0173da","runId":"post-fix","timestamp":1783913480160,"hypothesisId":"L2","location":"dataplane_local.c:encrypt_to_wan","message":"split_l2_enter","data":{"plain_len":1514,"mode":1,"frag_meta":35,"mtu":1500,"n":236544}}
{"sessionId":"0173da","runId":"post-fix","timestamp":1783913480160,"hypothesisId":"L2","location":"dataplane_local.c:encrypt_to_wan","message":"split_l2_ok","data":{"frag0_wire":1500,"frag1_wire":98,"n":236544}}
{"sessionId":"0173da","runId":"post-fix","timestamp":1783913480161,"hypothesisId":"L2","location":"dataplane_wan.c:decrypt_wan","message":"l2_full_decrypt_ok","data":{"wire_len":108,"plain_len":78,"n":58368}}
{"sessionId":"0173da","runId":"post-fix","timestamp":1783913480161,"hypothesisId":"L2","location":"dataplane_local.c:encrypt_to_wan","message":"split_l2_enter","data":{"plain_len":1514,"mode":1,"frag_meta":35,"mtu":1500,"n":236800}}
{"sessionId":"0173da","runId":"post-fix","timestamp":1783913480161,"hypothesisId":"L2","location":"dataplane_wan.c:dataplane_process_wan","message":"wan_l2_forward_ok","data":{"wire_in":108,"plain_len":78,"n":58368}}
{"sessionId":"0173da","runId":"post-fix","timestamp":1783913480161,"hypothesisId":"L2","location":"dataplane_local.c:encrypt_to_wan","message":"split_l2_ok","data":{"frag0_wire":1500,"frag1_wire":98,"n":236800}}
{"sessionId":"0173da","runId":"post-fix","timestamp":1783913480162,"hypothesisId":"L2","location":"dataplane_local.c:encrypt_to_wan","message":"split_l2_enter","data":{"plain_len":1514,"mode":1,"frag_meta":35,"mtu":1500,"n":237056}}
{"sessionId":"0173da","runId":"post-fix","timestamp":1783913480162,"hypothesisId":"L2","location":"dataplane_local.c:encrypt_to_wan","message":"split_l2_ok","data":{"frag0_wire":1500,"frag1_wire":98,"n":237056}}
{"sessionId":"0173da","runId":"post-fix","timestamp":1783913480163,"hypothesisId":"L2","location":"dataplane_local.c:encrypt_to_wan","message":"split_l2_enter","data":{"plain_len":1514,"mode":1,"frag_meta":35,"mtu":1500,"n":237312}}
{"sessionId":"0173da","runId":"post-fix","timestamp":1783913480164,"hypothesisId":"L2","location":"dataplane_local.c:encrypt_to_wan","message":"split_l2_ok","data":{"frag0_wire":1500,"frag1_wire":98,"n":237312}}
{"sessionId":"0173da","runId":"post-fix","timestamp":1783913480165,"hypothesisId":"L2","location":"dataplane_local.c:encrypt_to_wan","message":"split_l2_enter","data":{"plain_len":1514,"mode":1,"frag_meta":35,"mtu":1500,"n":237568}}
{"sessionId":"0173da","runId":"post-fix","timestamp":1783913480165,"hypothesisId":"L2","location":"dataplane_local.c:encrypt_to_wan","message":"split_l2_ok","data":{"frag0_wire":1500,"frag1_wire":98,"n":237568}}
{"sessionId":"0173da","runId":"post-fix","timestamp":1783913480166,"hypothesisId":"L2","location":"dataplane_local.c:encrypt_to_wan","message":"split_l2_enter","data":{"plain_len":1514,"mode":1,"frag_meta":35,"mtu":1500,"n":237824}}
{"sessionId":"0173da","runId":"post-fix","timestamp":1783913480166,"hypothesisId":"L2","location":"dataplane_local.c:encrypt_to_wan","message":"split_l2_ok","data":{"frag0_wire":1500,"frag1_wire":98,"n":237824}}
{"sessionId":"0173da","runId":"post-fix","timestamp":1783913480167,"hypothesisId":"L2","location":"dataplane_local.c:encrypt_to_wan","message":"split_l2_enter","data":{"plain_len":1514,"mode":1,"frag_meta":35,"mtu":1500,"n":238080}}
{"sessionId":"0173da","runId":"post-fix","timestamp":1783913480167,"hypothesisId":"L2","location":"dataplane_local.c:encrypt_to_wan","message":"split_l2_ok","data":{"frag0_wire":1500,"frag1_wire":98,"n":238080}}
{"sessionId":"0173da","runId":"post-fix","timestamp":1783913480169,"hypothesisId":"L2","location":"dataplane_wan.c:decrypt_wan","message":"l2_full_decrypt_ok","data":{"wire_len":116,"plain_len":86,"n":58880}}
{"sessionId":"0173da","runId":"post-fix","timestamp":1783913480169,"hypothesisId":"L2","location":"dataplane_wan.c:dataplane_process_wan","message":"wan_l2_forward_ok","data":{"wire_in":108,"plain_len":78,"n":58880}}
{"sessionId":"0173da","runId":"post-fix","timestamp":1783913480169,"hypothesisId":"L2","location":"dataplane_local.c:encrypt_to_wan","message":"split_l2_enter","data":{"plain_len":1514,"mode":1,"frag_meta":35,"mtu":1500,"n":238336}}
{"sessionId":"0173da","runId":"post-fix","timestamp":1783913480169,"hypothesisId":"L2","location":"dataplane_local.c:encrypt_to_wan","message":"split_l2_ok","data":{"frag0_wire":1500,"frag1_wire":98,"n":238336}}
{"sessionId":"0173da","runId":"post-fix","timestamp":1783913480170,"hypothesisId":"L2","location":"dataplane_local.c:encrypt_to_wan","message":"split_l2_enter","data":{"plain_len":1514,"mode":1,"frag_meta":35,"mtu":1500,"n":238592}}
{"sessionId":"0173da","runId":"post-fix","timestamp":1783913480170,"hypothesisId":"L2","location":"dataplane_local.c:encrypt_to_wan","message":"split_l2_ok","data":{"frag0_wire":1500,"frag1_wire":98,"n":238592}}
{"sessionId":"0173da","runId":"post-fix","timestamp":1783913480171,"hypothesisId":"L2","location":"dataplane_local.c:encrypt_to_wan","message":"split_l2_enter","data":{"plain_len":1514,"mode":1,"frag_meta":35,"mtu":1500,"n":238848}}
{"sessionId":"0173da","runId":"post-fix","timestamp":1783913480171,"hypothesisId":"L2","location":"dataplane_local.c:encrypt_to_wan","message":"split_l2_ok","data":{"frag0_wire":1500,"frag1_wire":98,"n":238848}}
{"sessionId":"0173da","runId":"post-fix","timestamp":1783913480173,"hypothesisId":"L2","location":"dataplane_local.c:encrypt_to_wan","message":"split_l2_enter","data":{"plain_len":1514,"mode":1,"frag_meta":35,"mtu":1500,"n":239104}}
{"sessionId":"0173da","runId":"post-fix","timestamp":1783913480173,"hypothesisId":"L2","location":"dataplane_local.c:encrypt_to_wan","message":"split_l2_ok","data":{"frag0_wire":1500,"frag1_wire":98,"n":239104}}
{"sessionId":"0173da","runId":"post-fix","timestamp":1783913480174,"hypothesisId":"L2","location":"dataplane_local.c:encrypt_to_wan","message":"split_l2_enter","data":{"plain_len":1514,"mode":1,"frag_meta":35,"mtu":1500,"n":239360}}
{"sessionId":"0173da","runId":"post-fix","timestamp":1783913480174,"hypothesisId":"L2","location":"dataplane_local.c:encrypt_to_wan","message":"split_l2_ok","data":{"frag0_wire":1500,"frag1_wire":98,"n":239360}}
{"sessionId":"0173da","runId":"post-fix","timestamp":1783913480175,"hypothesisId":"L2","location":"dataplane_local.c:encrypt_to_wan","message":"split_l2_enter","data":{"plain_len":1514,"mode":1,"frag_meta":35,"mtu":1500,"n":239616}}
{"sessionId":"0173da","runId":"post-fix","timestamp":1783913480175,"hypothesisId":"L2","location":"dataplane_local.c:encrypt_to_wan","message":"split_l2_ok","data":{"frag0_wire":1500,"frag1_wire":98,"n":239616}}
{"sessionId":"0173da","runId":"post-fix","timestamp":1783913480176,"hypothesisId":"L2","location":"dataplane_local.c:encrypt_to_wan","message":"split_l2_enter","data":{"plain_len":1514,"mode":1,"frag_meta":35,"mtu":1500,"n":239872}}
{"sessionId":"0173da","runId":"post-fix","timestamp":1783913480176,"hypothesisId":"L2","location":"dataplane_local.c:encrypt_to_wan","message":"split_l2_ok","data":{"frag0_wire":1500,"frag1_wire":98,"n":239872}}
{"sessionId":"0173da","runId":"post-fix","timestamp":1783913480178,"hypothesisId":"L2","location":"dataplane_local.c:encrypt_to_wan","message":"split_l2_enter","data":{"plain_len":1514,"mode":1,"frag_meta":35,"mtu":1500,"n":240128}}
{"sessionId":"0173da","runId":"post-fix","timestamp":1783913480178,"hypothesisId":"L2","location":"dataplane_local.c:encrypt_to_wan","message":"split_l2_ok","data":{"frag0_wire":1500,"frag1_wire":98,"n":240128}}
{"sessionId":"0173da","runId":"post-fix","timestamp":1783913480179,"hypothesisId":"L2","location":"dataplane_wan.c:decrypt_wan","message":"l2_full_decrypt_ok","data":{"wire_len":96,"plain_len":66,"n":59392}}
{"sessionId":"0173da","runId":"post-fix","timestamp":1783913480179,"hypothesisId":"L2","location":"dataplane_wan.c:dataplane_process_wan","message":"wan_l2_forward_ok","data":{"wire_in":108,"plain_len":78,"n":59392}}
{"sessionId":"0173da","runId":"post-fix","timestamp":1783913480179,"hypothesisId":"L2","location":"dataplane_local.c:encrypt_to_wan","message":"split_l2_enter","data":{"plain_len":1514,"mode":1,"frag_meta":35,"mtu":1500,"n":240384}}
{"sessionId":"0173da","runId":"post-fix","timestamp":1783913480179,"hypothesisId":"L2","location":"dataplane_local.c:encrypt_to_wan","message":"split_l2_ok","data":{"frag0_wire":1500,"frag1_wire":98,"n":240384}}
{"sessionId":"0173da","runId":"post-fix","timestamp":1783913480180,"hypothesisId":"L2","location":"dataplane_local.c:encrypt_to_wan","message":"split_l2_enter","data":{"plain_len":1514,"mode":1,"frag_meta":35,"mtu":1500,"n":240640}}
{"sessionId":"0173da","runId":"post-fix","timestamp":1783913480180,"hypothesisId":"L2","location":"dataplane_local.c:encrypt_to_wan","message":"split_l2_ok","data":{"frag0_wire":1500,"frag1_wire":98,"n":240640}}
{"sessionId":"0173da","runId":"post-fix","timestamp":1783913480181,"hypothesisId":"L2","location":"dataplane_local.c:encrypt_to_wan","message":"split_l2_enter","data":{"plain_len":1514,"mode":1,"frag_meta":35,"mtu":1500,"n":240896}}
{"sessionId":"0173da","runId":"post-fix","timestamp":1783913480182,"hypothesisId":"L2","location":"dataplane_local.c:encrypt_to_wan","message":"split_l2_ok","data":{"frag0_wire":1500,"frag1_wire":98,"n":240896}}
{"sessionId":"0173da","runId":"post-fix","timestamp":1783913480183,"hypothesisId":"L2","location":"dataplane_local.c:encrypt_to_wan","message":"split_l2_enter","data":{"plain_len":1514,"mode":1,"frag_meta":35,"mtu":1500,"n":241152}}
{"sessionId":"0173da","runId":"post-fix","timestamp":1783913480183,"hypothesisId":"L2","location":"dataplane_local.c:encrypt_to_wan","message":"split_l2_ok","data":{"frag0_wire":1500,"frag1_wire":98,"n":241152}}
{"sessionId":"0173da","runId":"post-fix","timestamp":1783913480184,"hypothesisId":"L2","location":"dataplane_local.c:encrypt_to_wan","message":"split_l2_enter","data":{"plain_len":1514,"mode":1,"frag_meta":35,"mtu":1500,"n":241408}}
{"sessionId":"0173da","runId":"post-fix","timestamp":1783913480184,"hypothesisId":"L2","location":"dataplane_local.c:encrypt_to_wan","message":"split_l2_ok","data":{"frag0_wire":1500,"frag1_wire":98,"n":241408}}
{"sessionId":"0173da","runId":"post-fix","timestamp":1783913480186,"hypothesisId":"L2","location":"dataplane_local.c:encrypt_to_wan","message":"split_l2_enter","data":{"plain_len":1514,"mode":1,"frag_meta":35,"mtu":1500,"n":241664}}
{"sessionId":"0173da","runId":"post-fix","timestamp":1783913480186,"hypothesisId":"L2","location":"dataplane_local.c:encrypt_to_wan","message":"split_l2_ok","data":{"frag0_wire":1500,"frag1_wire":98,"n":241664}}
{"sessionId":"0173da","runId":"post-fix","timestamp":1783913480187,"hypothesisId":"L2","location":"dataplane_local.c:encrypt_to_wan","message":"split_l2_enter","data":{"plain_len":1514,"mode":1,"frag_meta":35,"mtu":1500,"n":241920}}
{"sessionId":"0173da","runId":"post-fix","timestamp":1783913480187,"hypothesisId":"L2","location":"dataplane_local.c:encrypt_to_wan","message":"split_l2_ok","data":{"frag0_wire":1500,"frag1_wire":98,"n":241920}}
{"sessionId":"0173da","runId":"post-fix","timestamp":1783913480188,"hypothesisId":"L2","location":"dataplane_local.c:encrypt_to_wan","message":"split_l2_enter","data":{"plain_len":1514,"mode":1,"frag_meta":35,"mtu":1500,"n":242176}}
{"sessionId":"0173da","runId":"post-fix","timestamp":1783913480188,"hypothesisId":"L2","location":"dataplane_local.c:encrypt_to_wan","message":"split_l2_ok","data":{"frag0_wire":1500,"frag1_wire":98,"n":242176}}
{"sessionId":"0173da","runId":"post-fix","timestamp":1783913480189,"hypothesisId":"L2","location":"dataplane_wan.c:decrypt_wan","message":"l2_full_decrypt_ok","data":{"wire_len":96,"plain_len":66,"n":59904}}
{"sessionId":"0173da","runId":"post-fix","timestamp":1783913480189,"hypothesisId":"L2","location":"dataplane_wan.c:dataplane_process_wan","message":"wan_l2_forward_ok","data":{"wire_in":108,"plain_len":78,"n":59904}}
{"sessionId":"0173da","runId":"post-fix","timestamp":1783913480189,"hypothesisId":"L2","location":"dataplane_local.c:encrypt_to_wan","message":"split_l2_enter","data":{"plain_len":1514,"mode":1,"frag_meta":35,"mtu":1500,"n":242432}}
{"sessionId":"0173da","runId":"post-fix","timestamp":1783913480189,"hypothesisId":"L2","location":"dataplane_local.c:encrypt_to_wan","message":"split_l2_ok","data":{"frag0_wire":1500,"frag1_wire":98,"n":242432}}
{"sessionId":"0173da","runId":"post-fix","timestamp":1783913480190,"hypothesisId":"L2","location":"dataplane_local.c:encrypt_to_wan","message":"split_l2_enter","data":{"plain_len":1507,"mode":1,"frag_meta":35,"mtu":1500,"n":242688}}
{"sessionId":"0173da","runId":"post-fix","timestamp":1783913480190,"hypothesisId":"L2","location":"dataplane_local.c:encrypt_to_wan","message":"split_l2_ok","data":{"frag0_wire":1500,"frag1_wire":91,"n":242688}}
{"sessionId":"0173da","runId":"post-fix","timestamp":1783913480192,"hypothesisId":"L2","location":"dataplane_local.c:encrypt_to_wan","message":"split_l2_enter","data":{"plain_len":1514,"mode":1,"frag_meta":35,"mtu":1500,"n":242944}}
{"sessionId":"0173da","runId":"post-fix","timestamp":1783913480192,"hypothesisId":"L2","location":"dataplane_local.c:encrypt_to_wan","message":"split_l2_ok","data":{"frag0_wire":1500,"frag1_wire":98,"n":242944}}
{"sessionId":"0173da","runId":"post-fix","timestamp":1783913480193,"hypothesisId":"L2","location":"dataplane_local.c:encrypt_to_wan","message":"split_l2_enter","data":{"plain_len":1514,"mode":1,"frag_meta":35,"mtu":1500,"n":243200}}
{"sessionId":"0173da","runId":"post-fix","timestamp":1783913480193,"hypothesisId":"L2","location":"dataplane_local.c:encrypt_to_wan","message":"split_l2_ok","data":{"frag0_wire":1500,"frag1_wire":98,"n":243200}}
{"sessionId":"0173da","runId":"post-fix","timestamp":1783913480194,"hypothesisId":"L2","location":"dataplane_local.c:encrypt_to_wan","message":"split_l2_enter","data":{"plain_len":1514,"mode":1,"frag_meta":35,"mtu":1500,"n":243456}}
{"sessionId":"0173da","runId":"post-fix","timestamp":1783913480194,"hypothesisId":"L2","location":"dataplane_local.c:encrypt_to_wan","message":"split_l2_ok","data":{"frag0_wire":1500,"frag1_wire":98,"n":243456}}
{"sessionId":"0173da","runId":"post-fix","timestamp":1783913480196,"hypothesisId":"L2","location":"dataplane_local.c:encrypt_to_wan","message":"split_l2_enter","data":{"plain_len":1514,"mode":1,"frag_meta":35,"mtu":1500,"n":243712}}
{"sessionId":"0173da","runId":"post-fix","timestamp":1783913480196,"hypothesisId":"L2","location":"dataplane_local.c:encrypt_to_wan","message":"split_l2_ok","data":{"frag0_wire":1500,"frag1_wire":98,"n":243712}}
{"sessionId":"0173da","runId":"post-fix","timestamp":1783913480197,"hypothesisId":"L2","location":"dataplane_wan.c:decrypt_wan","message":"l2_full_decrypt_ok","data":{"wire_len":108,"plain_len":78,"n":60416}}
{"sessionId":"0173da","runId":"post-fix","timestamp":1783913480197,"hypothesisId":"L2","location":"dataplane_wan.c:dataplane_process_wan","message":"wan_l2_forward_ok","data":{"wire_in":96,"plain_len":66,"n":60416}}
{"sessionId":"0173da","runId":"post-fix","timestamp":1783913480197,"hypothesisId":"L2","location":"dataplane_local.c:encrypt_to_wan","message":"split_l2_enter","data":{"plain_len":1514,"mode":1,"frag_meta":35,"mtu":1500,"n":243968}}
{"sessionId":"0173da","runId":"post-fix","timestamp":1783913480197,"hypothesisId":"L2","location":"dataplane_local.c:encrypt_to_wan","message":"split_l2_ok","data":{"frag0_wire":1500,"frag1_wire":98,"n":243968}}
{"sessionId":"0173da","runId":"post-fix","timestamp":1783913480198,"hypothesisId":"L2","location":"dataplane_local.c:encrypt_to_wan","message":"split_l2_enter","data":{"plain_len":1507,"mode":1,"frag_meta":35,"mtu":1500,"n":244224}}
{"sessionId":"0173da","runId":"post-fix","timestamp":1783913480198,"hypothesisId":"L2","location":"dataplane_local.c:encrypt_to_wan","message":"split_l2_ok","data":{"frag0_wire":1500,"frag1_wire":91,"n":244224}}
{"sessionId":"0173da","runId":"post-fix","timestamp":1783913480199,"hypothesisId":"L2","location":"dataplane_local.c:encrypt_to_wan","message":"split_l2_enter","data":{"plain_len":1514,"mode":1,"frag_meta":35,"mtu":1500,"n":244480}}
{"sessionId":"0173da","runId":"post-fix","timestamp":1783913480199,"hypothesisId":"L2","location":"dataplane_local.c:encrypt_to_wan","message":"split_l2_ok","data":{"frag0_wire":1500,"frag1_wire":98,"n":244480}}
{"sessionId":"0173da","runId":"post-fix","timestamp":1783913480201,"hypothesisId":"L2","location":"dataplane_local.c:encrypt_to_wan","message":"split_l2_enter","data":{"plain_len":1514,"mode":1,"frag_meta":35,"mtu":1500,"n":244736}}
{"sessionId":"0173da","runId":"post-fix","timestamp":1783913480201,"hypothesisId":"L2","location":"dataplane_local.c:encrypt_to_wan","message":"split_l2_ok","data":{"frag0_wire":1500,"frag1_wire":98,"n":244736}}
{"sessionId":"0173da","runId":"post-fix","timestamp":1783913480202,"hypothesisId":"L2","location":"dataplane_local.c:encrypt_to_wan","message":"split_l2_enter","data":{"plain_len":1514,"mode":1,"frag_meta":35,"mtu":1500,"n":244992}}
{"sessionId":"0173da","runId":"post-fix","timestamp":1783913480202,"hypothesisId":"L2","location":"dataplane_local.c:encrypt_to_wan","message":"split_l2_ok","data":{"frag0_wire":1500,"frag1_wire":98,"n":244992}}
{"sessionId":"0173da","runId":"post-fix","timestamp":1783913480203,"hypothesisId":"L2","location":"dataplane_wan.c:decrypt_wan","message":"l2_full_decrypt_ok","data":{"wire_len":116,"plain_len":86,"n":60928}}
{"sessionId":"0173da","runId":"post-fix","timestamp":1783913480203,"hypothesisId":"L2","location":"dataplane_wan.c:dataplane_process_wan","message":"wan_l2_forward_ok","data":{"wire_in":108,"plain_len":78,"n":60928}}
{"sessionId":"0173da","runId":"post-fix","timestamp":1783913480203,"hypothesisId":"L2","location":"dataplane_local.c:encrypt_to_wan","message":"split_l2_enter","data":{"plain_len":1514,"mode":1,"frag_meta":35,"mtu":1500,"n":245248}}
{"sessionId":"0173da","runId":"post-fix","timestamp":1783913480204,"hypothesisId":"L2","location":"dataplane_local.c:encrypt_to_wan","message":"split_l2_ok","data":{"frag0_wire":1500,"frag1_wire":98,"n":245248}}
{"sessionId":"0173da","runId":"post-fix","timestamp":1783913480205,"hypothesisId":"L2","location":"dataplane_local.c:encrypt_to_wan","message":"split_l2_enter","data":{"plain_len":1507,"mode":1,"frag_meta":35,"mtu":1500,"n":245504}}
{"sessionId":"0173da","runId":"post-fix","timestamp":1783913480205,"hypothesisId":"L2","location":"dataplane_local.c:encrypt_to_wan","message":"split_l2_ok","data":{"frag0_wire":1500,"frag1_wire":91,"n":245504}}
{"sessionId":"0173da","runId":"post-fix","timestamp":1783913480206,"hypothesisId":"L2","location":"dataplane_local.c:encrypt_to_wan","message":"split_l2_enter","data":{"plain_len":1514,"mode":1,"frag_meta":35,"mtu":1500,"n":245760}}
{"sessionId":"0173da","runId":"post-fix","timestamp":1783913480206,"hypothesisId":"L2","location":"dataplane_local.c:encrypt_to_wan","message":"split_l2_ok","data":{"frag0_wire":1500,"frag1_wire":98,"n":245760}}
{"sessionId":"0173da","runId":"post-fix","timestamp":1783913480207,"hypothesisId":"L2","location":"dataplane_local.c:encrypt_to_wan","message":"split_l2_enter","data":{"plain_len":1514,"mode":1,"frag_meta":35,"mtu":1500,"n":246016}}
{"sessionId":"0173da","runId":"post-fix","timestamp":1783913480207,"hypothesisId":"L2","location":"dataplane_local.c:encrypt_to_wan","message":"split_l2_ok","data":{"frag0_wire":1500,"frag1_wire":98,"n":246016}}
{"sessionId":"0173da","runId":"post-fix","timestamp":1783913480208,"hypothesisId":"L2","location":"dataplane_wan.c:dataplane_process_wan","message":"wan_l2_forward_ok","data":{"wire_in":108,"plain_len":78,"n":61440}}
{"sessionId":"0173da","runId":"post-fix","timestamp":1783913480208,"hypothesisId":"L2","location":"dataplane_wan.c:decrypt_wan","message":"l2_full_decrypt_ok","data":{"wire_len":108,"plain_len":78,"n":61440}}
{"sessionId":"0173da","runId":"post-fix","timestamp":1783913480209,"hypothesisId":"L2","location":"dataplane_local.c:encrypt_to_wan","message":"split_l2_enter","data":{"plain_len":1514,"mode":1,"frag_meta":35,"mtu":1500,"n":246272}}
{"sessionId":"0173da","runId":"post-fix","timestamp":1783913480209,"hypothesisId":"L2","location":"dataplane_local.c:encrypt_to_wan","message":"split_l2_ok","data":{"frag0_wire":1500,"frag1_wire":98,"n":246272}}
{"sessionId":"0173da","runId":"post-fix","timestamp":1783913480210,"hypothesisId":"L2","location":"dataplane_local.c:encrypt_to_wan","message":"split_l2_enter","data":{"plain_len":1514,"mode":1,"frag_meta":35,"mtu":1500,"n":246528}}
{"sessionId":"0173da","runId":"post-fix","timestamp":1783913480210,"hypothesisId":"L2","location":"dataplane_local.c:encrypt_to_wan","message":"split_l2_ok","data":{"frag0_wire":1500,"frag1_wire":98,"n":246528}}
{"sessionId":"0173da","runId":"post-fix","timestamp":1783913480211,"hypothesisId":"L2","location":"dataplane_local.c:encrypt_to_wan","message":"split_l2_enter","data":{"plain_len":1514,"mode":1,"frag_meta":35,"mtu":1500,"n":246784}}
{"sessionId":"0173da","runId":"post-fix","timestamp":1783913480211,"hypothesisId":"L2","location":"dataplane_local.c:encrypt_to_wan","message":"split_l2_ok","data":{"frag0_wire":1500,"frag1_wire":98,"n":246784}}
{"sessionId":"0173da","runId":"post-fix","timestamp":1783913480212,"hypothesisId":"L2","location":"dataplane_local.c:encrypt_to_wan","message":"split_l2_enter","data":{"plain_len":1514,"mode":1,"frag_meta":35,"mtu":1500,"n":247040}}
{"sessionId":"0173da","runId":"post-fix","timestamp":1783913480212,"hypothesisId":"L2","location":"dataplane_local.c:encrypt_to_wan","message":"split_l2_ok","data":{"frag0_wire":1500,"frag1_wire":98,"n":247040}}
{"sessionId":"0173da","runId":"post-fix","timestamp":1783913480214,"hypothesisId":"L2","location":"dataplane_local.c:encrypt_to_wan","message":"split_l2_enter","data":{"plain_len":1514,"mode":1,"frag_meta":35,"mtu":1500,"n":247296}}
{"sessionId":"0173da","runId":"post-fix","timestamp":1783913480214,"hypothesisId":"L2","location":"dataplane_local.c:encrypt_to_wan","message":"split_l2_ok","data":{"frag0_wire":1500,"frag1_wire":98,"n":247296}}
{"sessionId":"0173da","runId":"post-fix","timestamp":1783913480214,"hypothesisId":"L2","location":"dataplane_wan.c:decrypt_wan","message":"l2_full_decrypt_ok","data":{"wire_len":108,"plain_len":78,"n":61952}}
{"sessionId":"0173da","runId":"post-fix","timestamp":1783913480214,"hypothesisId":"L2","location":"dataplane_wan.c:dataplane_process_wan","message":"wan_l2_forward_ok","data":{"wire_in":108,"plain_len":78,"n":61952}}
{"sessionId":"0173da","runId":"post-fix","timestamp":1783913480215,"hypothesisId":"L2","location":"dataplane_local.c:encrypt_to_wan","message":"split_l2_enter","data":{"plain_len":1514,"mode":1,"frag_meta":35,"mtu":1500,"n":247552}}
{"sessionId":"0173da","runId":"post-fix","timestamp":1783913480215,"hypothesisId":"L2","location":"dataplane_local.c:encrypt_to_wan","message":"split_l2_ok","data":{"frag0_wire":1500,"frag1_wire":98,"n":247552}}
{"sessionId":"0173da","runId":"post-fix","timestamp":1783913480216,"hypothesisId":"L2","location":"dataplane_local.c:encrypt_to_wan","message":"split_l2_enter","data":{"plain_len":1514,"mode":1,"frag_meta":35,"mtu":1500,"n":247808}}
{"sessionId":"0173da","runId":"post-fix","timestamp":1783913480216,"hypothesisId":"L2","location":"dataplane_local.c:encrypt_to_wan","message":"split_l2_ok","data":{"frag0_wire":1500,"frag1_wire":98,"n":247808}}
{"sessionId":"0173da","runId":"post-fix","timestamp":1783913480217,"hypothesisId":"L2","location":"dataplane_local.c:encrypt_to_wan","message":"split_l2_enter","data":{"plain_len":1514,"mode":1,"frag_meta":35,"mtu":1500,"n":248064}}
{"sessionId":"0173da","runId":"post-fix","timestamp":1783913480218,"hypothesisId":"L2","location":"dataplane_local.c:encrypt_to_wan","message":"split_l2_ok","data":{"frag0_wire":1500,"frag1_wire":98,"n":248064}}
{"sessionId":"0173da","runId":"post-fix","timestamp":1783913480219,"hypothesisId":"L2","location":"dataplane_local.c:encrypt_to_wan","message":"split_l2_enter","data":{"plain_len":1514,"mode":1,"frag_meta":35,"mtu":1500,"n":248320}}
{"sessionId":"0173da","runId":"post-fix","timestamp":1783913480219,"hypothesisId":"L2","location":"dataplane_local.c:encrypt_to_wan","message":"split_l2_ok","data":{"frag0_wire":1500,"frag1_wire":98,"n":248320}}
{"sessionId":"0173da","runId":"post-fix","timestamp":1783913480220,"hypothesisId":"L2","location":"dataplane_local.c:encrypt_to_wan","message":"split_l2_enter","data":{"plain_len":1514,"mode":1,"frag_meta":35,"mtu":1500,"n":248576}}
{"sessionId":"0173da","runId":"post-fix","timestamp":1783913480221,"hypothesisId":"L2","location":"dataplane_local.c:encrypt_to_wan","message":"split_l2_ok","data":{"frag0_wire":1500,"frag1_wire":98,"n":248576}}
{"sessionId":"0173da","runId":"post-fix","timestamp":1783913480222,"hypothesisId":"L2","location":"dataplane_local.c:encrypt_to_wan","message":"split_l2_enter","data":{"plain_len":1514,"mode":1,"frag_meta":35,"mtu":1500,"n":248832}}
{"sessionId":"0173da","runId":"post-fix","timestamp":1783913480222,"hypothesisId":"L2","location":"dataplane_local.c:encrypt_to_wan","message":"split_l2_ok","data":{"frag0_wire":1500,"frag1_wire":98,"n":248832}}
{"sessionId":"0173da","runId":"post-fix","timestamp":1783913480223,"hypothesisId":"L2","location":"dataplane_local.c:encrypt_to_wan","message":"split_l2_enter","data":{"plain_len":1514,"mode":1,"frag_meta":35,"mtu":1500,"n":249088}}
{"sessionId":"0173da","runId":"post-fix","timestamp":1783913480223,"hypothesisId":"L2","location":"dataplane_local.c:encrypt_to_wan","message":"split_l2_ok","data":{"frag0_wire":1500,"frag1_wire":98,"n":249088}}
{"sessionId":"0173da","runId":"post-fix","timestamp":1783913480224,"hypothesisId":"L2","location":"dataplane_wan.c:dataplane_process_wan","message":"wan_l2_forward_ok","data":{"wire_in":96,"plain_len":66,"n":62464}}
{"sessionId":"0173da","runId":"post-fix","timestamp":1783913480224,"hypothesisId":"L2","location":"dataplane_wan.c:decrypt_wan","message":"l2_full_decrypt_ok","data":{"wire_len":108,"plain_len":78,"n":62464}}
{"sessionId":"0173da","runId":"post-fix","timestamp":1783913480224,"hypothesisId":"L2","location":"dataplane_local.c:encrypt_to_wan","message":"split_l2_enter","data":{"plain_len":1514,"mode":1,"frag_meta":35,"mtu":1500,"n":249344}}
{"sessionId":"0173da","runId":"post-fix","timestamp":1783913480224,"hypothesisId":"L2","location":"dataplane_local.c:encrypt_to_wan","message":"split_l2_ok","data":{"frag0_wire":1500,"frag1_wire":98,"n":249344}}
{"sessionId":"0173da","runId":"post-fix","timestamp":1783913480225,"hypothesisId":"L2","location":"dataplane_local.c:encrypt_to_wan","message":"split_l2_enter","data":{"plain_len":1514,"mode":1,"frag_meta":35,"mtu":1500,"n":249600}}
{"sessionId":"0173da","runId":"post-fix","timestamp":1783913480226,"hypothesisId":"L2","location":"dataplane_local.c:encrypt_to_wan","message":"split_l2_ok","data":{"frag0_wire":1500,"frag1_wire":98,"n":249600}}
{"sessionId":"0173da","runId":"post-fix","timestamp":1783913480227,"hypothesisId":"L2","location":"dataplane_local.c:encrypt_to_wan","message":"split_l2_enter","data":{"plain_len":1514,"mode":1,"frag_meta":35,"mtu":1500,"n":249856}}
{"sessionId":"0173da","runId":"post-fix","timestamp":1783913480227,"hypothesisId":"L2","location":"dataplane_local.c:encrypt_to_wan","message":"split_l2_ok","data":{"frag0_wire":1500,"frag1_wire":98,"n":249856}}
{"sessionId":"0173da","runId":"post-fix","timestamp":1783913480227,"hypothesisId":"L2","location":"dataplane_wan.c:decrypt_wan","message":"l2_full_decrypt_ok","data":{"wire_len":116,"plain_len":86,"n":62976}}
{"sessionId":"0173da","runId":"post-fix","timestamp":1783913480227,"hypothesisId":"L2","location":"dataplane_wan.c:dataplane_process_wan","message":"wan_l2_forward_ok","data":{"wire_in":108,"plain_len":78,"n":62976}}
{"sessionId":"0173da","runId":"post-fix","timestamp":1783913480228,"hypothesisId":"L2","location":"dataplane_local.c:encrypt_to_wan","message":"split_l2_enter","data":{"plain_len":1514,"mode":1,"frag_meta":35,"mtu":1500,"n":250112}}
{"sessionId":"0173da","runId":"post-fix","timestamp":1783913480228,"hypothesisId":"L2","location":"dataplane_local.c:encrypt_to_wan","message":"split_l2_ok","data":{"frag0_wire":1500,"frag1_wire":98,"n":250112}}
{"sessionId":"0173da","runId":"post-fix","timestamp":1783913480229,"hypothesisId":"L2","location":"dataplane_local.c:encrypt_to_wan","message":"split_l2_enter","data":{"plain_len":1514,"mode":1,"frag_meta":35,"mtu":1500,"n":250368}}
{"sessionId":"0173da","runId":"post-fix","timestamp":1783913480229,"hypothesisId":"L2","location":"dataplane_local.c:encrypt_to_wan","message":"split_l2_ok","data":{"frag0_wire":1500,"frag1_wire":98,"n":250368}}
{"sessionId":"0173da","runId":"post-fix","timestamp":1783913480230,"hypothesisId":"L2","location":"dataplane_local.c:encrypt_to_wan","message":"split_l2_enter","data":{"plain_len":1507,"mode":1,"frag_meta":35,"mtu":1500,"n":250624}}
{"sessionId":"0173da","runId":"post-fix","timestamp":1783913480231,"hypothesisId":"L2","location":"dataplane_local.c:encrypt_to_wan","message":"split_l2_ok","data":{"frag0_wire":1500,"frag1_wire":91,"n":250624}}
{"sessionId":"0173da","runId":"post-fix","timestamp":1783913480232,"hypothesisId":"L2","location":"dataplane_local.c:encrypt_to_wan","message":"split_l2_enter","data":{"plain_len":1514,"mode":1,"frag_meta":35,"mtu":1500,"n":250880}}
{"sessionId":"0173da","runId":"post-fix","timestamp":1783913480232,"hypothesisId":"L2","location":"dataplane_local.c:encrypt_to_wan","message":"split_l2_ok","data":{"frag0_wire":1500,"frag1_wire":98,"n":250880}}
{"sessionId":"0173da","runId":"post-fix","timestamp":1783913480233,"hypothesisId":"L2","location":"dataplane_local.c:encrypt_to_wan","message":"split_l2_enter","data":{"plain_len":1514,"mode":1,"frag_meta":35,"mtu":1500,"n":251136}}
{"sessionId":"0173da","runId":"post-fix","timestamp":1783913480233,"hypothesisId":"L2","location":"dataplane_local.c:encrypt_to_wan","message":"split_l2_ok","data":{"frag0_wire":1500,"frag1_wire":98,"n":251136}}
{"sessionId":"0173da","runId":"post-fix","timestamp":1783913480234,"hypothesisId":"L2","location":"dataplane_local.c:encrypt_to_wan","message":"split_l2_enter","data":{"plain_len":1514,"mode":1,"frag_meta":35,"mtu":1500,"n":251392}}
{"sessionId":"0173da","runId":"post-fix","timestamp":1783913480234,"hypothesisId":"L2","location":"dataplane_local.c:encrypt_to_wan","message":"split_l2_ok","data":{"frag0_wire":1500,"frag1_wire":98,"n":251392}}
{"sessionId":"0173da","runId":"post-fix","timestamp":1783913480234,"hypothesisId":"L2","location":"dataplane_wan.c:dataplane_process_wan","message":"wan_l2_forward_ok","data":{"wire_in":96,"plain_len":66,"n":63488}}
{"sessionId":"0173da","runId":"post-fix","timestamp":1783913480234,"hypothesisId":"L2","location":"dataplane_wan.c:decrypt_wan","message":"l2_full_decrypt_ok","data":{"wire_len":96,"plain_len":66,"n":63488}}
{"sessionId":"0173da","runId":"post-fix","timestamp":1783913480235,"hypothesisId":"L2","location":"dataplane_local.c:encrypt_to_wan","message":"split_l2_enter","data":{"plain_len":1514,"mode":1,"frag_meta":35,"mtu":1500,"n":251648}}
{"sessionId":"0173da","runId":"post-fix","timestamp":1783913480235,"hypothesisId":"L2","location":"dataplane_local.c:encrypt_to_wan","message":"split_l2_ok","data":{"frag0_wire":1500,"frag1_wire":98,"n":251648}}
{"sessionId":"0173da","runId":"post-fix","timestamp":1783913480237,"hypothesisId":"L2","location":"dataplane_local.c:encrypt_to_wan","message":"split_l2_enter","data":{"plain_len":1514,"mode":1,"frag_meta":35,"mtu":1500,"n":251904}}
{"sessionId":"0173da","runId":"post-fix","timestamp":1783913480237,"hypothesisId":"L2","location":"dataplane_local.c:encrypt_to_wan","message":"split_l2_ok","data":{"frag0_wire":1500,"frag1_wire":98,"n":251904}}
{"sessionId":"0173da","runId":"post-fix","timestamp":1783913480238,"hypothesisId":"L2","location":"dataplane_local.c:encrypt_to_wan","message":"split_l2_enter","data":{"plain_len":1514,"mode":1,"frag_meta":35,"mtu":1500,"n":252160}}
{"sessionId":"0173da","runId":"post-fix","timestamp":1783913480238,"hypothesisId":"L2","location":"dataplane_local.c:encrypt_to_wan","message":"split_l2_ok","data":{"frag0_wire":1500,"frag1_wire":98,"n":252160}}
{"sessionId":"0173da","runId":"post-fix","timestamp":1783913480239,"hypothesisId":"L2","location":"dataplane_local.c:encrypt_to_wan","message":"split_l2_enter","data":{"plain_len":1514,"mode":1,"frag_meta":35,"mtu":1500,"n":252416}}
{"sessionId":"0173da","runId":"post-fix","timestamp":1783913480239,"hypothesisId":"L2","location":"dataplane_local.c:encrypt_to_wan","message":"split_l2_ok","data":{"frag0_wire":1500,"frag1_wire":98,"n":252416}}
{"sessionId":"0173da","runId":"post-fix","timestamp":1783913480240,"hypothesisId":"L2","location":"dataplane_local.c:encrypt_to_wan","message":"split_l2_enter","data":{"plain_len":1514,"mode":1,"frag_meta":35,"mtu":1500,"n":252672}}
{"sessionId":"0173da","runId":"post-fix","timestamp":1783913480241,"hypothesisId":"L2","location":"dataplane_local.c:encrypt_to_wan","message":"split_l2_ok","data":{"frag0_wire":1500,"frag1_wire":98,"n":252672}}
{"sessionId":"0173da","runId":"post-fix","timestamp":1783913480241,"hypothesisId":"L2","location":"dataplane_wan.c:decrypt_wan","message":"l2_full_decrypt_ok","data":{"wire_len":108,"plain_len":78,"n":64000}}
{"sessionId":"0173da","runId":"post-fix","timestamp":1783913480241,"hypothesisId":"L2","location":"dataplane_wan.c:dataplane_process_wan","message":"wan_l2_forward_ok","data":{"wire_in":108,"plain_len":78,"n":64000}}
{"sessionId":"0173da","runId":"post-fix","timestamp":1783913480242,"hypothesisId":"L2","location":"dataplane_local.c:encrypt_to_wan","message":"split_l2_enter","data":{"plain_len":1514,"mode":1,"frag_meta":35,"mtu":1500,"n":252928}}
{"sessionId":"0173da","runId":"post-fix","timestamp":1783913480242,"hypothesisId":"L2","location":"dataplane_local.c:encrypt_to_wan","message":"split_l2_ok","data":{"frag0_wire":1500,"frag1_wire":98,"n":252928}}
{"sessionId":"0173da","runId":"post-fix","timestamp":1783913480243,"hypothesisId":"L2","location":"dataplane_local.c:encrypt_to_wan","message":"split_l2_enter","data":{"plain_len":1514,"mode":1,"frag_meta":35,"mtu":1500,"n":253184}}
{"sessionId":"0173da","runId":"post-fix","timestamp":1783913480243,"hypothesisId":"L2","location":"dataplane_local.c:encrypt_to_wan","message":"split_l2_ok","data":{"frag0_wire":1500,"frag1_wire":98,"n":253184}}
{"sessionId":"0173da","runId":"post-fix","timestamp":1783913480243,"hypothesisId":"L2","location":"dataplane_local.c:encrypt_to_wan","message":"encrypt_l2_full_ok","data":{"plain_len":1242,"wire_len":1272,"mode":1,"n":5632}}
{"sessionId":"0173da","runId":"post-fix","timestamp":1783913480244,"hypothesisId":"L2","location":"dataplane_local.c:encrypt_to_wan","message":"split_l2_enter","data":{"plain_len":1514,"mode":1,"frag_meta":35,"mtu":1500,"n":253440}}
{"sessionId":"0173da","runId":"post-fix","timestamp":1783913480244,"hypothesisId":"L2","location":"dataplane_local.c:encrypt_to_wan","message":"split_l2_ok","data":{"frag0_wire":1500,"frag1_wire":98,"n":253440}}
{"sessionId":"0173da","runId":"post-fix","timestamp":1783913480246,"hypothesisId":"L2","location":"dataplane_local.c:encrypt_to_wan","message":"split_l2_enter","data":{"plain_len":1514,"mode":1,"frag_meta":35,"mtu":1500,"n":253696}}
{"sessionId":"0173da","runId":"post-fix","timestamp":1783913480246,"hypothesisId":"L2","location":"dataplane_local.c:encrypt_to_wan","message":"split_l2_ok","data":{"frag0_wire":1500,"frag1_wire":98,"n":253696}}
{"sessionId":"0173da","runId":"post-fix","timestamp":1783913480247,"hypothesisId":"L2","location":"dataplane_local.c:encrypt_to_wan","message":"split_l2_enter","data":{"plain_len":1514,"mode":1,"frag_meta":35,"mtu":1500,"n":253952}}
{"sessionId":"0173da","runId":"post-fix","timestamp":1783913480247,"hypothesisId":"L2","location":"dataplane_local.c:encrypt_to_wan","message":"split_l2_ok","data":{"frag0_wire":1500,"frag1_wire":98,"n":253952}}
{"sessionId":"0173da","runId":"post-fix","timestamp":1783913480248,"hypothesisId":"L2","location":"dataplane_wan.c:dataplane_process_wan","message":"wan_l2_forward_ok","data":{"wire_in":108,"plain_len":78,"n":64512}}
{"sessionId":"0173da","runId":"post-fix","timestamp":1783913480248,"hypothesisId":"L2","location":"dataplane_wan.c:decrypt_wan","message":"l2_full_decrypt_ok","data":{"wire_len":96,"plain_len":66,"n":64512}}
{"sessionId":"0173da","runId":"post-fix","timestamp":1783913480248,"hypothesisId":"L2","location":"dataplane_local.c:encrypt_to_wan","message":"split_l2_enter","data":{"plain_len":1514,"mode":1,"frag_meta":35,"mtu":1500,"n":254208}}
{"sessionId":"0173da","runId":"post-fix","timestamp":1783913480248,"hypothesisId":"L2","location":"dataplane_local.c:encrypt_to_wan","message":"split_l2_ok","data":{"frag0_wire":1500,"frag1_wire":98,"n":254208}}
{"sessionId":"0173da","runId":"post-fix","timestamp":1783913480250,"hypothesisId":"L2","location":"dataplane_local.c:encrypt_to_wan","message":"split_l2_enter","data":{"plain_len":1514,"mode":1,"frag_meta":35,"mtu":1500,"n":254464}}
{"sessionId":"0173da","runId":"post-fix","timestamp":1783913480250,"hypothesisId":"L2","location":"dataplane_local.c:encrypt_to_wan","message":"split_l2_ok","data":{"frag0_wire":1500,"frag1_wire":98,"n":254464}}
{"sessionId":"0173da","runId":"post-fix","timestamp":1783913480251,"hypothesisId":"L2","location":"dataplane_local.c:encrypt_to_wan","message":"split_l2_enter","data":{"plain_len":1507,"mode":1,"frag_meta":35,"mtu":1500,"n":254720}}
{"sessionId":"0173da","runId":"post-fix","timestamp":1783913480251,"hypothesisId":"L2","location":"dataplane_local.c:encrypt_to_wan","message":"split_l2_ok","data":{"frag0_wire":1500,"frag1_wire":91,"n":254720}}
{"sessionId":"0173da","runId":"post-fix","timestamp":1783913480252,"hypothesisId":"L2","location":"dataplane_local.c:encrypt_to_wan","message":"split_l2_enter","data":{"plain_len":1507,"mode":1,"frag_meta":35,"mtu":1500,"n":254976}}
{"sessionId":"0173da","runId":"post-fix","timestamp":1783913480252,"hypothesisId":"L2","location":"dataplane_local.c:encrypt_to_wan","message":"split_l2_ok","data":{"frag0_wire":1500,"frag1_wire":91,"n":254976}}
{"sessionId":"0173da","runId":"post-fix","timestamp":1783913480253,"hypothesisId":"L2","location":"dataplane_local.c:encrypt_to_wan","message":"split_l2_enter","data":{"plain_len":1514,"mode":1,"frag_meta":35,"mtu":1500,"n":255232}}
{"sessionId":"0173da","runId":"post-fix","timestamp":1783913480254,"hypothesisId":"L2","location":"dataplane_local.c:encrypt_to_wan","message":"split_l2_ok","data":{"frag0_wire":1500,"frag1_wire":98,"n":255232}}
{"sessionId":"0173da","runId":"post-fix","timestamp":1783913480255,"hypothesisId":"L2","location":"dataplane_local.c:encrypt_to_wan","message":"split_l2_enter","data":{"plain_len":1514,"mode":1,"frag_meta":35,"mtu":1500,"n":255488}}
{"sessionId":"0173da","runId":"post-fix","timestamp":1783913480255,"hypothesisId":"L2","location":"dataplane_local.c:encrypt_to_wan","message":"split_l2_ok","data":{"frag0_wire":1500,"frag1_wire":98,"n":255488}}
{"sessionId":"0173da","runId":"post-fix","timestamp":1783913480255,"hypothesisId":"L2","location":"dataplane_wan.c:dataplane_process_wan","message":"wan_l2_forward_ok","data":{"wire_in":108,"plain_len":78,"n":65024}}
{"sessionId":"0173da","runId":"post-fix","timestamp":1783913480255,"hypothesisId":"L2","location":"dataplane_wan.c:decrypt_wan","message":"l2_full_decrypt_ok","data":{"wire_len":116,"plain_len":86,"n":65024}}
{"sessionId":"0173da","runId":"post-fix","timestamp":1783913480256,"hypothesisId":"L2","location":"dataplane_local.c:encrypt_to_wan","message":"split_l2_enter","data":{"plain_len":1514,"mode":1,"frag_meta":35,"mtu":1500,"n":255744}}
{"sessionId":"0173da","runId":"post-fix","timestamp":1783913480256,"hypothesisId":"L2","location":"dataplane_local.c:encrypt_to_wan","message":"split_l2_ok","data":{"frag0_wire":1500,"frag1_wire":98,"n":255744}}
{"sessionId":"0173da","runId":"post-fix","timestamp":1783913480258,"hypothesisId":"L2","location":"dataplane_local.c:encrypt_to_wan","message":"split_l2_enter","data":{"plain_len":1514,"mode":1,"frag_meta":35,"mtu":1500,"n":256000}}
{"sessionId":"0173da","runId":"post-fix","timestamp":1783913480258,"hypothesisId":"L2","location":"dataplane_local.c:encrypt_to_wan","message":"split_l2_ok","data":{"frag0_wire":1500,"frag1_wire":98,"n":256000}}
{"sessionId":"0173da","runId":"post-fix","timestamp":1783913480260,"hypothesisId":"L2","location":"dataplane_local.c:encrypt_to_wan","message":"split_l2_enter","data":{"plain_len":1514,"mode":1,"frag_meta":35,"mtu":1500,"n":256256}}
{"sessionId":"0173da","runId":"post-fix","timestamp":1783913480260,"hypothesisId":"L2","location":"dataplane_local.c:encrypt_to_wan","message":"split_l2_ok","data":{"frag0_wire":1500,"frag1_wire":98,"n":256256}}
{"sessionId":"0173da","runId":"post-fix","timestamp":1783913480262,"hypothesisId":"L2","location":"dataplane_local.c:encrypt_to_wan","message":"split_l2_enter","data":{"plain_len":1514,"mode":1,"frag_meta":35,"mtu":1500,"n":256512}}
{"sessionId":"0173da","runId":"post-fix","timestamp":1783913480262,"hypothesisId":"L2","location":"dataplane_local.c:encrypt_to_wan","message":"split_l2_ok","data":{"frag0_wire":1500,"frag1_wire":98,"n":256512}}
{"sessionId":"0173da","runId":"post-fix","timestamp":1783913480263,"hypothesisId":"L2","location":"dataplane_wan.c:decrypt_wan","message":"l2_full_decrypt_ok","data":{"wire_len":96,"plain_len":66,"n":65536}}
{"sessionId":"0173da","runId":"post-fix","timestamp":1783913480263,"hypothesisId":"L2","location":"dataplane_wan.c:dataplane_process_wan","message":"wan_l2_forward_ok","data":{"wire_in":108,"plain_len":78,"n":65536}}
{"sessionId":"0173da","runId":"post-fix","timestamp":1783913480263,"hypothesisId":"L2","location":"dataplane_local.c:encrypt_to_wan","message":"split_l2_enter","data":{"plain_len":1514,"mode":1,"frag_meta":35,"mtu":1500,"n":256768}}
{"sessionId":"0173da","runId":"post-fix","timestamp":1783913480263,"hypothesisId":"L2","location":"dataplane_local.c:encrypt_to_wan","message":"split_l2_ok","data":{"frag0_wire":1500,"frag1_wire":98,"n":256768}}
{"sessionId":"0173da","runId":"post-fix","timestamp":1783913480266,"hypothesisId":"L2","location":"dataplane_local.c:encrypt_to_wan","message":"split_l2_enter","data":{"plain_len":1514,"mode":1,"frag_meta":35,"mtu":1500,"n":257024}}
{"sessionId":"0173da","runId":"post-fix","timestamp":1783913480266,"hypothesisId":"L2","location":"dataplane_local.c:encrypt_to_wan","message":"split_l2_ok","data":{"frag0_wire":1500,"frag1_wire":98,"n":257024}}
{"sessionId":"0173da","runId":"post-fix","timestamp":1783913480268,"hypothesisId":"L2","location":"dataplane_local.c:encrypt_to_wan","message":"split_l2_enter","data":{"plain_len":1514,"mode":1,"frag_meta":35,"mtu":1500,"n":257280}}
{"sessionId":"0173da","runId":"post-fix","timestamp":1783913480268,"hypothesisId":"L2","location":"dataplane_local.c:encrypt_to_wan","message":"split_l2_ok","data":{"frag0_wire":1500,"frag1_wire":98,"n":257280}}
{"sessionId":"0173da","runId":"post-fix","timestamp":1783913480269,"hypothesisId":"L2","location":"dataplane_local.c:encrypt_to_wan","message":"split_l2_enter","data":{"plain_len":1514,"mode":1,"frag_meta":35,"mtu":1500,"n":257536}}
{"sessionId":"0173da","runId":"post-fix","timestamp":1783913480269,"hypothesisId":"L2","location":"dataplane_local.c:encrypt_to_wan","message":"split_l2_ok","data":{"frag0_wire":1500,"frag1_wire":98,"n":257536}}
{"sessionId":"0173da","runId":"post-fix","timestamp":1783913480270,"hypothesisId":"L2","location":"dataplane_local.c:encrypt_to_wan","message":"split_l2_enter","data":{"plain_len":1514,"mode":1,"frag_meta":35,"mtu":1500,"n":257792}}
{"sessionId":"0173da","runId":"post-fix","timestamp":1783913480271,"hypothesisId":"L2","location":"dataplane_local.c:encrypt_to_wan","message":"split_l2_ok","data":{"frag0_wire":1500,"frag1_wire":98,"n":257792}}
{"sessionId":"0173da","runId":"post-fix","timestamp":1783913480272,"hypothesisId":"L2","location":"dataplane_local.c:encrypt_to_wan","message":"split_l2_enter","data":{"plain_len":1514,"mode":1,"frag_meta":35,"mtu":1500,"n":258048}}
{"sessionId":"0173da","runId":"post-fix","timestamp":1783913480272,"hypothesisId":"L2","location":"dataplane_local.c:encrypt_to_wan","message":"split_l2_ok","data":{"frag0_wire":1500,"frag1_wire":98,"n":258048}}
{"sessionId":"0173da","runId":"post-fix","timestamp":1783913480273,"hypothesisId":"L2","location":"dataplane_local.c:encrypt_to_wan","message":"split_l2_enter","data":{"plain_len":1514,"mode":1,"frag_meta":35,"mtu":1500,"n":258304}}
{"sessionId":"0173da","runId":"post-fix","timestamp":1783913480273,"hypothesisId":"L2","location":"dataplane_local.c:encrypt_to_wan","message":"split_l2_ok","data":{"frag0_wire":1500,"frag1_wire":98,"n":258304}}
{"sessionId":"0173da","runId":"post-fix","timestamp":1783913480274,"hypothesisId":"L2","location":"dataplane_wan.c:dataplane_process_wan","message":"wan_l2_forward_ok","data":{"wire_in":108,"plain_len":78,"n":66048}}
{"sessionId":"0173da","runId":"post-fix","timestamp":1783913480274,"hypothesisId":"L2","location":"dataplane_wan.c:decrypt_wan","message":"l2_full_decrypt_ok","data":{"wire_len":96,"plain_len":66,"n":66048}}
{"sessionId":"0173da","runId":"post-fix","timestamp":1783913480274,"hypothesisId":"L2","location":"dataplane_local.c:encrypt_to_wan","message":"split_l2_enter","data":{"plain_len":1514,"mode":1,"frag_meta":35,"mtu":1500,"n":258560}}
{"sessionId":"0173da","runId":"post-fix","timestamp":1783913480274,"hypothesisId":"L2","location":"dataplane_local.c:encrypt_to_wan","message":"split_l2_ok","data":{"frag0_wire":1500,"frag1_wire":98,"n":258560}}
{"sessionId":"0173da","runId":"post-fix","timestamp":1783913480276,"hypothesisId":"L2","location":"dataplane_local.c:encrypt_to_wan","message":"split_l2_enter","data":{"plain_len":1514,"mode":1,"frag_meta":35,"mtu":1500,"n":258816}}
{"sessionId":"0173da","runId":"post-fix","timestamp":1783913480276,"hypothesisId":"L2","location":"dataplane_local.c:encrypt_to_wan","message":"split_l2_ok","data":{"frag0_wire":1500,"frag1_wire":98,"n":258816}}
{"sessionId":"0173da","runId":"post-fix","timestamp":1783913480277,"hypothesisId":"L2","location":"dataplane_local.c:encrypt_to_wan","message":"split_l2_enter","data":{"plain_len":1514,"mode":1,"frag_meta":35,"mtu":1500,"n":259072}}
{"sessionId":"0173da","runId":"post-fix","timestamp":1783913480277,"hypothesisId":"L2","location":"dataplane_local.c:encrypt_to_wan","message":"split_l2_ok","data":{"frag0_wire":1500,"frag1_wire":98,"n":259072}}
{"sessionId":"0173da","runId":"post-fix","timestamp":1783913480278,"hypothesisId":"L2","location":"dataplane_local.c:encrypt_to_wan","message":"split_l2_enter","data":{"plain_len":1514,"mode":1,"frag_meta":35,"mtu":1500,"n":259328}}
{"sessionId":"0173da","runId":"post-fix","timestamp":1783913480278,"hypothesisId":"L2","location":"dataplane_local.c:encrypt_to_wan","message":"split_l2_ok","data":{"frag0_wire":1500,"frag1_wire":98,"n":259328}}
{"sessionId":"0173da","runId":"post-fix","timestamp":1783913480279,"hypothesisId":"L2","location":"dataplane_local.c:encrypt_to_wan","message":"split_l2_enter","data":{"plain_len":1514,"mode":1,"frag_meta":35,"mtu":1500,"n":259584}}
{"sessionId":"0173da","runId":"post-fix","timestamp":1783913480280,"hypothesisId":"L2","location":"dataplane_local.c:encrypt_to_wan","message":"split_l2_ok","data":{"frag0_wire":1500,"frag1_wire":98,"n":259584}}
{"sessionId":"0173da","runId":"post-fix","timestamp":1783913480280,"hypothesisId":"L2","location":"dataplane_wan.c:decrypt_wan","message":"l2_full_decrypt_ok","data":{"wire_len":108,"plain_len":78,"n":66560}}
{"sessionId":"0173da","runId":"post-fix","timestamp":1783913480280,"hypothesisId":"L2","location":"dataplane_wan.c:dataplane_process_wan","message":"wan_l2_forward_ok","data":{"wire_in":108,"plain_len":78,"n":66560}}
{"sessionId":"0173da","runId":"post-fix","timestamp":1783913480281,"hypothesisId":"L2","location":"dataplane_local.c:encrypt_to_wan","message":"split_l2_enter","data":{"plain_len":1514,"mode":1,"frag_meta":35,"mtu":1500,"n":259840}}
{"sessionId":"0173da","runId":"post-fix","timestamp":1783913480281,"hypothesisId":"L2","location":"dataplane_local.c:encrypt_to_wan","message":"split_l2_ok","data":{"frag0_wire":1500,"frag1_wire":98,"n":259840}}
{"sessionId":"0173da","runId":"post-fix","timestamp":1783913480282,"hypothesisId":"L2","location":"dataplane_local.c:encrypt_to_wan","message":"split_l2_enter","data":{"plain_len":1514,"mode":1,"frag_meta":35,"mtu":1500,"n":260096}}
{"sessionId":"0173da","runId":"post-fix","timestamp":1783913480282,"hypothesisId":"L2","location":"dataplane_local.c:encrypt_to_wan","message":"split_l2_ok","data":{"frag0_wire":1500,"frag1_wire":98,"n":260096}}
{"sessionId":"0173da","runId":"post-fix","timestamp":1783913480283,"hypothesisId":"L2","location":"dataplane_local.c:encrypt_to_wan","message":"split_l2_enter","data":{"plain_len":1514,"mode":1,"frag_meta":35,"mtu":1500,"n":260352}}
{"sessionId":"0173da","runId":"post-fix","timestamp":1783913480283,"hypothesisId":"L2","location":"dataplane_local.c:encrypt_to_wan","message":"split_l2_ok","data":{"frag0_wire":1500,"frag1_wire":98,"n":260352}}
{"sessionId":"0173da","runId":"post-fix","timestamp":1783913480284,"hypothesisId":"L2","location":"dataplane_local.c:encrypt_to_wan","message":"split_l2_enter","data":{"plain_len":1514,"mode":1,"frag_meta":35,"mtu":1500,"n":260608}}
{"sessionId":"0173da","runId":"post-fix","timestamp":1783913480284,"hypothesisId":"L2","location":"dataplane_local.c:encrypt_to_wan","message":"split_l2_ok","data":{"frag0_wire":1500,"frag1_wire":98,"n":260608}}
{"sessionId":"0173da","runId":"post-fix","timestamp":1783913480286,"hypothesisId":"L2","location":"dataplane_local.c:encrypt_to_wan","message":"split_l2_enter","data":{"plain_len":1514,"mode":1,"frag_meta":35,"mtu":1500,"n":260864}}
{"sessionId":"0173da","runId":"post-fix","timestamp":1783913480286,"hypothesisId":"L2","location":"dataplane_local.c:encrypt_to_wan","message":"split_l2_ok","data":{"frag0_wire":1500,"frag1_wire":98,"n":260864}}
{"sessionId":"0173da","runId":"post-fix","timestamp":1783913480287,"hypothesisId":"L2","location":"dataplane_local.c:encrypt_to_wan","message":"split_l2_enter","data":{"plain_len":1514,"mode":1,"frag_meta":35,"mtu":1500,"n":261120}}
{"sessionId":"0173da","runId":"post-fix","timestamp":1783913480287,"hypothesisId":"L2","location":"dataplane_local.c:encrypt_to_wan","message":"split_l2_ok","data":{"frag0_wire":1500,"frag1_wire":98,"n":261120}}
{"sessionId":"0173da","runId":"post-fix","timestamp":1783913480287,"hypothesisId":"L2","location":"dataplane_wan.c:dataplane_process_wan","message":"wan_l2_forward_ok","data":{"wire_in":108,"plain_len":78,"n":67072}}
{"sessionId":"0173da","runId":"post-fix","timestamp":1783913480287,"hypothesisId":"L2","location":"dataplane_wan.c:decrypt_wan","message":"l2_full_decrypt_ok","data":{"wire_len":108,"plain_len":78,"n":67072}}
{"sessionId":"0173da","runId":"post-fix","timestamp":1783913480288,"hypothesisId":"L2","location":"dataplane_local.c:encrypt_to_wan","message":"split_l2_enter","data":{"plain_len":1514,"mode":1,"frag_meta":35,"mtu":1500,"n":261376}}
{"sessionId":"0173da","runId":"post-fix","timestamp":1783913480288,"hypothesisId":"L2","location":"dataplane_local.c:encrypt_to_wan","message":"split_l2_ok","data":{"frag0_wire":1500,"frag1_wire":98,"n":261376}}
{"sessionId":"0173da","runId":"post-fix","timestamp":1783913480289,"hypothesisId":"L2","location":"dataplane_local.c:encrypt_to_wan","message":"split_l2_enter","data":{"plain_len":1514,"mode":1,"frag_meta":35,"mtu":1500,"n":261632}}
{"sessionId":"0173da","runId":"post-fix","timestamp":1783913480290,"hypothesisId":"L2","location":"dataplane_local.c:encrypt_to_wan","message":"split_l2_ok","data":{"frag0_wire":1500,"frag1_wire":98,"n":261632}}
{"sessionId":"0173da","runId":"post-fix","timestamp":1783913480291,"hypothesisId":"L2","location":"dataplane_local.c:encrypt_to_wan","message":"split_l2_enter","data":{"plain_len":1514,"mode":1,"frag_meta":35,"mtu":1500,"n":261888}}
{"sessionId":"0173da","runId":"post-fix","timestamp":1783913480291,"hypothesisId":"L2","location":"dataplane_local.c:encrypt_to_wan","message":"split_l2_ok","data":{"frag0_wire":1500,"frag1_wire":98,"n":261888}}
{"sessionId":"0173da","runId":"post-fix","timestamp":1783913480292,"hypothesisId":"L2","location":"dataplane_local.c:encrypt_to_wan","message":"split_l2_enter","data":{"plain_len":1514,"mode":1,"frag_meta":35,"mtu":1500,"n":262144}}
{"sessionId":"0173da","runId":"post-fix","timestamp":1783913480292,"hypothesisId":"L2","location":"dataplane_local.c:encrypt_to_wan","message":"split_l2_ok","data":{"frag0_wire":1500,"frag1_wire":98,"n":262144}}
{"sessionId":"0173da","runId":"post-fix","timestamp":1783913480293,"hypothesisId":"L2","location":"dataplane_local.c:encrypt_to_wan","message":"split_l2_enter","data":{"plain_len":1514,"mode":1,"frag_meta":35,"mtu":1500,"n":262400}}
{"sessionId":"0173da","runId":"post-fix","timestamp":1783913480293,"hypothesisId":"L2","location":"dataplane_local.c:encrypt_to_wan","message":"split_l2_ok","data":{"frag0_wire":1500,"frag1_wire":98,"n":262400}}
{"sessionId":"0173da","runId":"post-fix","timestamp":1783913480294,"hypothesisId":"L2","location":"dataplane_wan.c:decrypt_wan","message":"l2_full_decrypt_ok","data":{"wire_len":96,"plain_len":66,"n":67584}}
{"sessionId":"0173da","runId":"post-fix","timestamp":1783913480294,"hypothesisId":"L2","location":"dataplane_wan.c:dataplane_process_wan","message":"wan_l2_forward_ok","data":{"wire_in":108,"plain_len":78,"n":67584}}
{"sessionId":"0173da","runId":"post-fix","timestamp":1783913480295,"hypothesisId":"L2","location":"dataplane_local.c:encrypt_to_wan","message":"split_l2_enter","data":{"plain_len":1507,"mode":1,"frag_meta":35,"mtu":1500,"n":262656}}
{"sessionId":"0173da","runId":"post-fix","timestamp":1783913480295,"hypothesisId":"L2","location":"dataplane_local.c:encrypt_to_wan","message":"split_l2_ok","data":{"frag0_wire":1500,"frag1_wire":91,"n":262656}}
{"sessionId":"0173da","runId":"post-fix","timestamp":1783913480296,"hypothesisId":"L2","location":"dataplane_local.c:encrypt_to_wan","message":"split_l2_enter","data":{"plain_len":1514,"mode":1,"frag_meta":35,"mtu":1500,"n":262912}}
{"sessionId":"0173da","runId":"post-fix","timestamp":1783913480296,"hypothesisId":"L2","location":"dataplane_local.c:encrypt_to_wan","message":"split_l2_ok","data":{"frag0_wire":1500,"frag1_wire":98,"n":262912}}
{"sessionId":"0173da","runId":"post-fix","timestamp":1783913480297,"hypothesisId":"L2","location":"dataplane_local.c:encrypt_to_wan","message":"split_l2_enter","data":{"plain_len":1514,"mode":1,"frag_meta":35,"mtu":1500,"n":263168}}
{"sessionId":"0173da","runId":"post-fix","timestamp":1783913480297,"hypothesisId":"L2","location":"dataplane_local.c:encrypt_to_wan","message":"split_l2_ok","data":{"frag0_wire":1500,"frag1_wire":98,"n":263168}}
{"sessionId":"0173da","runId":"post-fix","timestamp":1783913480298,"hypothesisId":"L2","location":"dataplane_local.c:encrypt_to_wan","message":"split_l2_enter","data":{"plain_len":1514,"mode":1,"frag_meta":35,"mtu":1500,"n":263424}}
{"sessionId":"0173da","runId":"post-fix","timestamp":1783913480298,"hypothesisId":"L2","location":"dataplane_local.c:encrypt_to_wan","message":"split_l2_ok","data":{"frag0_wire":1500,"frag1_wire":98,"n":263424}}
{"sessionId":"0173da","runId":"post-fix","timestamp":1783913480300,"hypothesisId":"L2","location":"dataplane_local.c:encrypt_to_wan","message":"split_l2_enter","data":{"plain_len":1514,"mode":1,"frag_meta":35,"mtu":1500,"n":263680}}
{"sessionId":"0173da","runId":"post-fix","timestamp":1783913480300,"hypothesisId":"L2","location":"dataplane_local.c:encrypt_to_wan","message":"split_l2_ok","data":{"frag0_wire":1500,"frag1_wire":98,"n":263680}}
{"sessionId":"0173da","runId":"post-fix","timestamp":1783913480301,"hypothesisId":"L2","location":"dataplane_local.c:encrypt_to_wan","message":"split_l2_enter","data":{"plain_len":1514,"mode":1,"frag_meta":35,"mtu":1500,"n":263936}}
{"sessionId":"0173da","runId":"post-fix","timestamp":1783913480301,"hypothesisId":"L2","location":"dataplane_local.c:encrypt_to_wan","message":"split_l2_ok","data":{"frag0_wire":1500,"frag1_wire":98,"n":263936}}
{"sessionId":"0173da","runId":"post-fix","timestamp":1783913480303,"hypothesisId":"L2","location":"dataplane_local.c:encrypt_to_wan","message":"split_l2_enter","data":{"plain_len":1514,"mode":1,"frag_meta":35,"mtu":1500,"n":264192}}
{"sessionId":"0173da","runId":"post-fix","timestamp":1783913480303,"hypothesisId":"L2","location":"dataplane_local.c:encrypt_to_wan","message":"split_l2_ok","data":{"frag0_wire":1500,"frag1_wire":98,"n":264192}}
{"sessionId":"0173da","runId":"post-fix","timestamp":1783913480305,"hypothesisId":"L2","location":"dataplane_local.c:encrypt_to_wan","message":"split_l2_enter","data":{"plain_len":1507,"mode":1,"frag_meta":35,"mtu":1500,"n":264448}}
{"sessionId":"0173da","runId":"post-fix","timestamp":1783913480305,"hypothesisId":"L2","location":"dataplane_local.c:encrypt_to_wan","message":"split_l2_ok","data":{"frag0_wire":1500,"frag1_wire":91,"n":264448}}
{"sessionId":"0173da","runId":"post-fix","timestamp":1783913480306,"hypothesisId":"L2","location":"dataplane_wan.c:decrypt_wan","message":"l2_full_decrypt_ok","data":{"wire_len":96,"plain_len":66,"n":68096}}
{"sessionId":"0173da","runId":"post-fix","timestamp":1783913480306,"hypothesisId":"L2","location":"dataplane_wan.c:dataplane_process_wan","message":"wan_l2_forward_ok","data":{"wire_in":96,"plain_len":66,"n":68096}}
{"sessionId":"0173da","runId":"post-fix","timestamp":1783913480309,"hypothesisId":"L2","location":"dataplane_local.c:encrypt_to_wan","message":"split_l2_enter","data":{"plain_len":1514,"mode":1,"frag_meta":35,"mtu":1500,"n":264704}}
{"sessionId":"0173da","runId":"post-fix","timestamp":1783913480309,"hypothesisId":"L2","location":"dataplane_local.c:encrypt_to_wan","message":"split_l2_ok","data":{"frag0_wire":1500,"frag1_wire":98,"n":264704}}
{"sessionId":"0173da","runId":"post-fix","timestamp":1783913480312,"hypothesisId":"L2","location":"dataplane_local.c:encrypt_to_wan","message":"split_l2_enter","data":{"plain_len":1514,"mode":1,"frag_meta":35,"mtu":1500,"n":264960}}
{"sessionId":"0173da","runId":"post-fix","timestamp":1783913480312,"hypothesisId":"L2","location":"dataplane_local.c:encrypt_to_wan","message":"split_l2_ok","data":{"frag0_wire":1500,"frag1_wire":98,"n":264960}}
{"sessionId":"0173da","runId":"post-fix","timestamp":1783913480313,"hypothesisId":"L2","location":"dataplane_local.c:encrypt_to_wan","message":"split_l2_enter","data":{"plain_len":1514,"mode":1,"frag_meta":35,"mtu":1500,"n":265216}}
{"sessionId":"0173da","runId":"post-fix","timestamp":1783913480313,"hypothesisId":"L2","location":"dataplane_local.c:encrypt_to_wan","message":"split_l2_ok","data":{"frag0_wire":1500,"frag1_wire":98,"n":265216}}
{"sessionId":"0173da","runId":"post-fix","timestamp":1783913480314,"hypothesisId":"L2","location":"dataplane_local.c:encrypt_to_wan","message":"split_l2_enter","data":{"plain_len":1514,"mode":1,"frag_meta":35,"mtu":1500,"n":265472}}
{"sessionId":"0173da","runId":"post-fix","timestamp":1783913480315,"hypothesisId":"L2","location":"dataplane_local.c:encrypt_to_wan","message":"split_l2_ok","data":{"frag0_wire":1500,"frag1_wire":98,"n":265472}}
{"sessionId":"0173da","runId":"post-fix","timestamp":1783913480316,"hypothesisId":"L2","location":"dataplane_local.c:encrypt_to_wan","message":"split_l2_enter","data":{"plain_len":1514,"mode":1,"frag_meta":35,"mtu":1500,"n":265728}}
{"sessionId":"0173da","runId":"post-fix","timestamp":1783913480316,"hypothesisId":"L2","location":"dataplane_local.c:encrypt_to_wan","message":"split_l2_ok","data":{"frag0_wire":1500,"frag1_wire":98,"n":265728}}
{"sessionId":"0173da","runId":"post-fix","timestamp":1783913480317,"hypothesisId":"L2","location":"dataplane_local.c:encrypt_to_wan","message":"split_l2_enter","data":{"plain_len":1514,"mode":1,"frag_meta":35,"mtu":1500,"n":265984}}
{"sessionId":"0173da","runId":"post-fix","timestamp":1783913480317,"hypothesisId":"L2","location":"dataplane_local.c:encrypt_to_wan","message":"split_l2_ok","data":{"frag0_wire":1500,"frag1_wire":98,"n":265984}}
{"sessionId":"0173da","runId":"post-fix","timestamp":1783913480318,"hypothesisId":"L2","location":"dataplane_local.c:encrypt_to_wan","message":"split_l2_enter","data":{"plain_len":1514,"mode":1,"frag_meta":35,"mtu":1500,"n":266240}}
{"sessionId":"0173da","runId":"post-fix","timestamp":1783913480318,"hypothesisId":"L2","location":"dataplane_local.c:encrypt_to_wan","message":"split_l2_ok","data":{"frag0_wire":1500,"frag1_wire":98,"n":266240}}
{"sessionId":"0173da","runId":"post-fix","timestamp":1783913480319,"hypothesisId":"L2","location":"dataplane_wan.c:decrypt_wan","message":"l2_full_decrypt_ok","data":{"wire_len":116,"plain_len":86,"n":68608}}
{"sessionId":"0173da","runId":"post-fix","timestamp":1783913480319,"hypothesisId":"L2","location":"dataplane_wan.c:dataplane_process_wan","message":"wan_l2_forward_ok","data":{"wire_in":96,"plain_len":66,"n":68608}}
{"sessionId":"0173da","runId":"post-fix","timestamp":1783913480320,"hypothesisId":"L2","location":"dataplane_local.c:encrypt_to_wan","message":"split_l2_enter","data":{"plain_len":1507,"mode":1,"frag_meta":35,"mtu":1500,"n":266496}}
{"sessionId":"0173da","runId":"post-fix","timestamp":1783913480320,"hypothesisId":"L2","location":"dataplane_local.c:encrypt_to_wan","message":"split_l2_ok","data":{"frag0_wire":1500,"frag1_wire":91,"n":266496}}
{"sessionId":"0173da","runId":"post-fix","timestamp":1783913480321,"hypothesisId":"L2","location":"dataplane_local.c:encrypt_to_wan","message":"split_l2_enter","data":{"plain_len":1514,"mode":1,"frag_meta":35,"mtu":1500,"n":266752}}
{"sessionId":"0173da","runId":"post-fix","timestamp":1783913480321,"hypothesisId":"L2","location":"dataplane_local.c:encrypt_to_wan","message":"split_l2_ok","data":{"frag0_wire":1500,"frag1_wire":98,"n":266752}}
{"sessionId":"0173da","runId":"post-fix","timestamp":1783913480322,"hypothesisId":"L2","location":"dataplane_local.c:encrypt_to_wan","message":"split_l2_enter","data":{"plain_len":1514,"mode":1,"frag_meta":35,"mtu":1500,"n":267008}}
{"sessionId":"0173da","runId":"post-fix","timestamp":1783913480322,"hypothesisId":"L2","location":"dataplane_local.c:encrypt_to_wan","message":"split_l2_ok","data":{"frag0_wire":1500,"frag1_wire":98,"n":267008}}
{"sessionId":"0173da","runId":"post-fix","timestamp":1783913480323,"hypothesisId":"L2","location":"dataplane_local.c:encrypt_to_wan","message":"split_l2_enter","data":{"plain_len":1514,"mode":1,"frag_meta":35,"mtu":1500,"n":267264}}
{"sessionId":"0173da","runId":"post-fix","timestamp":1783913480323,"hypothesisId":"L2","location":"dataplane_local.c:encrypt_to_wan","message":"split_l2_ok","data":{"frag0_wire":1500,"frag1_wire":98,"n":267264}}
{"sessionId":"0173da","runId":"post-fix","timestamp":1783913480325,"hypothesisId":"L2","location":"dataplane_local.c:encrypt_to_wan","message":"split_l2_enter","data":{"plain_len":1514,"mode":1,"frag_meta":35,"mtu":1500,"n":267520}}
{"sessionId":"0173da","runId":"post-fix","timestamp":1783913480325,"hypothesisId":"L2","location":"dataplane_local.c:encrypt_to_wan","message":"split_l2_ok","data":{"frag0_wire":1500,"frag1_wire":98,"n":267520}}
{"sessionId":"0173da","runId":"post-fix","timestamp":1783913480326,"hypothesisId":"L2","location":"dataplane_local.c:encrypt_to_wan","message":"split_l2_enter","data":{"plain_len":1514,"mode":1,"frag_meta":35,"mtu":1500,"n":267776}}
{"sessionId":"0173da","runId":"post-fix","timestamp":1783913480326,"hypothesisId":"L2","location":"dataplane_local.c:encrypt_to_wan","message":"split_l2_ok","data":{"frag0_wire":1500,"frag1_wire":98,"n":267776}}
{"sessionId":"0173da","runId":"post-fix","timestamp":1783913480327,"hypothesisId":"L2","location":"dataplane_local.c:encrypt_to_wan","message":"split_l2_enter","data":{"plain_len":1514,"mode":1,"frag_meta":35,"mtu":1500,"n":268032}}
{"sessionId":"0173da","runId":"post-fix","timestamp":1783913480327,"hypothesisId":"L2","location":"dataplane_local.c:encrypt_to_wan","message":"split_l2_ok","data":{"frag0_wire":1500,"frag1_wire":98,"n":268032}}
{"sessionId":"0173da","runId":"post-fix","timestamp":1783913480329,"hypothesisId":"L2","location":"dataplane_local.c:encrypt_to_wan","message":"split_l2_enter","data":{"plain_len":1507,"mode":1,"frag_meta":35,"mtu":1500,"n":268288}}
{"sessionId":"0173da","runId":"post-fix","timestamp":1783913480329,"hypothesisId":"L2","location":"dataplane_local.c:encrypt_to_wan","message":"split_l2_ok","data":{"frag0_wire":1500,"frag1_wire":91,"n":268288}}
{"sessionId":"0173da","runId":"post-fix","timestamp":1783913480329,"hypothesisId":"L2","location":"dataplane_wan.c:decrypt_wan","message":"l2_full_decrypt_ok","data":{"wire_len":108,"plain_len":78,"n":69120}}
{"sessionId":"0173da","runId":"post-fix","timestamp":1783913480329,"hypothesisId":"L2","location":"dataplane_wan.c:dataplane_process_wan","message":"wan_l2_forward_ok","data":{"wire_in":96,"plain_len":66,"n":69120}}
{"sessionId":"0173da","runId":"post-fix","timestamp":1783913480330,"hypothesisId":"L2","location":"dataplane_local.c:encrypt_to_wan","message":"split_l2_enter","data":{"plain_len":1507,"mode":1,"frag_meta":35,"mtu":1500,"n":268544}}
{"sessionId":"0173da","runId":"post-fix","timestamp":1783913480330,"hypothesisId":"L2","location":"dataplane_local.c:encrypt_to_wan","message":"split_l2_ok","data":{"frag0_wire":1500,"frag1_wire":91,"n":268544}}
{"sessionId":"0173da","runId":"post-fix","timestamp":1783913480331,"hypothesisId":"L2","location":"dataplane_local.c:encrypt_to_wan","message":"split_l2_enter","data":{"plain_len":1514,"mode":1,"frag_meta":35,"mtu":1500,"n":268800}}
{"sessionId":"0173da","runId":"post-fix","timestamp":1783913480331,"hypothesisId":"L2","location":"dataplane_local.c:encrypt_to_wan","message":"split_l2_ok","data":{"frag0_wire":1500,"frag1_wire":98,"n":268800}}
{"sessionId":"0173da","runId":"post-fix","timestamp":1783913480332,"hypothesisId":"L2","location":"dataplane_local.c:encrypt_to_wan","message":"split_l2_enter","data":{"plain_len":1514,"mode":1,"frag_meta":35,"mtu":1500,"n":269056}}
{"sessionId":"0173da","runId":"post-fix","timestamp":1783913480332,"hypothesisId":"L2","location":"dataplane_local.c:encrypt_to_wan","message":"split_l2_ok","data":{"frag0_wire":1500,"frag1_wire":98,"n":269056}}
{"sessionId":"0173da","runId":"post-fix","timestamp":1783913480334,"hypothesisId":"L2","location":"dataplane_local.c:encrypt_to_wan","message":"split_l2_enter","data":{"plain_len":1514,"mode":1,"frag_meta":35,"mtu":1500,"n":269312}}
{"sessionId":"0173da","runId":"post-fix","timestamp":1783913480334,"hypothesisId":"L2","location":"dataplane_local.c:encrypt_to_wan","message":"split_l2_ok","data":{"frag0_wire":1500,"frag1_wire":98,"n":269312}}
{"sessionId":"0173da","runId":"post-fix","timestamp":1783913480335,"hypothesisId":"L2","location":"dataplane_local.c:encrypt_to_wan","message":"split_l2_enter","data":{"plain_len":1514,"mode":1,"frag_meta":35,"mtu":1500,"n":269568}}
{"sessionId":"0173da","runId":"post-fix","timestamp":1783913480335,"hypothesisId":"L2","location":"dataplane_local.c:encrypt_to_wan","message":"split_l2_ok","data":{"frag0_wire":1500,"frag1_wire":98,"n":269568}}
{"sessionId":"0173da","runId":"post-fix","timestamp":1783913480336,"hypothesisId":"L2","location":"dataplane_local.c:encrypt_to_wan","message":"split_l2_enter","data":{"plain_len":1507,"mode":1,"frag_meta":35,"mtu":1500,"n":269824}}
{"sessionId":"0173da","runId":"post-fix","timestamp":1783913480336,"hypothesisId":"L2","location":"dataplane_local.c:encrypt_to_wan","message":"split_l2_ok","data":{"frag0_wire":1500,"frag1_wire":91,"n":269824}}
{"sessionId":"0173da","runId":"post-fix","timestamp":1783913480340,"hypothesisId":"L2","location":"dataplane_local.c:encrypt_to_wan","message":"split_l2_enter","data":{"plain_len":1514,"mode":1,"frag_meta":35,"mtu":1500,"n":270080}}
{"sessionId":"0173da","runId":"post-fix","timestamp":1783913480340,"hypothesisId":"L2","location":"dataplane_local.c:encrypt_to_wan","message":"split_l2_ok","data":{"frag0_wire":1500,"frag1_wire":98,"n":270080}}
{"sessionId":"0173da","runId":"post-fix","timestamp":1783913480348,"hypothesisId":"L2","location":"dataplane_local.c:encrypt_to_wan","message":"split_l2_enter","data":{"plain_len":1507,"mode":1,"frag_meta":35,"mtu":1500,"n":270336}}
{"sessionId":"0173da","runId":"post-fix","timestamp":1783913480348,"hypothesisId":"L2","location":"dataplane_local.c:encrypt_to_wan","message":"split_l2_ok","data":{"frag0_wire":1500,"frag1_wire":91,"n":270336}}
{"sessionId":"0173da","runId":"post-fix","timestamp":1783913480353,"hypothesisId":"L2","location":"dataplane_local.c:encrypt_to_wan","message":"encrypt_l2_full_ok","data":{"plain_len":890,"wire_len":920,"mode":1,"n":6144}}
{"sessionId":"0173da","runId":"post-fix","timestamp":1783913480357,"hypothesisId":"L2","location":"dataplane_local.c:encrypt_to_wan","message":"split_l2_enter","data":{"plain_len":1514,"mode":1,"frag_meta":35,"mtu":1500,"n":270592}}
{"sessionId":"0173da","runId":"post-fix","timestamp":1783913480357,"hypothesisId":"L2","location":"dataplane_local.c:encrypt_to_wan","message":"split_l2_ok","data":{"frag0_wire":1500,"frag1_wire":98,"n":270592}}
{"sessionId":"0173da","runId":"post-fix","timestamp":1783913480362,"hypothesisId":"L2","location":"dataplane_local.c:encrypt_to_wan","message":"split_l2_enter","data":{"plain_len":1507,"mode":1,"frag_meta":35,"mtu":1500,"n":270848}}
{"sessionId":"0173da","runId":"post-fix","timestamp":1783913480362,"hypothesisId":"L2","location":"dataplane_local.c:encrypt_to_wan","message":"split_l2_ok","data":{"frag0_wire":1500,"frag1_wire":91,"n":270848}}
{"sessionId":"0173da","runId":"post-fix","timestamp":1783913480366,"hypothesisId":"L2","location":"dataplane_local.c:encrypt_to_wan","message":"split_l2_enter","data":{"plain_len":1514,"mode":1,"frag_meta":35,"mtu":1500,"n":271104}}
{"sessionId":"0173da","runId":"post-fix","timestamp":1783913480366,"hypothesisId":"L2","location":"dataplane_local.c:encrypt_to_wan","message":"split_l2_ok","data":{"frag0_wire":1500,"frag1_wire":98,"n":271104}}
{"sessionId":"0173da","runId":"post-fix","timestamp":1783913480373,"hypothesisId":"L2","location":"dataplane_local.c:encrypt_to_wan","message":"split_l2_enter","data":{"plain_len":1514,"mode":1,"frag_meta":35,"mtu":1500,"n":271360}}
{"sessionId":"0173da","runId":"post-fix","timestamp":1783913480373,"hypothesisId":"L2","location":"dataplane_local.c:encrypt_to_wan","message":"split_l2_ok","data":{"frag0_wire":1500,"frag1_wire":98,"n":271360}}
{"sessionId":"0173da","runId":"post-fix","timestamp":1783913480376,"hypothesisId":"L2","location":"dataplane_local.c:encrypt_to_wan","message":"split_l2_enter","data":{"plain_len":1514,"mode":1,"frag_meta":35,"mtu":1500,"n":271616}}
{"sessionId":"0173da","runId":"post-fix","timestamp":1783913480376,"hypothesisId":"L2","location":"dataplane_local.c:encrypt_to_wan","message":"split_l2_ok","data":{"frag0_wire":1500,"frag1_wire":98,"n":271616}}
{"sessionId":"0173da","runId":"post-fix","timestamp":1783913480379,"hypothesisId":"L2","location":"dataplane_local.c:encrypt_to_wan","message":"split_l2_enter","data":{"plain_len":1514,"mode":1,"frag_meta":35,"mtu":1500,"n":271872}}
{"sessionId":"0173da","runId":"post-fix","timestamp":1783913480379,"hypothesisId":"L2","location":"dataplane_local.c:encrypt_to_wan","message":"split_l2_ok","data":{"frag0_wire":1500,"frag1_wire":98,"n":271872}}
{"sessionId":"0173da","runId":"post-fix","timestamp":1783913480380,"hypothesisId":"L2","location":"dataplane_wan.c:dataplane_process_wan","message":"wan_l2_forward_ok","data":{"wire_in":108,"plain_len":78,"n":69632}}
{"sessionId":"0173da","runId":"post-fix","timestamp":1783913480380,"hypothesisId":"L2","location":"dataplane_wan.c:decrypt_wan","message":"l2_full_decrypt_ok","data":{"wire_len":96,"plain_len":66,"n":69632}}
{"sessionId":"0173da","runId":"post-fix","timestamp":1783913480384,"hypothesisId":"L2","location":"dataplane_local.c:encrypt_to_wan","message":"split_l2_enter","data":{"plain_len":1507,"mode":1,"frag_meta":35,"mtu":1500,"n":272128}}
{"sessionId":"0173da","runId":"post-fix","timestamp":1783913480384,"hypothesisId":"L2","location":"dataplane_local.c:encrypt_to_wan","message":"split_l2_ok","data":{"frag0_wire":1500,"frag1_wire":91,"n":272128}}
{"sessionId":"0173da","runId":"post-fix","timestamp":1783913480401,"hypothesisId":"L2","location":"dataplane_local.c:encrypt_to_wan","message":"split_l2_enter","data":{"plain_len":1514,"mode":1,"frag_meta":35,"mtu":1500,"n":272384}}
{"sessionId":"0173da","runId":"post-fix","timestamp":1783913480401,"hypothesisId":"L2","location":"dataplane_local.c:encrypt_to_wan","message":"split_l2_ok","data":{"frag0_wire":1500,"frag1_wire":98,"n":272384}}
{"sessionId":"0173da","runId":"post-fix","timestamp":1783913480410,"hypothesisId":"L2","location":"dataplane_local.c:encrypt_to_wan","message":"split_l2_enter","data":{"plain_len":1514,"mode":1,"frag_meta":35,"mtu":1500,"n":272640}}
{"sessionId":"0173da","runId":"post-fix","timestamp":1783913480410,"hypothesisId":"L2","location":"dataplane_local.c:encrypt_to_wan","message":"split_l2_ok","data":{"frag0_wire":1500,"frag1_wire":98,"n":272640}}
{"sessionId":"0173da","runId":"post-fix","timestamp":1783913480418,"hypothesisId":"L2","location":"dataplane_local.c:encrypt_to_wan","message":"split_l2_enter","data":{"plain_len":1514,"mode":1,"frag_meta":35,"mtu":1500,"n":272896}}
{"sessionId":"0173da","runId":"post-fix","timestamp":1783913480418,"hypothesisId":"L2","location":"dataplane_local.c:encrypt_to_wan","message":"split_l2_ok","data":{"frag0_wire":1500,"frag1_wire":98,"n":272896}}
{"sessionId":"0173da","runId":"post-fix","timestamp":1783913480430,"hypothesisId":"L2","location":"dataplane_local.c:encrypt_to_wan","message":"split_l2_enter","data":{"plain_len":1514,"mode":1,"frag_meta":35,"mtu":1500,"n":273152}}
{"sessionId":"0173da","runId":"post-fix","timestamp":1783913480430,"hypothesisId":"L2","location":"dataplane_local.c:encrypt_to_wan","message":"split_l2_ok","data":{"frag0_wire":1500,"frag1_wire":98,"n":273152}}
{"sessionId":"0173da","runId":"post-fix","timestamp":1783913480444,"hypothesisId":"L2","location":"dataplane_local.c:encrypt_to_wan","message":"split_l2_enter","data":{"plain_len":1514,"mode":1,"frag_meta":35,"mtu":1500,"n":273408}}
{"sessionId":"0173da","runId":"post-fix","timestamp":1783913480444,"hypothesisId":"L2","location":"dataplane_local.c:encrypt_to_wan","message":"split_l2_ok","data":{"frag0_wire":1500,"frag1_wire":98,"n":273408}}
{"sessionId":"0173da","runId":"post-fix","timestamp":1783913480451,"hypothesisId":"L2","location":"dataplane_local.c:encrypt_to_wan","message":"split_l2_enter","data":{"plain_len":1514,"mode":1,"frag_meta":35,"mtu":1500,"n":273664}}
{"sessionId":"0173da","runId":"post-fix","timestamp":1783913480451,"hypothesisId":"L2","location":"dataplane_local.c:encrypt_to_wan","message":"split_l2_ok","data":{"frag0_wire":1500,"frag1_wire":98,"n":273664}}
{"sessionId":"0173da","runId":"post-fix","timestamp":1783913480463,"hypothesisId":"L2","location":"dataplane_local.c:encrypt_to_wan","message":"split_l2_enter","data":{"plain_len":1514,"mode":1,"frag_meta":35,"mtu":1500,"n":273920}}
{"sessionId":"0173da","runId":"post-fix","timestamp":1783913480463,"hypothesisId":"L2","location":"dataplane_local.c:encrypt_to_wan","message":"split_l2_ok","data":{"frag0_wire":1500,"frag1_wire":98,"n":273920}}
{"sessionId":"0173da","runId":"post-fix","timestamp":1783913480480,"hypothesisId":"L2","location":"dataplane_local.c:encrypt_to_wan","message":"split_l2_enter","data":{"plain_len":1514,"mode":1,"frag_meta":35,"mtu":1500,"n":274176}}
{"sessionId":"0173da","runId":"post-fix","timestamp":1783913480480,"hypothesisId":"L2","location":"dataplane_local.c:encrypt_to_wan","message":"split_l2_ok","data":{"frag0_wire":1500,"frag1_wire":98,"n":274176}}
{"sessionId":"0173da","runId":"post-fix","timestamp":1783913480488,"hypothesisId":"L2","location":"dataplane_local.c:encrypt_to_wan","message":"split_l2_enter","data":{"plain_len":1514,"mode":1,"frag_meta":35,"mtu":1500,"n":274432}}
{"sessionId":"0173da","runId":"post-fix","timestamp":1783913480488,"hypothesisId":"L2","location":"dataplane_local.c:encrypt_to_wan","message":"split_l2_ok","data":{"frag0_wire":1500,"frag1_wire":98,"n":274432}}
{"sessionId":"0173da","runId":"post-fix","timestamp":1783913480498,"hypothesisId":"L2","location":"dataplane_local.c:encrypt_to_wan","message":"split_l2_enter","data":{"plain_len":1514,"mode":1,"frag_meta":35,"mtu":1500,"n":274688}}
{"sessionId":"0173da","runId":"post-fix","timestamp":1783913480498,"hypothesisId":"L2","location":"dataplane_local.c:encrypt_to_wan","message":"split_l2_ok","data":{"frag0_wire":1500,"frag1_wire":98,"n":274688}}
{"sessionId":"0173da","runId":"post-fix","timestamp":1783913480518,"hypothesisId":"L2","location":"dataplane_local.c:encrypt_to_wan","message":"split_l2_enter","data":{"plain_len":1514,"mode":1,"frag_meta":35,"mtu":1500,"n":274944}}
{"sessionId":"0173da","runId":"post-fix","timestamp":1783913480518,"hypothesisId":"L2","location":"dataplane_local.c:encrypt_to_wan","message":"split_l2_ok","data":{"frag0_wire":1500,"frag1_wire":98,"n":274944}}
{"sessionId":"0173da","runId":"post-fix","timestamp":1783913480532,"hypothesisId":"L2","location":"dataplane_local.c:encrypt_to_wan","message":"split_l2_enter","data":{"plain_len":1514,"mode":1,"frag_meta":35,"mtu":1500,"n":275200}}
{"sessionId":"0173da","runId":"post-fix","timestamp":1783913480532,"hypothesisId":"L2","location":"dataplane_local.c:encrypt_to_wan","message":"split_l2_ok","data":{"frag0_wire":1500,"frag1_wire":98,"n":275200}}
{"sessionId":"0173da","runId":"post-fix","timestamp":1783913480557,"hypothesisId":"L2","location":"dataplane_local.c:encrypt_to_wan","message":"split_l2_enter","data":{"plain_len":1514,"mode":1,"frag_meta":35,"mtu":1500,"n":275456}}
{"sessionId":"0173da","runId":"post-fix","timestamp":1783913480557,"hypothesisId":"L2","location":"dataplane_local.c:encrypt_to_wan","message":"split_l2_ok","data":{"frag0_wire":1500,"frag1_wire":98,"n":275456}}
{"sessionId":"0173da","runId":"post-fix","timestamp":1783913480572,"hypothesisId":"L2","location":"dataplane_local.c:encrypt_to_wan","message":"split_l2_enter","data":{"plain_len":1514,"mode":1,"frag_meta":35,"mtu":1500,"n":275712}}
{"sessionId":"0173da","runId":"post-fix","timestamp":1783913480572,"hypothesisId":"L2","location":"dataplane_local.c:encrypt_to_wan","message":"split_l2_ok","data":{"frag0_wire":1500,"frag1_wire":98,"n":275712}}
{"sessionId":"0173da","runId":"post-fix","timestamp":1783913480599,"hypothesisId":"L2","location":"dataplane_local.c:encrypt_to_wan","message":"split_l2_enter","data":{"plain_len":1507,"mode":1,"frag_meta":35,"mtu":1500,"n":275968}}
{"sessionId":"0173da","runId":"post-fix","timestamp":1783913480599,"hypothesisId":"L2","location":"dataplane_local.c:encrypt_to_wan","message":"split_l2_ok","data":{"frag0_wire":1500,"frag1_wire":91,"n":275968}}
{"sessionId":"0173da","runId":"post-fix","timestamp":1783913480614,"hypothesisId":"L2","location":"dataplane_local.c:encrypt_to_wan","message":"split_l2_enter","data":{"plain_len":1514,"mode":1,"frag_meta":35,"mtu":1500,"n":276224}}
{"sessionId":"0173da","runId":"post-fix","timestamp":1783913480614,"hypothesisId":"L2","location":"dataplane_local.c:encrypt_to_wan","message":"split_l2_ok","data":{"frag0_wire":1500,"frag1_wire":98,"n":276224}}
{"sessionId":"0173da","runId":"post-fix","timestamp":1783913480648,"hypothesisId":"L2","location":"dataplane_local.c:encrypt_to_wan","message":"split_l2_enter","data":{"plain_len":1514,"mode":1,"frag_meta":35,"mtu":1500,"n":276480}}
{"sessionId":"0173da","runId":"post-fix","timestamp":1783913480648,"hypothesisId":"L2","location":"dataplane_local.c:encrypt_to_wan","message":"split_l2_ok","data":{"frag0_wire":1500,"frag1_wire":98,"n":276480}}
{"sessionId":"0173da","runId":"post-fix","timestamp":1783913480659,"hypothesisId":"L2","location":"dataplane_local.c:encrypt_to_wan","message":"encrypt_l2_full_ok","data":{"plain_len":1461,"wire_len":1491,"mode":1,"n":6656}}
{"sessionId":"0173da","runId":"post-fix","timestamp":1783913480675,"hypothesisId":"L2","location":"dataplane_local.c:encrypt_to_wan","message":"split_l2_enter","data":{"plain_len":1507,"mode":1,"frag_meta":35,"mtu":1500,"n":276736}}
{"sessionId":"0173da","runId":"post-fix","timestamp":1783913480675,"hypothesisId":"L2","location":"dataplane_local.c:encrypt_to_wan","message":"split_l2_ok","data":{"frag0_wire":1500,"frag1_wire":91,"n":276736}}
{"sessionId":"0173da","runId":"post-fix","timestamp":1783913480696,"hypothesisId":"L2","location":"dataplane_wan.c:decrypt_wan","message":"l2_full_decrypt_ok","data":{"wire_len":96,"plain_len":66,"n":70144}}
{"sessionId":"0173da","runId":"post-fix","timestamp":1783913480696,"hypothesisId":"L2","location":"dataplane_wan.c:dataplane_process_wan","message":"wan_l2_forward_ok","data":{"wire_in":96,"plain_len":66,"n":70144}}
{"sessionId":"0173da","runId":"post-fix","timestamp":1783913480698,"hypothesisId":"L2","location":"dataplane_local.c:encrypt_to_wan","message":"split_l2_enter","data":{"plain_len":1514,"mode":1,"frag_meta":35,"mtu":1500,"n":276992}}
{"sessionId":"0173da","runId":"post-fix","timestamp":1783913480698,"hypothesisId":"L2","location":"dataplane_local.c:encrypt_to_wan","message":"split_l2_ok","data":{"frag0_wire":1500,"frag1_wire":98,"n":276992}}
{"sessionId":"0173da","runId":"post-fix","timestamp":1783913480722,"hypothesisId":"L2","location":"dataplane_local.c:encrypt_to_wan","message":"split_l2_enter","data":{"plain_len":1507,"mode":1,"frag_meta":35,"mtu":1500,"n":277248}}
{"sessionId":"0173da","runId":"post-fix","timestamp":1783913480722,"hypothesisId":"L2","location":"dataplane_local.c:encrypt_to_wan","message":"split_l2_ok","data":{"frag0_wire":1500,"frag1_wire":91,"n":277248}}
{"sessionId":"0173da","runId":"post-fix","timestamp":1783913480747,"hypothesisId":"L2","location":"dataplane_local.c:encrypt_to_wan","message":"split_l2_enter","data":{"plain_len":1514,"mode":1,"frag_meta":35,"mtu":1500,"n":277504}}
{"sessionId":"0173da","runId":"post-fix","timestamp":1783913480747,"hypothesisId":"L2","location":"dataplane_local.c:encrypt_to_wan","message":"split_l2_ok","data":{"frag0_wire":1500,"frag1_wire":98,"n":277504}}
{"sessionId":"0173da","runId":"post-fix","timestamp":1783913480765,"hypothesisId":"L2","location":"dataplane_local.c:encrypt_to_wan","message":"split_l2_enter","data":{"plain_len":1507,"mode":1,"frag_meta":35,"mtu":1500,"n":277760}}
{"sessionId":"0173da","runId":"post-fix","timestamp":1783913480765,"hypothesisId":"L2","location":"dataplane_local.c:encrypt_to_wan","message":"split_l2_ok","data":{"frag0_wire":1500,"frag1_wire":91,"n":277760}}
{"sessionId":"0173da","runId":"post-fix","timestamp":1783913480798,"hypothesisId":"L2","location":"dataplane_local.c:encrypt_to_wan","message":"split_l2_enter","data":{"plain_len":1507,"mode":1,"frag_meta":35,"mtu":1500,"n":278016}}
{"sessionId":"0173da","runId":"post-fix","timestamp":1783913480798,"hypothesisId":"L2","location":"dataplane_local.c:encrypt_to_wan","message":"split_l2_ok","data":{"frag0_wire":1500,"frag1_wire":91,"n":278016}}
{"sessionId":"0173da","runId":"post-fix","timestamp":1783913480835,"hypothesisId":"L2","location":"dataplane_local.c:encrypt_to_wan","message":"split_l2_enter","data":{"plain_len":1507,"mode":1,"frag_meta":35,"mtu":1500,"n":278272}}
{"sessionId":"0173da","runId":"post-fix","timestamp":1783913480835,"hypothesisId":"L2","location":"dataplane_local.c:encrypt_to_wan","message":"split_l2_ok","data":{"frag0_wire":1500,"frag1_wire":91,"n":278272}}
{"sessionId":"0173da","runId":"post-fix","timestamp":1783913480867,"hypothesisId":"L2","location":"dataplane_local.c:encrypt_to_wan","message":"split_l2_enter","data":{"plain_len":1514,"mode":1,"frag_meta":35,"mtu":1500,"n":278528}}
{"sessionId":"0173da","runId":"post-fix","timestamp":1783913480867,"hypothesisId":"L2","location":"dataplane_local.c:encrypt_to_wan","message":"split_l2_ok","data":{"frag0_wire":1500,"frag1_wire":98,"n":278528}}
{"sessionId":"0173da","runId":"post-fix","timestamp":1783913480898,"hypothesisId":"L2","location":"dataplane_local.c:encrypt_to_wan","message":"split_l2_enter","data":{"plain_len":1514,"mode":1,"frag_meta":35,"mtu":1500,"n":278784}}
{"sessionId":"0173da","runId":"post-fix","timestamp":1783913480898,"hypothesisId":"L2","location":"dataplane_local.c:encrypt_to_wan","message":"split_l2_ok","data":{"frag0_wire":1500,"frag1_wire":98,"n":278784}}
{"sessionId":"0173da","runId":"post-fix","timestamp":1783913480942,"hypothesisId":"L2","location":"dataplane_local.c:encrypt_to_wan","message":"split_l2_enter","data":{"plain_len":1507,"mode":1,"frag_meta":35,"mtu":1500,"n":279040}}
{"sessionId":"0173da","runId":"post-fix","timestamp":1783913480942,"hypothesisId":"L2","location":"dataplane_local.c:encrypt_to_wan","message":"split_l2_ok","data":{"frag0_wire":1500,"frag1_wire":91,"n":279040}}
{"sessionId":"0173da","runId":"post-fix","timestamp":1783913480993,"hypothesisId":"L2","location":"dataplane_local.c:encrypt_to_wan","message":"split_l2_enter","data":{"plain_len":1514,"mode":1,"frag_meta":35,"mtu":1500,"n":279296}}
{"sessionId":"0173da","runId":"post-fix","timestamp":1783913480993,"hypothesisId":"L2","location":"dataplane_local.c:encrypt_to_wan","message":"split_l2_ok","data":{"frag0_wire":1500,"frag1_wire":98,"n":279296}}
{"sessionId":"0173da","runId":"post-fix","timestamp":1783913481088,"hypothesisId":"L2","location":"dataplane_local.c:encrypt_to_wan","message":"encrypt_l2_full_ok","data":{"plain_len":66,"wire_len":96,"mode":1,"n":7168}}
{"sessionId":"0173da","runId":"post-fix","timestamp":1783913481102,"hypothesisId":"L2","location":"dataplane_local.c:encrypt_to_wan","message":"split_l2_enter","data":{"plain_len":1514,"mode":1,"frag_meta":35,"mtu":1500,"n":279552}}
{"sessionId":"0173da","runId":"post-fix","timestamp":1783913481102,"hypothesisId":"L2","location":"dataplane_local.c:encrypt_to_wan","message":"split_l2_ok","data":{"frag0_wire":1500,"frag1_wire":98,"n":279552}}
{"sessionId":"0173da","runId":"post-fix","timestamp":1783913481218,"hypothesisId":"L2","location":"dataplane_local.c:encrypt_to_wan","message":"split_l2_enter","data":{"plain_len":1514,"mode":1,"frag_meta":35,"mtu":1500,"n":279808}}
{"sessionId":"0173da","runId":"post-fix","timestamp":1783913481218,"hypothesisId":"L2","location":"dataplane_local.c:encrypt_to_wan","message":"split_l2_ok","data":{"frag0_wire":1500,"frag1_wire":98,"n":279808}}
{"sessionId":"0173da","runId":"post-fix","timestamp":1783913481312,"hypothesisId":"L2","location":"dataplane_local.c:encrypt_to_wan","message":"split_l2_enter","data":{"plain_len":1514,"mode":1,"frag_meta":35,"mtu":1500,"n":280064}}
{"sessionId":"0173da","runId":"post-fix","timestamp":1783913481312,"hypothesisId":"L2","location":"dataplane_local.c:encrypt_to_wan","message":"split_l2_ok","data":{"frag0_wire":1500,"frag1_wire":98,"n":280064}}
{"sessionId":"0173da","runId":"post-fix","timestamp":1783913481503,"hypothesisId":"L2","location":"dataplane_local.c:encrypt_to_wan","message":"split_l2_enter","data":{"plain_len":1514,"mode":1,"frag_meta":35,"mtu":1500,"n":280320}}
{"sessionId":"0173da","runId":"post-fix","timestamp":1783913481503,"hypothesisId":"L2","location":"dataplane_local.c:encrypt_to_wan","message":"split_l2_ok","data":{"frag0_wire":1500,"frag1_wire":98,"n":280320}}
{"sessionId":"0173da","runId":"post-fix","timestamp":1783913482565,"hypothesisId":"L2","location":"dataplane_local.c:encrypt_to_wan","message":"split_l2_enter","data":{"plain_len":1514,"mode":1,"frag_meta":35,"mtu":1500,"n":280576}}
{"sessionId":"0173da","runId":"post-fix","timestamp":1783913482565,"hypothesisId":"L2","location":"dataplane_local.c:encrypt_to_wan","message":"split_l2_ok","data":{"frag0_wire":1500,"frag1_wire":98,"n":280576}}
{"sessionId":"0173da","runId":"post-fix","timestamp":1783913482565,"hypothesisId":"L2","location":"dataplane_wan.c:decrypt_wan","message":"l2_full_decrypt_ok","data":{"wire_len":96,"plain_len":66,"n":70656}}
{"sessionId":"0173da","runId":"post-fix","timestamp":1783913482565,"hypothesisId":"L2","location":"dataplane_wan.c:dataplane_process_wan","message":"wan_l2_forward_ok","data":{"wire_in":96,"plain_len":66,"n":70656}}
{"sessionId":"0173da","runId":"post-fix","timestamp":1783913482567,"hypothesisId":"L2","location":"dataplane_local.c:encrypt_to_wan","message":"split_l2_enter","data":{"plain_len":1507,"mode":1,"frag_meta":35,"mtu":1500,"n":280832}}
{"sessionId":"0173da","runId":"post-fix","timestamp":1783913482567,"hypothesisId":"L2","location":"dataplane_local.c:encrypt_to_wan","message":"split_l2_ok","data":{"frag0_wire":1500,"frag1_wire":91,"n":280832}}
{"sessionId":"0173da","runId":"post-fix","timestamp":1783913482569,"hypothesisId":"L2","location":"dataplane_local.c:encrypt_to_wan","message":"split_l2_enter","data":{"plain_len":1514,"mode":1,"frag_meta":35,"mtu":1500,"n":281088}}
{"sessionId":"0173da","runId":"post-fix","timestamp":1783913482569,"hypothesisId":"L2","location":"dataplane_local.c:encrypt_to_wan","message":"split_l2_ok","data":{"frag0_wire":1500,"frag1_wire":98,"n":281088}}
{"sessionId":"0173da","runId":"post-fix","timestamp":1783913482571,"hypothesisId":"L2","location":"dataplane_local.c:encrypt_to_wan","message":"split_l2_enter","data":{"plain_len":1514,"mode":1,"frag_meta":35,"mtu":1500,"n":281344}}
{"sessionId":"0173da","runId":"post-fix","timestamp":1783913482571,"hypothesisId":"L2","location":"dataplane_local.c:encrypt_to_wan","message":"split_l2_ok","data":{"frag0_wire":1500,"frag1_wire":98,"n":281344}}
{"sessionId":"0173da","runId":"post-fix","timestamp":1783913482573,"hypothesisId":"L2","location":"dataplane_local.c:encrypt_to_wan","message":"split_l2_enter","data":{"plain_len":1514,"mode":1,"frag_meta":35,"mtu":1500,"n":281600}}
{"sessionId":"0173da","runId":"post-fix","timestamp":1783913482573,"hypothesisId":"L2","location":"dataplane_local.c:encrypt_to_wan","message":"split_l2_ok","data":{"frag0_wire":1500,"frag1_wire":98,"n":281600}}
{"sessionId":"0173da","runId":"post-fix","timestamp":1783913482577,"hypothesisId":"L2","location":"dataplane_local.c:encrypt_to_wan","message":"split_l2_enter","data":{"plain_len":1514,"mode":1,"frag_meta":35,"mtu":1500,"n":281856}}
{"sessionId":"0173da","runId":"post-fix","timestamp":1783913482578,"hypothesisId":"L2","location":"dataplane_local.c:encrypt_to_wan","message":"split_l2_ok","data":{"frag0_wire":1500,"frag1_wire":98,"n":281856}}
{"sessionId":"0173da","runId":"post-fix","timestamp":1783913482579,"hypothesisId":"L2","location":"dataplane_local.c:encrypt_to_wan","message":"split_l2_enter","data":{"plain_len":1514,"mode":1,"frag_meta":35,"mtu":1500,"n":282112}}
{"sessionId":"0173da","runId":"post-fix","timestamp":1783913482579,"hypothesisId":"L2","location":"dataplane_local.c:encrypt_to_wan","message":"split_l2_ok","data":{"frag0_wire":1500,"frag1_wire":98,"n":282112}}
{"sessionId":"0173da","runId":"post-fix","timestamp":1783913482580,"hypothesisId":"L2","location":"dataplane_local.c:encrypt_to_wan","message":"split_l2_enter","data":{"plain_len":1514,"mode":1,"frag_meta":35,"mtu":1500,"n":282368}}
{"sessionId":"0173da","runId":"post-fix","timestamp":1783913482580,"hypothesisId":"L2","location":"dataplane_local.c:encrypt_to_wan","message":"split_l2_ok","data":{"frag0_wire":1500,"frag1_wire":98,"n":282368}}
{"sessionId":"0173da","runId":"post-fix","timestamp":1783913482582,"hypothesisId":"L2","location":"dataplane_local.c:encrypt_to_wan","message":"split_l2_enter","data":{"plain_len":1514,"mode":1,"frag_meta":35,"mtu":1500,"n":282624}}
{"sessionId":"0173da","runId":"post-fix","timestamp":1783913482582,"hypothesisId":"L2","location":"dataplane_local.c:encrypt_to_wan","message":"split_l2_ok","data":{"frag0_wire":1500,"frag1_wire":98,"n":282624}}
{"sessionId":"0173da","runId":"post-fix","timestamp":1783913482583,"hypothesisId":"L2","location":"dataplane_local.c:encrypt_to_wan","message":"split_l2_enter","data":{"plain_len":1514,"mode":1,"frag_meta":35,"mtu":1500,"n":282880}}
{"sessionId":"0173da","runId":"post-fix","timestamp":1783913482583,"hypothesisId":"L2","location":"dataplane_local.c:encrypt_to_wan","message":"split_l2_ok","data":{"frag0_wire":1500,"frag1_wire":98,"n":282880}}
{"sessionId":"0173da","runId":"post-fix","timestamp":1783913482584,"hypothesisId":"L2","location":"dataplane_wan.c:dataplane_process_wan","message":"wan_l2_forward_ok","data":{"wire_in":108,"plain_len":78,"n":71168}}
{"sessionId":"0173da","runId":"post-fix","timestamp":1783913482584,"hypothesisId":"L2","location":"dataplane_wan.c:decrypt_wan","message":"l2_full_decrypt_ok","data":{"wire_len":96,"plain_len":66,"n":71168}}
{"sessionId":"0173da","runId":"post-fix","timestamp":1783913482584,"hypothesisId":"L2","location":"dataplane_local.c:encrypt_to_wan","message":"split_l2_enter","data":{"plain_len":1514,"mode":1,"frag_meta":35,"mtu":1500,"n":283136}}
{"sessionId":"0173da","runId":"post-fix","timestamp":1783913482585,"hypothesisId":"L2","location":"dataplane_local.c:encrypt_to_wan","message":"split_l2_ok","data":{"frag0_wire":1500,"frag1_wire":98,"n":283136}}
{"sessionId":"0173da","runId":"post-fix","timestamp":1783913482586,"hypothesisId":"L2","location":"dataplane_local.c:encrypt_to_wan","message":"split_l2_enter","data":{"plain_len":1514,"mode":1,"frag_meta":35,"mtu":1500,"n":283392}}
{"sessionId":"0173da","runId":"post-fix","timestamp":1783913482586,"hypothesisId":"L2","location":"dataplane_local.c:encrypt_to_wan","message":"split_l2_ok","data":{"frag0_wire":1500,"frag1_wire":98,"n":283392}}
{"sessionId":"0173da","runId":"post-fix","timestamp":1783913482587,"hypothesisId":"L2","location":"dataplane_local.c:encrypt_to_wan","message":"split_l2_enter","data":{"plain_len":1514,"mode":1,"frag_meta":35,"mtu":1500,"n":283648}}
{"sessionId":"0173da","runId":"post-fix","timestamp":1783913482587,"hypothesisId":"L2","location":"dataplane_local.c:encrypt_to_wan","message":"split_l2_ok","data":{"frag0_wire":1500,"frag1_wire":98,"n":283648}}
{"sessionId":"0173da","runId":"post-fix","timestamp":1783913482588,"hypothesisId":"L2","location":"dataplane_local.c:encrypt_to_wan","message":"split_l2_enter","data":{"plain_len":1514,"mode":1,"frag_meta":35,"mtu":1500,"n":283904}}
{"sessionId":"0173da","runId":"post-fix","timestamp":1783913482588,"hypothesisId":"L2","location":"dataplane_local.c:encrypt_to_wan","message":"split_l2_ok","data":{"frag0_wire":1500,"frag1_wire":98,"n":283904}}
{"sessionId":"0173da","runId":"post-fix","timestamp":1783913482590,"hypothesisId":"L2","location":"dataplane_local.c:encrypt_to_wan","message":"split_l2_enter","data":{"plain_len":1514,"mode":1,"frag_meta":35,"mtu":1500,"n":284160}}
{"sessionId":"0173da","runId":"post-fix","timestamp":1783913482590,"hypothesisId":"L2","location":"dataplane_local.c:encrypt_to_wan","message":"split_l2_ok","data":{"frag0_wire":1500,"frag1_wire":98,"n":284160}}
{"sessionId":"0173da","runId":"post-fix","timestamp":1783913482591,"hypothesisId":"L2","location":"dataplane_local.c:encrypt_to_wan","message":"split_l2_enter","data":{"plain_len":1514,"mode":1,"frag_meta":35,"mtu":1500,"n":284416}}
{"sessionId":"0173da","runId":"post-fix","timestamp":1783913482591,"hypothesisId":"L2","location":"dataplane_local.c:encrypt_to_wan","message":"split_l2_ok","data":{"frag0_wire":1500,"frag1_wire":98,"n":284416}}
{"sessionId":"0173da","runId":"post-fix","timestamp":1783913482592,"hypothesisId":"L2","location":"dataplane_wan.c:dataplane_process_wan","message":"wan_l2_forward_ok","data":{"wire_in":96,"plain_len":66,"n":71680}}
{"sessionId":"0173da","runId":"post-fix","timestamp":1783913482592,"hypothesisId":"L2","location":"dataplane_wan.c:decrypt_wan","message":"l2_full_decrypt_ok","data":{"wire_len":96,"plain_len":66,"n":71680}}
{"sessionId":"0173da","runId":"post-fix","timestamp":1783913482592,"hypothesisId":"L2","location":"dataplane_local.c:encrypt_to_wan","message":"split_l2_enter","data":{"plain_len":1514,"mode":1,"frag_meta":35,"mtu":1500,"n":284672}}
{"sessionId":"0173da","runId":"post-fix","timestamp":1783913482592,"hypothesisId":"L2","location":"dataplane_local.c:encrypt_to_wan","message":"split_l2_ok","data":{"frag0_wire":1500,"frag1_wire":98,"n":284672}}
{"sessionId":"0173da","runId":"post-fix","timestamp":1783913482593,"hypothesisId":"L2","location":"dataplane_local.c:encrypt_to_wan","message":"split_l2_enter","data":{"plain_len":1514,"mode":1,"frag_meta":35,"mtu":1500,"n":284928}}
{"sessionId":"0173da","runId":"post-fix","timestamp":1783913482593,"hypothesisId":"L2","location":"dataplane_local.c:encrypt_to_wan","message":"split_l2_ok","data":{"frag0_wire":1500,"frag1_wire":98,"n":284928}}
{"sessionId":"0173da","runId":"post-fix","timestamp":1783913482595,"hypothesisId":"L2","location":"dataplane_local.c:encrypt_to_wan","message":"split_l2_enter","data":{"plain_len":1514,"mode":1,"frag_meta":35,"mtu":1500,"n":285184}}
{"sessionId":"0173da","runId":"post-fix","timestamp":1783913482595,"hypothesisId":"L2","location":"dataplane_local.c:encrypt_to_wan","message":"split_l2_ok","data":{"frag0_wire":1500,"frag1_wire":98,"n":285184}}
{"sessionId":"0173da","runId":"post-fix","timestamp":1783913482595,"hypothesisId":"L2","location":"dataplane_local.c:encrypt_to_wan","message":"encrypt_l2_full_ok","data":{"plain_len":914,"wire_len":944,"mode":1,"n":7680}}
{"sessionId":"0173da","runId":"post-fix","timestamp":1783913482596,"hypothesisId":"L2","location":"dataplane_local.c:encrypt_to_wan","message":"split_l2_enter","data":{"plain_len":1514,"mode":1,"frag_meta":35,"mtu":1500,"n":285440}}
{"sessionId":"0173da","runId":"post-fix","timestamp":1783913482596,"hypothesisId":"L2","location":"dataplane_local.c:encrypt_to_wan","message":"split_l2_ok","data":{"frag0_wire":1500,"frag1_wire":98,"n":285440}}
{"sessionId":"0173da","runId":"post-fix","timestamp":1783913482597,"hypothesisId":"L2","location":"dataplane_local.c:encrypt_to_wan","message":"split_l2_enter","data":{"plain_len":1514,"mode":1,"frag_meta":35,"mtu":1500,"n":285696}}
{"sessionId":"0173da","runId":"post-fix","timestamp":1783913482597,"hypothesisId":"L2","location":"dataplane_local.c:encrypt_to_wan","message":"split_l2_ok","data":{"frag0_wire":1500,"frag1_wire":98,"n":285696}}
{"sessionId":"0173da","runId":"post-fix","timestamp":1783913482599,"hypothesisId":"L2","location":"dataplane_local.c:encrypt_to_wan","message":"split_l2_enter","data":{"plain_len":1507,"mode":1,"frag_meta":35,"mtu":1500,"n":285952}}
{"sessionId":"0173da","runId":"post-fix","timestamp":1783913482599,"hypothesisId":"L2","location":"dataplane_local.c:encrypt_to_wan","message":"split_l2_ok","data":{"frag0_wire":1500,"frag1_wire":91,"n":285952}}
{"sessionId":"0173da","runId":"post-fix","timestamp":1783913482600,"hypothesisId":"L2","location":"dataplane_wan.c:decrypt_wan","message":"l2_full_decrypt_ok","data":{"wire_len":108,"plain_len":78,"n":72192}}
{"sessionId":"0173da","runId":"post-fix","timestamp":1783913482600,"hypothesisId":"L2","location":"dataplane_wan.c:dataplane_process_wan","message":"wan_l2_forward_ok","data":{"wire_in":108,"plain_len":78,"n":72192}}
{"sessionId":"0173da","runId":"post-fix","timestamp":1783913482600,"hypothesisId":"L2","location":"dataplane_local.c:encrypt_to_wan","message":"split_l2_enter","data":{"plain_len":1514,"mode":1,"frag_meta":35,"mtu":1500,"n":286208}}
{"sessionId":"0173da","runId":"post-fix","timestamp":1783913482600,"hypothesisId":"L2","location":"dataplane_local.c:encrypt_to_wan","message":"split_l2_ok","data":{"frag0_wire":1500,"frag1_wire":98,"n":286208}}
{"sessionId":"0173da","runId":"post-fix","timestamp":1783913482601,"hypothesisId":"L2","location":"dataplane_local.c:encrypt_to_wan","message":"split_l2_enter","data":{"plain_len":1514,"mode":1,"frag_meta":35,"mtu":1500,"n":286464}}
{"sessionId":"0173da","runId":"post-fix","timestamp":1783913482601,"hypothesisId":"L2","location":"dataplane_local.c:encrypt_to_wan","message":"split_l2_ok","data":{"frag0_wire":1500,"frag1_wire":98,"n":286464}}
{"sessionId":"0173da","runId":"post-fix","timestamp":1783913482602,"hypothesisId":"L2","location":"dataplane_local.c:encrypt_to_wan","message":"split_l2_enter","data":{"plain_len":1514,"mode":1,"frag_meta":35,"mtu":1500,"n":286720}}
{"sessionId":"0173da","runId":"post-fix","timestamp":1783913482603,"hypothesisId":"L2","location":"dataplane_local.c:encrypt_to_wan","message":"split_l2_ok","data":{"frag0_wire":1500,"frag1_wire":98,"n":286720}}
{"sessionId":"0173da","runId":"post-fix","timestamp":1783913482604,"hypothesisId":"L2","location":"dataplane_local.c:encrypt_to_wan","message":"split_l2_enter","data":{"plain_len":1514,"mode":1,"frag_meta":35,"mtu":1500,"n":286976}}
{"sessionId":"0173da","runId":"post-fix","timestamp":1783913482604,"hypothesisId":"L2","location":"dataplane_local.c:encrypt_to_wan","message":"split_l2_ok","data":{"frag0_wire":1500,"frag1_wire":98,"n":286976}}
{"sessionId":"0173da","runId":"post-fix","timestamp":1783913482605,"hypothesisId":"L2","location":"dataplane_local.c:encrypt_to_wan","message":"split_l2_enter","data":{"plain_len":1514,"mode":1,"frag_meta":35,"mtu":1500,"n":287232}}
{"sessionId":"0173da","runId":"post-fix","timestamp":1783913482605,"hypothesisId":"L2","location":"dataplane_local.c:encrypt_to_wan","message":"split_l2_ok","data":{"frag0_wire":1500,"frag1_wire":98,"n":287232}}
{"sessionId":"0173da","runId":"post-fix","timestamp":1783913482606,"hypothesisId":"L2","location":"dataplane_local.c:encrypt_to_wan","message":"split_l2_enter","data":{"plain_len":1514,"mode":1,"frag_meta":35,"mtu":1500,"n":287488}}
{"sessionId":"0173da","runId":"post-fix","timestamp":1783913482607,"hypothesisId":"L2","location":"dataplane_local.c:encrypt_to_wan","message":"split_l2_ok","data":{"frag0_wire":1500,"frag1_wire":98,"n":287488}}
{"sessionId":"0173da","runId":"post-fix","timestamp":1783913482608,"hypothesisId":"L2","location":"dataplane_local.c:encrypt_to_wan","message":"split_l2_enter","data":{"plain_len":1514,"mode":1,"frag_meta":35,"mtu":1500,"n":287744}}
{"sessionId":"0173da","runId":"post-fix","timestamp":1783913482608,"hypothesisId":"L2","location":"dataplane_local.c:encrypt_to_wan","message":"split_l2_ok","data":{"frag0_wire":1500,"frag1_wire":98,"n":287744}}
{"sessionId":"0173da","runId":"post-fix","timestamp":1783913482609,"hypothesisId":"L2","location":"dataplane_local.c:encrypt_to_wan","message":"split_l2_enter","data":{"plain_len":1514,"mode":1,"frag_meta":35,"mtu":1500,"n":288000}}
{"sessionId":"0173da","runId":"post-fix","timestamp":1783913482609,"hypothesisId":"L2","location":"dataplane_local.c:encrypt_to_wan","message":"split_l2_ok","data":{"frag0_wire":1500,"frag1_wire":98,"n":288000}}
{"sessionId":"0173da","runId":"post-fix","timestamp":1783913482609,"hypothesisId":"L2","location":"dataplane_wan.c:decrypt_wan","message":"l2_full_decrypt_ok","data":{"wire_len":108,"plain_len":78,"n":72704}}
{"sessionId":"0173da","runId":"post-fix","timestamp":1783913482609,"hypothesisId":"L2","location":"dataplane_wan.c:dataplane_process_wan","message":"wan_l2_forward_ok","data":{"wire_in":96,"plain_len":66,"n":72704}}
{"sessionId":"0173da","runId":"post-fix","timestamp":1783913482610,"hypothesisId":"L2","location":"dataplane_local.c:encrypt_to_wan","message":"split_l2_enter","data":{"plain_len":1507,"mode":1,"frag_meta":35,"mtu":1500,"n":288256}}
{"sessionId":"0173da","runId":"post-fix","timestamp":1783913482610,"hypothesisId":"L2","location":"dataplane_local.c:encrypt_to_wan","message":"split_l2_ok","data":{"frag0_wire":1500,"frag1_wire":91,"n":288256}}
{"sessionId":"0173da","runId":"post-fix","timestamp":1783913482611,"hypothesisId":"L2","location":"dataplane_local.c:encrypt_to_wan","message":"split_l2_enter","data":{"plain_len":1507,"mode":1,"frag_meta":35,"mtu":1500,"n":288512}}
{"sessionId":"0173da","runId":"post-fix","timestamp":1783913482611,"hypothesisId":"L2","location":"dataplane_local.c:encrypt_to_wan","message":"split_l2_ok","data":{"frag0_wire":1500,"frag1_wire":91,"n":288512}}
{"sessionId":"0173da","runId":"post-fix","timestamp":1783913482613,"hypothesisId":"L2","location":"dataplane_local.c:encrypt_to_wan","message":"split_l2_enter","data":{"plain_len":1514,"mode":1,"frag_meta":35,"mtu":1500,"n":288768}}
{"sessionId":"0173da","runId":"post-fix","timestamp":1783913482613,"hypothesisId":"L2","location":"dataplane_local.c:encrypt_to_wan","message":"split_l2_ok","data":{"frag0_wire":1500,"frag1_wire":98,"n":288768}}
{"sessionId":"0173da","runId":"post-fix","timestamp":1783913482614,"hypothesisId":"L2","location":"dataplane_local.c:encrypt_to_wan","message":"split_l2_enter","data":{"plain_len":1507,"mode":1,"frag_meta":35,"mtu":1500,"n":289024}}
{"sessionId":"0173da","runId":"post-fix","timestamp":1783913482614,"hypothesisId":"L2","location":"dataplane_local.c:encrypt_to_wan","message":"split_l2_ok","data":{"frag0_wire":1500,"frag1_wire":91,"n":289024}}
{"sessionId":"0173da","runId":"post-fix","timestamp":1783913482615,"hypothesisId":"L2","location":"dataplane_local.c:encrypt_to_wan","message":"split_l2_enter","data":{"plain_len":1514,"mode":1,"frag_meta":35,"mtu":1500,"n":289280}}
{"sessionId":"0173da","runId":"post-fix","timestamp":1783913482615,"hypothesisId":"L2","location":"dataplane_local.c:encrypt_to_wan","message":"split_l2_ok","data":{"frag0_wire":1500,"frag1_wire":98,"n":289280}}
{"sessionId":"0173da","runId":"post-fix","timestamp":1783913482617,"hypothesisId":"L2","location":"dataplane_local.c:encrypt_to_wan","message":"split_l2_enter","data":{"plain_len":1514,"mode":1,"frag_meta":35,"mtu":1500,"n":289536}}
{"sessionId":"0173da","runId":"post-fix","timestamp":1783913482617,"hypothesisId":"L2","location":"dataplane_local.c:encrypt_to_wan","message":"split_l2_ok","data":{"frag0_wire":1500,"frag1_wire":98,"n":289536}}
{"sessionId":"0173da","runId":"post-fix","timestamp":1783913482618,"hypothesisId":"L2","location":"dataplane_local.c:encrypt_to_wan","message":"split_l2_enter","data":{"plain_len":1514,"mode":1,"frag_meta":35,"mtu":1500,"n":289792}}
{"sessionId":"0173da","runId":"post-fix","timestamp":1783913482618,"hypothesisId":"L2","location":"dataplane_local.c:encrypt_to_wan","message":"split_l2_ok","data":{"frag0_wire":1500,"frag1_wire":98,"n":289792}}
{"sessionId":"0173da","runId":"post-fix","timestamp":1783913482619,"hypothesisId":"L2","location":"dataplane_local.c:encrypt_to_wan","message":"split_l2_enter","data":{"plain_len":1514,"mode":1,"frag_meta":35,"mtu":1500,"n":290048}}
{"sessionId":"0173da","runId":"post-fix","timestamp":1783913482619,"hypothesisId":"L2","location":"dataplane_local.c:encrypt_to_wan","message":"split_l2_ok","data":{"frag0_wire":1500,"frag1_wire":98,"n":290048}}
{"sessionId":"0173da","runId":"post-fix","timestamp":1783913482621,"hypothesisId":"L2","location":"dataplane_local.c:encrypt_to_wan","message":"split_l2_enter","data":{"plain_len":1507,"mode":1,"frag_meta":35,"mtu":1500,"n":290304}}
{"sessionId":"0173da","runId":"post-fix","timestamp":1783913482621,"hypothesisId":"L2","location":"dataplane_local.c:encrypt_to_wan","message":"split_l2_ok","data":{"frag0_wire":1500,"frag1_wire":91,"n":290304}}
{"sessionId":"0173da","runId":"post-fix","timestamp":1783913482621,"hypothesisId":"L2","location":"dataplane_wan.c:dataplane_process_wan","message":"wan_l2_forward_ok","data":{"wire_in":108,"plain_len":78,"n":73216}}
{"sessionId":"0173da","runId":"post-fix","timestamp":1783913482621,"hypothesisId":"L2","location":"dataplane_wan.c:decrypt_wan","message":"l2_full_decrypt_ok","data":{"wire_len":116,"plain_len":86,"n":73216}}
{"sessionId":"0173da","runId":"post-fix","timestamp":1783913482622,"hypothesisId":"L2","location":"dataplane_local.c:encrypt_to_wan","message":"split_l2_enter","data":{"plain_len":1514,"mode":1,"frag_meta":35,"mtu":1500,"n":290560}}
{"sessionId":"0173da","runId":"post-fix","timestamp":1783913482622,"hypothesisId":"L2","location":"dataplane_local.c:encrypt_to_wan","message":"split_l2_ok","data":{"frag0_wire":1500,"frag1_wire":98,"n":290560}}
{"sessionId":"0173da","runId":"post-fix","timestamp":1783913482623,"hypothesisId":"L2","location":"dataplane_local.c:encrypt_to_wan","message":"split_l2_enter","data":{"plain_len":1514,"mode":1,"frag_meta":35,"mtu":1500,"n":290816}}
{"sessionId":"0173da","runId":"post-fix","timestamp":1783913482623,"hypothesisId":"L2","location":"dataplane_local.c:encrypt_to_wan","message":"split_l2_ok","data":{"frag0_wire":1500,"frag1_wire":98,"n":290816}}
{"sessionId":"0173da","runId":"post-fix","timestamp":1783913482624,"hypothesisId":"L2","location":"dataplane_local.c:encrypt_to_wan","message":"split_l2_enter","data":{"plain_len":1514,"mode":1,"frag_meta":35,"mtu":1500,"n":291072}}
{"sessionId":"0173da","runId":"post-fix","timestamp":1783913482624,"hypothesisId":"L2","location":"dataplane_local.c:encrypt_to_wan","message":"split_l2_ok","data":{"frag0_wire":1500,"frag1_wire":98,"n":291072}}
{"sessionId":"0173da","runId":"post-fix","timestamp":1783913482626,"hypothesisId":"L2","location":"dataplane_local.c:encrypt_to_wan","message":"split_l2_enter","data":{"plain_len":1514,"mode":1,"frag_meta":35,"mtu":1500,"n":291328}}
{"sessionId":"0173da","runId":"post-fix","timestamp":1783913482626,"hypothesisId":"L2","location":"dataplane_local.c:encrypt_to_wan","message":"split_l2_ok","data":{"frag0_wire":1500,"frag1_wire":98,"n":291328}}
{"sessionId":"0173da","runId":"post-fix","timestamp":1783913482627,"hypothesisId":"L2","location":"dataplane_local.c:encrypt_to_wan","message":"split_l2_enter","data":{"plain_len":1514,"mode":1,"frag_meta":35,"mtu":1500,"n":291584}}
{"sessionId":"0173da","runId":"post-fix","timestamp":1783913482627,"hypothesisId":"L2","location":"dataplane_local.c:encrypt_to_wan","message":"split_l2_ok","data":{"frag0_wire":1500,"frag1_wire":98,"n":291584}}
{"sessionId":"0173da","runId":"post-fix","timestamp":1783913482628,"hypothesisId":"L2","location":"dataplane_local.c:encrypt_to_wan","message":"split_l2_enter","data":{"plain_len":1514,"mode":1,"frag_meta":35,"mtu":1500,"n":291840}}
{"sessionId":"0173da","runId":"post-fix","timestamp":1783913482628,"hypothesisId":"L2","location":"dataplane_local.c:encrypt_to_wan","message":"split_l2_ok","data":{"frag0_wire":1500,"frag1_wire":98,"n":291840}}
{"sessionId":"0173da","runId":"post-fix","timestamp":1783913482630,"hypothesisId":"L2","location":"dataplane_local.c:encrypt_to_wan","message":"split_l2_enter","data":{"plain_len":1514,"mode":1,"frag_meta":35,"mtu":1500,"n":292096}}
{"sessionId":"0173da","runId":"post-fix","timestamp":1783913482630,"hypothesisId":"L2","location":"dataplane_local.c:encrypt_to_wan","message":"split_l2_ok","data":{"frag0_wire":1500,"frag1_wire":98,"n":292096}}
{"sessionId":"0173da","runId":"post-fix","timestamp":1783913482631,"hypothesisId":"L2","location":"dataplane_local.c:encrypt_to_wan","message":"split_l2_enter","data":{"plain_len":1514,"mode":1,"frag_meta":35,"mtu":1500,"n":292352}}
{"sessionId":"0173da","runId":"post-fix","timestamp":1783913482631,"hypothesisId":"L2","location":"dataplane_local.c:encrypt_to_wan","message":"split_l2_ok","data":{"frag0_wire":1500,"frag1_wire":98,"n":292352}}
{"sessionId":"0173da","runId":"post-fix","timestamp":1783913482631,"hypothesisId":"L2","location":"dataplane_wan.c:decrypt_wan","message":"l2_full_decrypt_ok","data":{"wire_len":96,"plain_len":66,"n":73728}}
{"sessionId":"0173da","runId":"post-fix","timestamp":1783913482631,"hypothesisId":"L2","location":"dataplane_wan.c:dataplane_process_wan","message":"wan_l2_forward_ok","data":{"wire_in":96,"plain_len":66,"n":73728}}
{"sessionId":"0173da","runId":"post-fix","timestamp":1783913482632,"hypothesisId":"L2","location":"dataplane_local.c:encrypt_to_wan","message":"split_l2_enter","data":{"plain_len":1514,"mode":1,"frag_meta":35,"mtu":1500,"n":292608}}
{"sessionId":"0173da","runId":"post-fix","timestamp":1783913482632,"hypothesisId":"L2","location":"dataplane_local.c:encrypt_to_wan","message":"split_l2_ok","data":{"frag0_wire":1500,"frag1_wire":98,"n":292608}}
{"sessionId":"0173da","runId":"post-fix","timestamp":1783913482633,"hypothesisId":"L2","location":"dataplane_local.c:encrypt_to_wan","message":"split_l2_enter","data":{"plain_len":1514,"mode":1,"frag_meta":35,"mtu":1500,"n":292864}}
{"sessionId":"0173da","runId":"post-fix","timestamp":1783913482633,"hypothesisId":"L2","location":"dataplane_local.c:encrypt_to_wan","message":"split_l2_ok","data":{"frag0_wire":1500,"frag1_wire":98,"n":292864}}
{"sessionId":"0173da","runId":"post-fix","timestamp":1783913482635,"hypothesisId":"L2","location":"dataplane_local.c:encrypt_to_wan","message":"split_l2_enter","data":{"plain_len":1514,"mode":1,"frag_meta":35,"mtu":1500,"n":293120}}
{"sessionId":"0173da","runId":"post-fix","timestamp":1783913482635,"hypothesisId":"L2","location":"dataplane_local.c:encrypt_to_wan","message":"split_l2_ok","data":{"frag0_wire":1500,"frag1_wire":98,"n":293120}}
{"sessionId":"0173da","runId":"post-fix","timestamp":1783913482636,"hypothesisId":"L2","location":"dataplane_local.c:encrypt_to_wan","message":"split_l2_enter","data":{"plain_len":1514,"mode":1,"frag_meta":35,"mtu":1500,"n":293376}}
{"sessionId":"0173da","runId":"post-fix","timestamp":1783913482636,"hypothesisId":"L2","location":"dataplane_local.c:encrypt_to_wan","message":"split_l2_ok","data":{"frag0_wire":1500,"frag1_wire":98,"n":293376}}
{"sessionId":"0173da","runId":"post-fix","timestamp":1783913482637,"hypothesisId":"L2","location":"dataplane_local.c:encrypt_to_wan","message":"split_l2_enter","data":{"plain_len":1507,"mode":1,"frag_meta":35,"mtu":1500,"n":293632}}
{"sessionId":"0173da","runId":"post-fix","timestamp":1783913482637,"hypothesisId":"L2","location":"dataplane_local.c:encrypt_to_wan","message":"split_l2_ok","data":{"frag0_wire":1500,"frag1_wire":91,"n":293632}}
{"sessionId":"0173da","runId":"post-fix","timestamp":1783913482638,"hypothesisId":"L2","location":"dataplane_local.c:encrypt_to_wan","message":"split_l2_enter","data":{"plain_len":1514,"mode":1,"frag_meta":35,"mtu":1500,"n":293888}}
{"sessionId":"0173da","runId":"post-fix","timestamp":1783913482639,"hypothesisId":"L2","location":"dataplane_local.c:encrypt_to_wan","message":"split_l2_ok","data":{"frag0_wire":1500,"frag1_wire":98,"n":293888}}
{"sessionId":"0173da","runId":"post-fix","timestamp":1783913482640,"hypothesisId":"L2","location":"dataplane_local.c:encrypt_to_wan","message":"split_l2_enter","data":{"plain_len":1514,"mode":1,"frag_meta":35,"mtu":1500,"n":294144}}
{"sessionId":"0173da","runId":"post-fix","timestamp":1783913482640,"hypothesisId":"L2","location":"dataplane_local.c:encrypt_to_wan","message":"split_l2_ok","data":{"frag0_wire":1500,"frag1_wire":98,"n":294144}}
{"sessionId":"0173da","runId":"post-fix","timestamp":1783913482640,"hypothesisId":"L2","location":"dataplane_wan.c:decrypt_wan","message":"l2_full_decrypt_ok","data":{"wire_len":108,"plain_len":78,"n":74240}}
{"sessionId":"0173da","runId":"post-fix","timestamp":1783913482640,"hypothesisId":"L2","location":"dataplane_wan.c:dataplane_process_wan","message":"wan_l2_forward_ok","data":{"wire_in":108,"plain_len":78,"n":74240}}
{"sessionId":"0173da","runId":"post-fix","timestamp":1783913482641,"hypothesisId":"L2","location":"dataplane_local.c:encrypt_to_wan","message":"split_l2_enter","data":{"plain_len":1514,"mode":1,"frag_meta":35,"mtu":1500,"n":294400}}
{"sessionId":"0173da","runId":"post-fix","timestamp":1783913482641,"hypothesisId":"L2","location":"dataplane_local.c:encrypt_to_wan","message":"split_l2_ok","data":{"frag0_wire":1500,"frag1_wire":98,"n":294400}}
{"sessionId":"0173da","runId":"post-fix","timestamp":1783913482642,"hypothesisId":"L2","location":"dataplane_local.c:encrypt_to_wan","message":"split_l2_enter","data":{"plain_len":1514,"mode":1,"frag_meta":35,"mtu":1500,"n":294656}}
{"sessionId":"0173da","runId":"post-fix","timestamp":1783913482642,"hypothesisId":"L2","location":"dataplane_local.c:encrypt_to_wan","message":"split_l2_ok","data":{"frag0_wire":1500,"frag1_wire":98,"n":294656}}
{"sessionId":"0173da","runId":"post-fix","timestamp":1783913482644,"hypothesisId":"L2","location":"dataplane_local.c:encrypt_to_wan","message":"split_l2_enter","data":{"plain_len":1514,"mode":1,"frag_meta":35,"mtu":1500,"n":294912}}
{"sessionId":"0173da","runId":"post-fix","timestamp":1783913482644,"hypothesisId":"L2","location":"dataplane_local.c:encrypt_to_wan","message":"split_l2_ok","data":{"frag0_wire":1500,"frag1_wire":98,"n":294912}}
{"sessionId":"0173da","runId":"post-fix","timestamp":1783913482646,"hypothesisId":"L2","location":"dataplane_local.c:encrypt_to_wan","message":"split_l2_enter","data":{"plain_len":1507,"mode":1,"frag_meta":35,"mtu":1500,"n":295168}}
{"sessionId":"0173da","runId":"post-fix","timestamp":1783913482646,"hypothesisId":"L2","location":"dataplane_local.c:encrypt_to_wan","message":"split_l2_ok","data":{"frag0_wire":1500,"frag1_wire":91,"n":295168}}
{"sessionId":"0173da","runId":"post-fix","timestamp":1783913482647,"hypothesisId":"L2","location":"dataplane_wan.c:decrypt_wan","message":"l2_full_decrypt_ok","data":{"wire_len":96,"plain_len":66,"n":74752}}
{"sessionId":"0173da","runId":"post-fix","timestamp":1783913482647,"hypothesisId":"L2","location":"dataplane_wan.c:dataplane_process_wan","message":"wan_l2_forward_ok","data":{"wire_in":108,"plain_len":78,"n":74752}}
{"sessionId":"0173da","runId":"post-fix","timestamp":1783913482647,"hypothesisId":"L2","location":"dataplane_local.c:encrypt_to_wan","message":"split_l2_enter","data":{"plain_len":1514,"mode":1,"frag_meta":35,"mtu":1500,"n":295424}}
{"sessionId":"0173da","runId":"post-fix","timestamp":1783913482647,"hypothesisId":"L2","location":"dataplane_local.c:encrypt_to_wan","message":"split_l2_ok","data":{"frag0_wire":1500,"frag1_wire":98,"n":295424}}
{"sessionId":"0173da","runId":"post-fix","timestamp":1783913482649,"hypothesisId":"L2","location":"dataplane_local.c:encrypt_to_wan","message":"split_l2_enter","data":{"plain_len":1487,"mode":1,"frag_meta":35,"mtu":1500,"n":295680}}
{"sessionId":"0173da","runId":"post-fix","timestamp":1783913482649,"hypothesisId":"L2","location":"dataplane_local.c:encrypt_to_wan","message":"split_l2_ok","data":{"frag0_wire":1500,"frag1_wire":71,"n":295680}}
{"sessionId":"0173da","runId":"post-fix","timestamp":1783913482652,"hypothesisId":"L2","location":"dataplane_local.c:encrypt_to_wan","message":"split_l2_enter","data":{"plain_len":1514,"mode":1,"frag_meta":35,"mtu":1500,"n":295936}}
{"sessionId":"0173da","runId":"post-fix","timestamp":1783913482652,"hypothesisId":"L2","location":"dataplane_local.c:encrypt_to_wan","message":"split_l2_ok","data":{"frag0_wire":1500,"frag1_wire":98,"n":295936}}
{"sessionId":"0173da","runId":"post-fix","timestamp":1783913482656,"hypothesisId":"L2","location":"dataplane_local.c:encrypt_to_wan","message":"split_l2_enter","data":{"plain_len":1507,"mode":1,"frag_meta":35,"mtu":1500,"n":296192}}
{"sessionId":"0173da","runId":"post-fix","timestamp":1783913482656,"hypothesisId":"L2","location":"dataplane_local.c:encrypt_to_wan","message":"split_l2_ok","data":{"frag0_wire":1500,"frag1_wire":91,"n":296192}}
{"sessionId":"0173da","runId":"post-fix","timestamp":1783913482660,"hypothesisId":"L2","location":"dataplane_local.c:encrypt_to_wan","message":"split_l2_enter","data":{"plain_len":1514,"mode":1,"frag_meta":35,"mtu":1500,"n":296448}}
{"sessionId":"0173da","runId":"post-fix","timestamp":1783913482660,"hypothesisId":"L2","location":"dataplane_local.c:encrypt_to_wan","message":"split_l2_ok","data":{"frag0_wire":1500,"frag1_wire":98,"n":296448}}
{"sessionId":"0173da","runId":"post-fix","timestamp":1783913482665,"hypothesisId":"L2","location":"dataplane_local.c:encrypt_to_wan","message":"split_l2_enter","data":{"plain_len":1514,"mode":1,"frag_meta":35,"mtu":1500,"n":296704}}
{"sessionId":"0173da","runId":"post-fix","timestamp":1783913482665,"hypothesisId":"L2","location":"dataplane_local.c:encrypt_to_wan","message":"split_l2_ok","data":{"frag0_wire":1500,"frag1_wire":98,"n":296704}}
{"sessionId":"0173da","runId":"post-fix","timestamp":1783913482672,"hypothesisId":"L2","location":"dataplane_local.c:encrypt_to_wan","message":"split_l2_enter","data":{"plain_len":1514,"mode":1,"frag_meta":35,"mtu":1500,"n":296960}}
{"sessionId":"0173da","runId":"post-fix","timestamp":1783913482672,"hypothesisId":"L2","location":"dataplane_local.c:encrypt_to_wan","message":"split_l2_ok","data":{"frag0_wire":1500,"frag1_wire":98,"n":296960}}
{"sessionId":"0173da","runId":"post-fix","timestamp":1783913482679,"hypothesisId":"L2","location":"dataplane_local.c:encrypt_to_wan","message":"split_l2_enter","data":{"plain_len":1514,"mode":1,"frag_meta":35,"mtu":1500,"n":297216}}
{"sessionId":"0173da","runId":"post-fix","timestamp":1783913482679,"hypothesisId":"L2","location":"dataplane_local.c:encrypt_to_wan","message":"split_l2_ok","data":{"frag0_wire":1500,"frag1_wire":98,"n":297216}}
{"sessionId":"0173da","runId":"post-fix","timestamp":1783913482687,"hypothesisId":"L2","location":"dataplane_local.c:encrypt_to_wan","message":"split_l2_enter","data":{"plain_len":1514,"mode":1,"frag_meta":35,"mtu":1500,"n":297472}}
{"sessionId":"0173da","runId":"post-fix","timestamp":1783913482687,"hypothesisId":"L2","location":"dataplane_local.c:encrypt_to_wan","message":"split_l2_ok","data":{"frag0_wire":1500,"frag1_wire":98,"n":297472}}
{"sessionId":"0173da","runId":"post-fix","timestamp":1783913482690,"hypothesisId":"L2","location":"dataplane_local.c:encrypt_to_wan","message":"split_l2_enter","data":{"plain_len":1514,"mode":1,"frag_meta":35,"mtu":1500,"n":297728}}
{"sessionId":"0173da","runId":"post-fix","timestamp":1783913482690,"hypothesisId":"L2","location":"dataplane_local.c:encrypt_to_wan","message":"split_l2_ok","data":{"frag0_wire":1500,"frag1_wire":98,"n":297728}}
{"sessionId":"0173da","runId":"post-fix","timestamp":1783913482694,"hypothesisId":"L2","location":"dataplane_local.c:encrypt_to_wan","message":"split_l2_enter","data":{"plain_len":1514,"mode":1,"frag_meta":35,"mtu":1500,"n":297984}}
{"sessionId":"0173da","runId":"post-fix","timestamp":1783913482694,"hypothesisId":"L2","location":"dataplane_local.c:encrypt_to_wan","message":"split_l2_ok","data":{"frag0_wire":1500,"frag1_wire":98,"n":297984}}
{"sessionId":"0173da","runId":"post-fix","timestamp":1783913482701,"hypothesisId":"L2","location":"dataplane_local.c:encrypt_to_wan","message":"split_l2_enter","data":{"plain_len":1507,"mode":1,"frag_meta":35,"mtu":1500,"n":298240}}
{"sessionId":"0173da","runId":"post-fix","timestamp":1783913482701,"hypothesisId":"L2","location":"dataplane_local.c:encrypt_to_wan","message":"split_l2_ok","data":{"frag0_wire":1500,"frag1_wire":91,"n":298240}}
{"sessionId":"0173da","runId":"post-fix","timestamp":1783913482716,"hypothesisId":"L2","location":"dataplane_local.c:encrypt_to_wan","message":"split_l2_enter","data":{"plain_len":1507,"mode":1,"frag_meta":35,"mtu":1500,"n":298496}}
{"sessionId":"0173da","runId":"post-fix","timestamp":1783913482716,"hypothesisId":"L2","location":"dataplane_local.c:encrypt_to_wan","message":"split_l2_ok","data":{"frag0_wire":1500,"frag1_wire":91,"n":298496}}
{"sessionId":"0173da","runId":"post-fix","timestamp":1783913482729,"hypothesisId":"L2","location":"dataplane_local.c:encrypt_to_wan","message":"split_l2_enter","data":{"plain_len":1514,"mode":1,"frag_meta":35,"mtu":1500,"n":298752}}
{"sessionId":"0173da","runId":"post-fix","timestamp":1783913482729,"hypothesisId":"L2","location":"dataplane_local.c:encrypt_to_wan","message":"split_l2_ok","data":{"frag0_wire":1500,"frag1_wire":98,"n":298752}}
{"sessionId":"0173da","runId":"post-fix","timestamp":1783913482740,"hypothesisId":"L2","location":"dataplane_local.c:encrypt_to_wan","message":"split_l2_enter","data":{"plain_len":1507,"mode":1,"frag_meta":35,"mtu":1500,"n":299008}}
{"sessionId":"0173da","runId":"post-fix","timestamp":1783913482740,"hypothesisId":"L2","location":"dataplane_local.c:encrypt_to_wan","message":"split_l2_ok","data":{"frag0_wire":1500,"frag1_wire":91,"n":299008}}
{"sessionId":"0173da","runId":"post-fix","timestamp":1783913482755,"hypothesisId":"L2","location":"dataplane_local.c:encrypt_to_wan","message":"split_l2_enter","data":{"plain_len":1514,"mode":1,"frag_meta":35,"mtu":1500,"n":299264}}
{"sessionId":"0173da","runId":"post-fix","timestamp":1783913482755,"hypothesisId":"L2","location":"dataplane_local.c:encrypt_to_wan","message":"split_l2_ok","data":{"frag0_wire":1500,"frag1_wire":98,"n":299264}}
{"sessionId":"0173da","runId":"post-fix","timestamp":1783913482775,"hypothesisId":"L2","location":"dataplane_wan.c:decrypt_wan","message":"l2_full_decrypt_ok","data":{"wire_len":96,"plain_len":66,"n":75264}}
{"sessionId":"0173da","runId":"post-fix","timestamp":1783913482775,"hypothesisId":"L2","location":"dataplane_wan.c:dataplane_process_wan","message":"wan_l2_forward_ok","data":{"wire_in":96,"plain_len":66,"n":75264}}
{"sessionId":"0173da","runId":"post-fix","timestamp":1783913482776,"hypothesisId":"L2","location":"dataplane_local.c:encrypt_to_wan","message":"split_l2_enter","data":{"plain_len":1514,"mode":1,"frag_meta":35,"mtu":1500,"n":299520}}
{"sessionId":"0173da","runId":"post-fix","timestamp":1783913482776,"hypothesisId":"L2","location":"dataplane_local.c:encrypt_to_wan","message":"split_l2_ok","data":{"frag0_wire":1500,"frag1_wire":98,"n":299520}}
{"sessionId":"0173da","runId":"post-fix","timestamp":1783913482796,"hypothesisId":"L2","location":"dataplane_local.c:encrypt_to_wan","message":"split_l2_enter","data":{"plain_len":1514,"mode":1,"frag_meta":35,"mtu":1500,"n":299776}}
{"sessionId":"0173da","runId":"post-fix","timestamp":1783913482796,"hypothesisId":"L2","location":"dataplane_local.c:encrypt_to_wan","message":"split_l2_ok","data":{"frag0_wire":1500,"frag1_wire":98,"n":299776}}
{"sessionId":"0173da","runId":"post-fix","timestamp":1783913482825,"hypothesisId":"L2","location":"dataplane_local.c:encrypt_to_wan","message":"split_l2_enter","data":{"plain_len":1514,"mode":1,"frag_meta":35,"mtu":1500,"n":300032}}
{"sessionId":"0173da","runId":"post-fix","timestamp":1783913482825,"hypothesisId":"L2","location":"dataplane_local.c:encrypt_to_wan","message":"split_l2_ok","data":{"frag0_wire":1500,"frag1_wire":98,"n":300032}}
{"sessionId":"0173da","runId":"post-fix","timestamp":1783913482866,"hypothesisId":"L2","location":"dataplane_local.c:encrypt_to_wan","message":"split_l2_enter","data":{"plain_len":1514,"mode":1,"frag_meta":35,"mtu":1500,"n":300288}}
{"sessionId":"0173da","runId":"post-fix","timestamp":1783913482866,"hypothesisId":"L2","location":"dataplane_local.c:encrypt_to_wan","message":"split_l2_ok","data":{"frag0_wire":1500,"frag1_wire":98,"n":300288}}
{"sessionId":"0173da","runId":"post-fix","timestamp":1783913482908,"hypothesisId":"L2","location":"dataplane_local.c:encrypt_to_wan","message":"split_l2_enter","data":{"plain_len":1507,"mode":1,"frag_meta":35,"mtu":1500,"n":300544}}
{"sessionId":"0173da","runId":"post-fix","timestamp":1783913482908,"hypothesisId":"L2","location":"dataplane_local.c:encrypt_to_wan","message":"split_l2_ok","data":{"frag0_wire":1500,"frag1_wire":91,"n":300544}}
{"sessionId":"0173da","runId":"post-fix","timestamp":1783913482949,"hypothesisId":"L2","location":"dataplane_local.c:encrypt_to_wan","message":"split_l2_enter","data":{"plain_len":1507,"mode":1,"frag_meta":35,"mtu":1500,"n":300800}}
{"sessionId":"0173da","runId":"post-fix","timestamp":1783913482950,"hypothesisId":"L2","location":"dataplane_local.c:encrypt_to_wan","message":"split_l2_ok","data":{"frag0_wire":1500,"frag1_wire":91,"n":300800}}
{"sessionId":"0173da","runId":"post-fix","timestamp":1783913483019,"hypothesisId":"L2","location":"dataplane_local.c:encrypt_to_wan","message":"split_l2_enter","data":{"plain_len":1507,"mode":1,"frag_meta":35,"mtu":1500,"n":301056}}
{"sessionId":"0173da","runId":"post-fix","timestamp":1783913483020,"hypothesisId":"L2","location":"dataplane_local.c:encrypt_to_wan","message":"split_l2_ok","data":{"frag0_wire":1500,"frag1_wire":91,"n":301056}}
{"sessionId":"0173da","runId":"post-fix","timestamp":1783913483080,"hypothesisId":"L2","location":"dataplane_local.c:encrypt_to_wan","message":"encrypt_l2_full_ok","data":{"plain_len":66,"wire_len":96,"mode":1,"n":8192}}
{"sessionId":"0173da","runId":"post-fix","timestamp":1783913483128,"hypothesisId":"L2","location":"dataplane_local.c:encrypt_to_wan","message":"split_l2_enter","data":{"plain_len":1507,"mode":1,"frag_meta":35,"mtu":1500,"n":301312}}
{"sessionId":"0173da","runId":"post-fix","timestamp":1783913483129,"hypothesisId":"L2","location":"dataplane_local.c:encrypt_to_wan","message":"split_l2_ok","data":{"frag0_wire":1500,"frag1_wire":91,"n":301312}}
{"sessionId":"0173da","runId":"post-fix","timestamp":1783913483204,"hypothesisId":"L2","location":"dataplane_local.c:encrypt_to_wan","message":"split_l2_enter","data":{"plain_len":1514,"mode":1,"frag_meta":35,"mtu":1500,"n":301568}}
{"sessionId":"0173da","runId":"post-fix","timestamp":1783913483204,"hypothesisId":"L2","location":"dataplane_local.c:encrypt_to_wan","message":"split_l2_ok","data":{"frag0_wire":1500,"frag1_wire":98,"n":301568}}
{"sessionId":"0173da","runId":"post-fix","timestamp":1783913483239,"hypothesisId":"L2","location":"dataplane_local.c:encrypt_to_wan","message":"split_l2_enter","data":{"plain_len":1514,"mode":1,"frag_meta":35,"mtu":1500,"n":301824}}
{"sessionId":"0173da","runId":"post-fix","timestamp":1783913483239,"hypothesisId":"L2","location":"dataplane_local.c:encrypt_to_wan","message":"split_l2_ok","data":{"frag0_wire":1500,"frag1_wire":98,"n":301824}}
{"sessionId":"0173da","runId":"post-fix","timestamp":1783913483245,"hypothesisId":"L2","location":"dataplane_local.c:encrypt_to_wan","message":"split_l2_enter","data":{"plain_len":1514,"mode":1,"frag_meta":35,"mtu":1500,"n":302080}}
{"sessionId":"0173da","runId":"post-fix","timestamp":1783913483245,"hypothesisId":"L2","location":"dataplane_local.c:encrypt_to_wan","message":"split_l2_ok","data":{"frag0_wire":1500,"frag1_wire":98,"n":302080}}
{"sessionId":"0173da","runId":"post-fix","timestamp":1783913483248,"hypothesisId":"L2","location":"dataplane_local.c:encrypt_to_wan","message":"split_l2_enter","data":{"plain_len":1514,"mode":1,"frag_meta":35,"mtu":1500,"n":302336}}
{"sessionId":"0173da","runId":"post-fix","timestamp":1783913483248,"hypothesisId":"L2","location":"dataplane_local.c:encrypt_to_wan","message":"split_l2_ok","data":{"frag0_wire":1500,"frag1_wire":98,"n":302336}}
{"sessionId":"0173da","runId":"post-fix","timestamp":1783913483278,"hypothesisId":"L2","location":"dataplane_local.c:encrypt_to_wan","message":"split_l2_enter","data":{"plain_len":1514,"mode":1,"frag_meta":35,"mtu":1500,"n":302592}}
{"sessionId":"0173da","runId":"post-fix","timestamp":1783913483278,"hypothesisId":"L2","location":"dataplane_local.c:encrypt_to_wan","message":"split_l2_ok","data":{"frag0_wire":1500,"frag1_wire":98,"n":302592}}
{"sessionId":"0173da","runId":"post-fix","timestamp":1783913483286,"hypothesisId":"L2","location":"dataplane_local.c:encrypt_to_wan","message":"split_l2_enter","data":{"plain_len":1514,"mode":1,"frag_meta":35,"mtu":1500,"n":302848}}
{"sessionId":"0173da","runId":"post-fix","timestamp":1783913483286,"hypothesisId":"L2","location":"dataplane_local.c:encrypt_to_wan","message":"split_l2_ok","data":{"frag0_wire":1500,"frag1_wire":98,"n":302848}}
{"sessionId":"0173da","runId":"post-fix","timestamp":1783913483290,"hypothesisId":"L2","location":"dataplane_local.c:encrypt_to_wan","message":"split_l2_enter","data":{"plain_len":1507,"mode":1,"frag_meta":35,"mtu":1500,"n":303104}}
{"sessionId":"0173da","runId":"post-fix","timestamp":1783913483290,"hypothesisId":"L2","location":"dataplane_local.c:encrypt_to_wan","message":"split_l2_ok","data":{"frag0_wire":1500,"frag1_wire":91,"n":303104}}
{"sessionId":"0173da","runId":"post-fix","timestamp":1783913483329,"hypothesisId":"L2","location":"dataplane_wan.c:decrypt_wan","message":"l2_full_decrypt_ok","data":{"wire_len":96,"plain_len":66,"n":75776}}
{"sessionId":"0173da","runId":"post-fix","timestamp":1783913483329,"hypothesisId":"L2","location":"dataplane_wan.c:dataplane_process_wan","message":"wan_l2_forward_ok","data":{"wire_in":96,"plain_len":66,"n":75776}}
{"sessionId":"0173da","runId":"post-fix","timestamp":1783913483330,"hypothesisId":"L2","location":"dataplane_local.c:encrypt_to_wan","message":"split_l2_enter","data":{"plain_len":1514,"mode":1,"frag_meta":35,"mtu":1500,"n":303360}}
{"sessionId":"0173da","runId":"post-fix","timestamp":1783913483330,"hypothesisId":"L2","location":"dataplane_local.c:encrypt_to_wan","message":"split_l2_ok","data":{"frag0_wire":1500,"frag1_wire":98,"n":303360}}
{"sessionId":"0173da","runId":"post-fix","timestamp":1783913483332,"hypothesisId":"L2","location":"dataplane_local.c:encrypt_to_wan","message":"split_l2_enter","data":{"plain_len":1514,"mode":1,"frag_meta":35,"mtu":1500,"n":303616}}
{"sessionId":"0173da","runId":"post-fix","timestamp":1783913483332,"hypothesisId":"L2","location":"dataplane_local.c:encrypt_to_wan","message":"split_l2_ok","data":{"frag0_wire":1500,"frag1_wire":98,"n":303616}}
{"sessionId":"0173da","runId":"post-fix","timestamp":1783913483336,"hypothesisId":"L2","location":"dataplane_local.c:encrypt_to_wan","message":"split_l2_enter","data":{"plain_len":1514,"mode":1,"frag_meta":35,"mtu":1500,"n":303872}}
{"sessionId":"0173da","runId":"post-fix","timestamp":1783913483336,"hypothesisId":"L2","location":"dataplane_local.c:encrypt_to_wan","message":"split_l2_ok","data":{"frag0_wire":1500,"frag1_wire":98,"n":303872}}
{"sessionId":"0173da","runId":"post-fix","timestamp":1783913483339,"hypothesisId":"L2","location":"dataplane_local.c:encrypt_to_wan","message":"split_l2_enter","data":{"plain_len":1514,"mode":1,"frag_meta":35,"mtu":1500,"n":304128}}
{"sessionId":"0173da","runId":"post-fix","timestamp":1783913483339,"hypothesisId":"L2","location":"dataplane_local.c:encrypt_to_wan","message":"split_l2_ok","data":{"frag0_wire":1500,"frag1_wire":98,"n":304128}}
{"sessionId":"0173da","runId":"post-fix","timestamp":1783913483341,"hypothesisId":"L2","location":"dataplane_local.c:encrypt_to_wan","message":"split_l2_enter","data":{"plain_len":1514,"mode":1,"frag_meta":35,"mtu":1500,"n":304384}}
{"sessionId":"0173da","runId":"post-fix","timestamp":1783913483342,"hypothesisId":"L2","location":"dataplane_local.c:encrypt_to_wan","message":"split_l2_ok","data":{"frag0_wire":1500,"frag1_wire":98,"n":304384}}
{"sessionId":"0173da","runId":"post-fix","timestamp":1783913483343,"hypothesisId":"L2","location":"dataplane_local.c:encrypt_to_wan","message":"split_l2_enter","data":{"plain_len":1514,"mode":1,"frag_meta":35,"mtu":1500,"n":304640}}
{"sessionId":"0173da","runId":"post-fix","timestamp":1783913483343,"hypothesisId":"L2","location":"dataplane_local.c:encrypt_to_wan","message":"split_l2_ok","data":{"frag0_wire":1500,"frag1_wire":98,"n":304640}}
{"sessionId":"0173da","runId":"post-fix","timestamp":1783913483345,"hypothesisId":"L2","location":"dataplane_local.c:encrypt_to_wan","message":"split_l2_enter","data":{"plain_len":1514,"mode":1,"frag_meta":35,"mtu":1500,"n":304896}}
{"sessionId":"0173da","runId":"post-fix","timestamp":1783913483345,"hypothesisId":"L2","location":"dataplane_local.c:encrypt_to_wan","message":"split_l2_ok","data":{"frag0_wire":1500,"frag1_wire":98,"n":304896}}
{"sessionId":"0173da","runId":"post-fix","timestamp":1783913483346,"hypothesisId":"L2","location":"dataplane_local.c:encrypt_to_wan","message":"split_l2_enter","data":{"plain_len":1514,"mode":1,"frag_meta":35,"mtu":1500,"n":305152}}
{"sessionId":"0173da","runId":"post-fix","timestamp":1783913483346,"hypothesisId":"L2","location":"dataplane_local.c:encrypt_to_wan","message":"split_l2_ok","data":{"frag0_wire":1500,"frag1_wire":98,"n":305152}}
{"sessionId":"0173da","runId":"post-fix","timestamp":1783913483347,"hypothesisId":"L2","location":"dataplane_local.c:encrypt_to_wan","message":"split_l2_enter","data":{"plain_len":1514,"mode":1,"frag_meta":35,"mtu":1500,"n":305408}}
{"sessionId":"0173da","runId":"post-fix","timestamp":1783913483347,"hypothesisId":"L2","location":"dataplane_local.c:encrypt_to_wan","message":"split_l2_ok","data":{"frag0_wire":1500,"frag1_wire":98,"n":305408}}
{"sessionId":"0173da","runId":"post-fix","timestamp":1783913483348,"hypothesisId":"L2","location":"dataplane_local.c:encrypt_to_wan","message":"split_l2_enter","data":{"plain_len":1514,"mode":1,"frag_meta":35,"mtu":1500,"n":305664}}
{"sessionId":"0173da","runId":"post-fix","timestamp":1783913483348,"hypothesisId":"L2","location":"dataplane_local.c:encrypt_to_wan","message":"split_l2_ok","data":{"frag0_wire":1500,"frag1_wire":98,"n":305664}}
{"sessionId":"0173da","runId":"post-fix","timestamp":1783913483349,"hypothesisId":"L2","location":"dataplane_local.c:encrypt_to_wan","message":"split_l2_enter","data":{"plain_len":1514,"mode":1,"frag_meta":35,"mtu":1500,"n":305920}}
{"sessionId":"0173da","runId":"post-fix","timestamp":1783913483349,"hypothesisId":"L2","location":"dataplane_local.c:encrypt_to_wan","message":"split_l2_ok","data":{"frag0_wire":1500,"frag1_wire":98,"n":305920}}
{"sessionId":"0173da","runId":"post-fix","timestamp":1783913483351,"hypothesisId":"L2","location":"dataplane_local.c:encrypt_to_wan","message":"split_l2_enter","data":{"plain_len":1514,"mode":1,"frag_meta":35,"mtu":1500,"n":306176}}
{"sessionId":"0173da","runId":"post-fix","timestamp":1783913483351,"hypothesisId":"L2","location":"dataplane_local.c:encrypt_to_wan","message":"split_l2_ok","data":{"frag0_wire":1500,"frag1_wire":98,"n":306176}}
{"sessionId":"0173da","runId":"post-fix","timestamp":1783913483352,"hypothesisId":"L2","location":"dataplane_local.c:encrypt_to_wan","message":"split_l2_enter","data":{"plain_len":1514,"mode":1,"frag_meta":35,"mtu":1500,"n":306432}}
{"sessionId":"0173da","runId":"post-fix","timestamp":1783913483352,"hypothesisId":"L2","location":"dataplane_local.c:encrypt_to_wan","message":"split_l2_ok","data":{"frag0_wire":1500,"frag1_wire":98,"n":306432}}
{"sessionId":"0173da","runId":"post-fix","timestamp":1783913483353,"hypothesisId":"L2","location":"dataplane_local.c:encrypt_to_wan","message":"split_l2_enter","data":{"plain_len":1514,"mode":1,"frag_meta":35,"mtu":1500,"n":306688}}
{"sessionId":"0173da","runId":"post-fix","timestamp":1783913483353,"hypothesisId":"L2","location":"dataplane_local.c:encrypt_to_wan","message":"split_l2_ok","data":{"frag0_wire":1500,"frag1_wire":98,"n":306688}}
{"sessionId":"0173da","runId":"post-fix","timestamp":1783913483354,"hypothesisId":"L2","location":"dataplane_wan.c:decrypt_wan","message":"l2_full_decrypt_ok","data":{"wire_len":108,"plain_len":78,"n":76288}}
{"sessionId":"0173da","runId":"post-fix","timestamp":1783913483354,"hypothesisId":"L2","location":"dataplane_wan.c:dataplane_process_wan","message":"wan_l2_forward_ok","data":{"wire_in":108,"plain_len":78,"n":76288}}
{"sessionId":"0173da","runId":"post-fix","timestamp":1783913483355,"hypothesisId":"L2","location":"dataplane_local.c:encrypt_to_wan","message":"split_l2_enter","data":{"plain_len":1507,"mode":1,"frag_meta":35,"mtu":1500,"n":306944}}
{"sessionId":"0173da","runId":"post-fix","timestamp":1783913483355,"hypothesisId":"L2","location":"dataplane_local.c:encrypt_to_wan","message":"split_l2_ok","data":{"frag0_wire":1500,"frag1_wire":91,"n":306944}}
{"sessionId":"0173da","runId":"post-fix","timestamp":1783913483356,"hypothesisId":"L2","location":"dataplane_local.c:encrypt_to_wan","message":"split_l2_enter","data":{"plain_len":1514,"mode":1,"frag_meta":35,"mtu":1500,"n":307200}}
{"sessionId":"0173da","runId":"post-fix","timestamp":1783913483356,"hypothesisId":"L2","location":"dataplane_local.c:encrypt_to_wan","message":"split_l2_ok","data":{"frag0_wire":1500,"frag1_wire":98,"n":307200}}
{"sessionId":"0173da","runId":"post-fix","timestamp":1783913483357,"hypothesisId":"L2","location":"dataplane_local.c:encrypt_to_wan","message":"split_l2_enter","data":{"plain_len":1514,"mode":1,"frag_meta":35,"mtu":1500,"n":307456}}
{"sessionId":"0173da","runId":"post-fix","timestamp":1783913483357,"hypothesisId":"L2","location":"dataplane_local.c:encrypt_to_wan","message":"split_l2_ok","data":{"frag0_wire":1500,"frag1_wire":98,"n":307456}}
{"sessionId":"0173da","runId":"post-fix","timestamp":1783913483358,"hypothesisId":"L2","location":"dataplane_local.c:encrypt_to_wan","message":"split_l2_enter","data":{"plain_len":1514,"mode":1,"frag_meta":35,"mtu":1500,"n":307712}}
{"sessionId":"0173da","runId":"post-fix","timestamp":1783913483358,"hypothesisId":"L2","location":"dataplane_local.c:encrypt_to_wan","message":"split_l2_ok","data":{"frag0_wire":1500,"frag1_wire":98,"n":307712}}
{"sessionId":"0173da","runId":"post-fix","timestamp":1783913483360,"hypothesisId":"L2","location":"dataplane_local.c:encrypt_to_wan","message":"split_l2_enter","data":{"plain_len":1514,"mode":1,"frag_meta":35,"mtu":1500,"n":307968}}
{"sessionId":"0173da","runId":"post-fix","timestamp":1783913483360,"hypothesisId":"L2","location":"dataplane_local.c:encrypt_to_wan","message":"split_l2_ok","data":{"frag0_wire":1500,"frag1_wire":98,"n":307968}}
{"sessionId":"0173da","runId":"post-fix","timestamp":1783913483361,"hypothesisId":"L2","location":"dataplane_local.c:encrypt_to_wan","message":"split_l2_enter","data":{"plain_len":1514,"mode":1,"frag_meta":35,"mtu":1500,"n":308224}}
{"sessionId":"0173da","runId":"post-fix","timestamp":1783913483361,"hypothesisId":"L2","location":"dataplane_local.c:encrypt_to_wan","message":"split_l2_ok","data":{"frag0_wire":1500,"frag1_wire":98,"n":308224}}
{"sessionId":"0173da","runId":"post-fix","timestamp":1783913483362,"hypothesisId":"L2","location":"dataplane_local.c:encrypt_to_wan","message":"split_l2_enter","data":{"plain_len":1507,"mode":1,"frag_meta":35,"mtu":1500,"n":308480}}
{"sessionId":"0173da","runId":"post-fix","timestamp":1783913483362,"hypothesisId":"L2","location":"dataplane_local.c:encrypt_to_wan","message":"split_l2_ok","data":{"frag0_wire":1500,"frag1_wire":91,"n":308480}}
{"sessionId":"0173da","runId":"post-fix","timestamp":1783913483363,"hypothesisId":"L2","location":"dataplane_local.c:encrypt_to_wan","message":"split_l2_enter","data":{"plain_len":1514,"mode":1,"frag_meta":35,"mtu":1500,"n":308736}}
{"sessionId":"0173da","runId":"post-fix","timestamp":1783913483363,"hypothesisId":"L2","location":"dataplane_local.c:encrypt_to_wan","message":"split_l2_ok","data":{"frag0_wire":1500,"frag1_wire":98,"n":308736}}
{"sessionId":"0173da","runId":"post-fix","timestamp":1783913483364,"hypothesisId":"L2","location":"dataplane_wan.c:dataplane_process_wan","message":"wan_l2_forward_ok","data":{"wire_in":108,"plain_len":78,"n":76800}}
{"sessionId":"0173da","runId":"post-fix","timestamp":1783913483364,"hypothesisId":"L2","location":"dataplane_wan.c:decrypt_wan","message":"l2_full_decrypt_ok","data":{"wire_len":96,"plain_len":66,"n":76800}}
{"sessionId":"0173da","runId":"post-fix","timestamp":1783913483365,"hypothesisId":"L2","location":"dataplane_local.c:encrypt_to_wan","message":"split_l2_enter","data":{"plain_len":1514,"mode":1,"frag_meta":35,"mtu":1500,"n":308992}}
{"sessionId":"0173da","runId":"post-fix","timestamp":1783913483365,"hypothesisId":"L2","location":"dataplane_local.c:encrypt_to_wan","message":"split_l2_ok","data":{"frag0_wire":1500,"frag1_wire":98,"n":308992}}
{"sessionId":"0173da","runId":"post-fix","timestamp":1783913483366,"hypothesisId":"L2","location":"dataplane_local.c:encrypt_to_wan","message":"split_l2_enter","data":{"plain_len":1514,"mode":1,"frag_meta":35,"mtu":1500,"n":309248}}
{"sessionId":"0173da","runId":"post-fix","timestamp":1783913483366,"hypothesisId":"L2","location":"dataplane_local.c:encrypt_to_wan","message":"split_l2_ok","data":{"frag0_wire":1500,"frag1_wire":98,"n":309248}}
{"sessionId":"0173da","runId":"post-fix","timestamp":1783913483367,"hypothesisId":"L2","location":"dataplane_local.c:encrypt_to_wan","message":"split_l2_enter","data":{"plain_len":1514,"mode":1,"frag_meta":35,"mtu":1500,"n":309504}}
{"sessionId":"0173da","runId":"post-fix","timestamp":1783913483367,"hypothesisId":"L2","location":"dataplane_local.c:encrypt_to_wan","message":"split_l2_ok","data":{"frag0_wire":1500,"frag1_wire":98,"n":309504}}
{"sessionId":"0173da","runId":"post-fix","timestamp":1783913483368,"hypothesisId":"L2","location":"dataplane_local.c:encrypt_to_wan","message":"split_l2_enter","data":{"plain_len":1514,"mode":1,"frag_meta":35,"mtu":1500,"n":309760}}
{"sessionId":"0173da","runId":"post-fix","timestamp":1783913483368,"hypothesisId":"L2","location":"dataplane_local.c:encrypt_to_wan","message":"split_l2_ok","data":{"frag0_wire":1500,"frag1_wire":98,"n":309760}}
{"sessionId":"0173da","runId":"post-fix","timestamp":1783913483369,"hypothesisId":"L2","location":"dataplane_local.c:encrypt_to_wan","message":"split_l2_enter","data":{"plain_len":1514,"mode":1,"frag_meta":35,"mtu":1500,"n":310016}}
{"sessionId":"0173da","runId":"post-fix","timestamp":1783913483370,"hypothesisId":"L2","location":"dataplane_local.c:encrypt_to_wan","message":"split_l2_ok","data":{"frag0_wire":1500,"frag1_wire":98,"n":310016}}
{"sessionId":"0173da","runId":"post-fix","timestamp":1783913483371,"hypothesisId":"L2","location":"dataplane_local.c:encrypt_to_wan","message":"split_l2_enter","data":{"plain_len":1514,"mode":1,"frag_meta":35,"mtu":1500,"n":310272}}
{"sessionId":"0173da","runId":"post-fix","timestamp":1783913483371,"hypothesisId":"L2","location":"dataplane_local.c:encrypt_to_wan","message":"split_l2_ok","data":{"frag0_wire":1500,"frag1_wire":98,"n":310272}}
{"sessionId":"0173da","runId":"post-fix","timestamp":1783913483372,"hypothesisId":"L2","location":"dataplane_local.c:encrypt_to_wan","message":"split_l2_enter","data":{"plain_len":1514,"mode":1,"frag_meta":35,"mtu":1500,"n":310528}}
{"sessionId":"0173da","runId":"post-fix","timestamp":1783913483372,"hypothesisId":"L2","location":"dataplane_local.c:encrypt_to_wan","message":"split_l2_ok","data":{"frag0_wire":1500,"frag1_wire":98,"n":310528}}
{"sessionId":"0173da","runId":"post-fix","timestamp":1783913483372,"hypothesisId":"L2","location":"dataplane_wan.c:decrypt_wan","message":"l2_full_decrypt_ok","data":{"wire_len":108,"plain_len":78,"n":77312}}
{"sessionId":"0173da","runId":"post-fix","timestamp":1783913483372,"hypothesisId":"L2","location":"dataplane_wan.c:dataplane_process_wan","message":"wan_l2_forward_ok","data":{"wire_in":108,"plain_len":78,"n":77312}}
{"sessionId":"0173da","runId":"post-fix","timestamp":1783913483373,"hypothesisId":"L2","location":"dataplane_local.c:encrypt_to_wan","message":"split_l2_enter","data":{"plain_len":1514,"mode":1,"frag_meta":35,"mtu":1500,"n":310784}}
{"sessionId":"0173da","runId":"post-fix","timestamp":1783913483373,"hypothesisId":"L2","location":"dataplane_local.c:encrypt_to_wan","message":"split_l2_ok","data":{"frag0_wire":1500,"frag1_wire":98,"n":310784}}
{"sessionId":"0173da","runId":"post-fix","timestamp":1783913483375,"hypothesisId":"L2","location":"dataplane_local.c:encrypt_to_wan","message":"split_l2_enter","data":{"plain_len":1514,"mode":1,"frag_meta":35,"mtu":1500,"n":311040}}
{"sessionId":"0173da","runId":"post-fix","timestamp":1783913483375,"hypothesisId":"L2","location":"dataplane_local.c:encrypt_to_wan","message":"split_l2_ok","data":{"frag0_wire":1500,"frag1_wire":98,"n":311040}}
{"sessionId":"0173da","runId":"post-fix","timestamp":1783913483376,"hypothesisId":"L2","location":"dataplane_local.c:encrypt_to_wan","message":"split_l2_enter","data":{"plain_len":1514,"mode":1,"frag_meta":35,"mtu":1500,"n":311296}}
{"sessionId":"0173da","runId":"post-fix","timestamp":1783913483376,"hypothesisId":"L2","location":"dataplane_local.c:encrypt_to_wan","message":"split_l2_ok","data":{"frag0_wire":1500,"frag1_wire":98,"n":311296}}
{"sessionId":"0173da","runId":"post-fix","timestamp":1783913483377,"hypothesisId":"L2","location":"dataplane_local.c:encrypt_to_wan","message":"split_l2_enter","data":{"plain_len":1507,"mode":1,"frag_meta":35,"mtu":1500,"n":311552}}
{"sessionId":"0173da","runId":"post-fix","timestamp":1783913483377,"hypothesisId":"L2","location":"dataplane_local.c:encrypt_to_wan","message":"split_l2_ok","data":{"frag0_wire":1500,"frag1_wire":91,"n":311552}}
{"sessionId":"0173da","runId":"post-fix","timestamp":1783913483378,"hypothesisId":"L2","location":"dataplane_local.c:encrypt_to_wan","message":"split_l2_enter","data":{"plain_len":1514,"mode":1,"frag_meta":35,"mtu":1500,"n":311808}}
{"sessionId":"0173da","runId":"post-fix","timestamp":1783913483378,"hypothesisId":"L2","location":"dataplane_local.c:encrypt_to_wan","message":"split_l2_ok","data":{"frag0_wire":1500,"frag1_wire":98,"n":311808}}
{"sessionId":"0173da","runId":"post-fix","timestamp":1783913483380,"hypothesisId":"L2","location":"dataplane_local.c:encrypt_to_wan","message":"split_l2_enter","data":{"plain_len":1514,"mode":1,"frag_meta":35,"mtu":1500,"n":312064}}
{"sessionId":"0173da","runId":"post-fix","timestamp":1783913483380,"hypothesisId":"L2","location":"dataplane_local.c:encrypt_to_wan","message":"split_l2_ok","data":{"frag0_wire":1500,"frag1_wire":98,"n":312064}}
{"sessionId":"0173da","runId":"post-fix","timestamp":1783913483381,"hypothesisId":"L2","location":"dataplane_local.c:encrypt_to_wan","message":"split_l2_enter","data":{"plain_len":1514,"mode":1,"frag_meta":35,"mtu":1500,"n":312320}}
{"sessionId":"0173da","runId":"post-fix","timestamp":1783913483381,"hypothesisId":"L2","location":"dataplane_local.c:encrypt_to_wan","message":"split_l2_ok","data":{"frag0_wire":1500,"frag1_wire":98,"n":312320}}
{"sessionId":"0173da","runId":"post-fix","timestamp":1783913483382,"hypothesisId":"L2","location":"dataplane_local.c:encrypt_to_wan","message":"split_l2_enter","data":{"plain_len":1514,"mode":1,"frag_meta":35,"mtu":1500,"n":312576}}
{"sessionId":"0173da","runId":"post-fix","timestamp":1783913483382,"hypothesisId":"L2","location":"dataplane_local.c:encrypt_to_wan","message":"split_l2_ok","data":{"frag0_wire":1500,"frag1_wire":98,"n":312576}}
{"sessionId":"0173da","runId":"post-fix","timestamp":1783913483383,"hypothesisId":"L2","location":"dataplane_local.c:encrypt_to_wan","message":"split_l2_enter","data":{"plain_len":1514,"mode":1,"frag_meta":35,"mtu":1500,"n":312832}}
{"sessionId":"0173da","runId":"post-fix","timestamp":1783913483384,"hypothesisId":"L2","location":"dataplane_local.c:encrypt_to_wan","message":"split_l2_ok","data":{"frag0_wire":1500,"frag1_wire":98,"n":312832}}
{"sessionId":"0173da","runId":"post-fix","timestamp":1783913483385,"hypothesisId":"L2","location":"dataplane_local.c:encrypt_to_wan","message":"split_l2_enter","data":{"plain_len":1514,"mode":1,"frag_meta":35,"mtu":1500,"n":313088}}
{"sessionId":"0173da","runId":"post-fix","timestamp":1783913483385,"hypothesisId":"L2","location":"dataplane_local.c:encrypt_to_wan","message":"split_l2_ok","data":{"frag0_wire":1500,"frag1_wire":98,"n":313088}}
{"sessionId":"0173da","runId":"post-fix","timestamp":1783913483386,"hypothesisId":"L2","location":"dataplane_wan.c:decrypt_wan","message":"l2_full_decrypt_ok","data":{"wire_len":108,"plain_len":78,"n":77824}}
{"sessionId":"0173da","runId":"post-fix","timestamp":1783913483386,"hypothesisId":"L2","location":"dataplane_wan.c:dataplane_process_wan","message":"wan_l2_forward_ok","data":{"wire_in":108,"plain_len":78,"n":77824}}
{"sessionId":"0173da","runId":"post-fix","timestamp":1783913483388,"hypothesisId":"L2","location":"dataplane_local.c:encrypt_to_wan","message":"split_l2_enter","data":{"plain_len":1514,"mode":1,"frag_meta":35,"mtu":1500,"n":313344}}
{"sessionId":"0173da","runId":"post-fix","timestamp":1783913483388,"hypothesisId":"L2","location":"dataplane_local.c:encrypt_to_wan","message":"split_l2_ok","data":{"frag0_wire":1500,"frag1_wire":98,"n":313344}}
{"sessionId":"0173da","runId":"post-fix","timestamp":1783913483390,"hypothesisId":"L2","location":"dataplane_local.c:encrypt_to_wan","message":"split_l2_enter","data":{"plain_len":1514,"mode":1,"frag_meta":35,"mtu":1500,"n":313600}}
{"sessionId":"0173da","runId":"post-fix","timestamp":1783913483390,"hypothesisId":"L2","location":"dataplane_local.c:encrypt_to_wan","message":"split_l2_ok","data":{"frag0_wire":1500,"frag1_wire":98,"n":313600}}
{"sessionId":"0173da","runId":"post-fix","timestamp":1783913483392,"hypothesisId":"L2","location":"dataplane_local.c:encrypt_to_wan","message":"split_l2_enter","data":{"plain_len":1514,"mode":1,"frag_meta":35,"mtu":1500,"n":313856}}
{"sessionId":"0173da","runId":"post-fix","timestamp":1783913483392,"hypothesisId":"L2","location":"dataplane_local.c:encrypt_to_wan","message":"split_l2_ok","data":{"frag0_wire":1500,"frag1_wire":98,"n":313856}}
{"sessionId":"0173da","runId":"post-fix","timestamp":1783913483395,"hypothesisId":"L2","location":"dataplane_local.c:encrypt_to_wan","message":"split_l2_enter","data":{"plain_len":1507,"mode":1,"frag_meta":35,"mtu":1500,"n":314112}}
{"sessionId":"0173da","runId":"post-fix","timestamp":1783913483395,"hypothesisId":"L2","location":"dataplane_local.c:encrypt_to_wan","message":"split_l2_ok","data":{"frag0_wire":1500,"frag1_wire":91,"n":314112}}
{"sessionId":"0173da","runId":"post-fix","timestamp":1783913483397,"hypothesisId":"L2","location":"dataplane_local.c:encrypt_to_wan","message":"split_l2_enter","data":{"plain_len":1514,"mode":1,"frag_meta":35,"mtu":1500,"n":314368}}
{"sessionId":"0173da","runId":"post-fix","timestamp":1783913483397,"hypothesisId":"L2","location":"dataplane_local.c:encrypt_to_wan","message":"split_l2_ok","data":{"frag0_wire":1500,"frag1_wire":98,"n":314368}}
{"sessionId":"0173da","runId":"post-fix","timestamp":1783913483398,"hypothesisId":"L2","location":"dataplane_local.c:encrypt_to_wan","message":"split_l2_enter","data":{"plain_len":1514,"mode":1,"frag_meta":35,"mtu":1500,"n":314624}}
{"sessionId":"0173da","runId":"post-fix","timestamp":1783913483398,"hypothesisId":"L2","location":"dataplane_local.c:encrypt_to_wan","message":"split_l2_ok","data":{"frag0_wire":1500,"frag1_wire":98,"n":314624}}
{"sessionId":"0173da","runId":"post-fix","timestamp":1783913483399,"hypothesisId":"L2","location":"dataplane_local.c:encrypt_to_wan","message":"encrypt_l2_full_ok","data":{"plain_len":1302,"wire_len":1332,"mode":1,"n":8704}}
{"sessionId":"0173da","runId":"post-fix","timestamp":1783913483399,"hypothesisId":"L2","location":"dataplane_local.c:encrypt_to_wan","message":"split_l2_enter","data":{"plain_len":1514,"mode":1,"frag_meta":35,"mtu":1500,"n":314880}}
{"sessionId":"0173da","runId":"post-fix","timestamp":1783913483399,"hypothesisId":"L2","location":"dataplane_local.c:encrypt_to_wan","message":"split_l2_ok","data":{"frag0_wire":1500,"frag1_wire":98,"n":314880}}
{"sessionId":"0173da","runId":"post-fix","timestamp":1783913483401,"hypothesisId":"L2","location":"dataplane_local.c:encrypt_to_wan","message":"split_l2_enter","data":{"plain_len":1514,"mode":1,"frag_meta":35,"mtu":1500,"n":315136}}
{"sessionId":"0173da","runId":"post-fix","timestamp":1783913483401,"hypothesisId":"L2","location":"dataplane_local.c:encrypt_to_wan","message":"split_l2_ok","data":{"frag0_wire":1500,"frag1_wire":98,"n":315136}}
{"sessionId":"0173da","runId":"post-fix","timestamp":1783913483402,"hypothesisId":"L2","location":"dataplane_local.c:encrypt_to_wan","message":"split_l2_enter","data":{"plain_len":1514,"mode":1,"frag_meta":35,"mtu":1500,"n":315392}}
{"sessionId":"0173da","runId":"post-fix","timestamp":1783913483402,"hypothesisId":"L2","location":"dataplane_local.c:encrypt_to_wan","message":"split_l2_ok","data":{"frag0_wire":1500,"frag1_wire":98,"n":315392}}
{"sessionId":"0173da","runId":"post-fix","timestamp":1783913483403,"hypothesisId":"L2","location":"dataplane_local.c:encrypt_to_wan","message":"split_l2_enter","data":{"plain_len":1514,"mode":1,"frag_meta":35,"mtu":1500,"n":315648}}
{"sessionId":"0173da","runId":"post-fix","timestamp":1783913483403,"hypothesisId":"L2","location":"dataplane_local.c:encrypt_to_wan","message":"split_l2_ok","data":{"frag0_wire":1500,"frag1_wire":98,"n":315648}}
{"sessionId":"0173da","runId":"post-fix","timestamp":1783913483404,"hypothesisId":"L2","location":"dataplane_local.c:encrypt_to_wan","message":"split_l2_enter","data":{"plain_len":1507,"mode":1,"frag_meta":35,"mtu":1500,"n":315904}}
{"sessionId":"0173da","runId":"post-fix","timestamp":1783913483405,"hypothesisId":"L2","location":"dataplane_local.c:encrypt_to_wan","message":"split_l2_ok","data":{"frag0_wire":1500,"frag1_wire":91,"n":315904}}
{"sessionId":"0173da","runId":"post-fix","timestamp":1783913483405,"hypothesisId":"L2","location":"dataplane_wan.c:decrypt_wan","message":"l2_full_decrypt_ok","data":{"wire_len":96,"plain_len":66,"n":78336}}
{"sessionId":"0173da","runId":"post-fix","timestamp":1783913483405,"hypothesisId":"L2","location":"dataplane_wan.c:dataplane_process_wan","message":"wan_l2_forward_ok","data":{"wire_in":108,"plain_len":78,"n":78336}}
{"sessionId":"0173da","runId":"post-fix","timestamp":1783913483406,"hypothesisId":"L2","location":"dataplane_local.c:encrypt_to_wan","message":"split_l2_enter","data":{"plain_len":1514,"mode":1,"frag_meta":35,"mtu":1500,"n":316160}}
{"sessionId":"0173da","runId":"post-fix","timestamp":1783913483406,"hypothesisId":"L2","location":"dataplane_local.c:encrypt_to_wan","message":"split_l2_ok","data":{"frag0_wire":1500,"frag1_wire":98,"n":316160}}
{"sessionId":"0173da","runId":"post-fix","timestamp":1783913483407,"hypothesisId":"L2","location":"dataplane_local.c:encrypt_to_wan","message":"split_l2_enter","data":{"plain_len":1514,"mode":1,"frag_meta":35,"mtu":1500,"n":316416}}
{"sessionId":"0173da","runId":"post-fix","timestamp":1783913483407,"hypothesisId":"L2","location":"dataplane_local.c:encrypt_to_wan","message":"split_l2_ok","data":{"frag0_wire":1500,"frag1_wire":98,"n":316416}}
{"sessionId":"0173da","runId":"post-fix","timestamp":1783913483408,"hypothesisId":"L2","location":"dataplane_local.c:encrypt_to_wan","message":"split_l2_enter","data":{"plain_len":1514,"mode":1,"frag_meta":35,"mtu":1500,"n":316672}}
{"sessionId":"0173da","runId":"post-fix","timestamp":1783913483408,"hypothesisId":"L2","location":"dataplane_local.c:encrypt_to_wan","message":"split_l2_ok","data":{"frag0_wire":1500,"frag1_wire":98,"n":316672}}
{"sessionId":"0173da","runId":"post-fix","timestamp":1783913483410,"hypothesisId":"L2","location":"dataplane_local.c:encrypt_to_wan","message":"split_l2_enter","data":{"plain_len":1514,"mode":1,"frag_meta":35,"mtu":1500,"n":316928}}
{"sessionId":"0173da","runId":"post-fix","timestamp":1783913483410,"hypothesisId":"L2","location":"dataplane_local.c:encrypt_to_wan","message":"split_l2_ok","data":{"frag0_wire":1500,"frag1_wire":98,"n":316928}}
{"sessionId":"0173da","runId":"post-fix","timestamp":1783913483411,"hypothesisId":"L2","location":"dataplane_local.c:encrypt_to_wan","message":"split_l2_enter","data":{"plain_len":1514,"mode":1,"frag_meta":35,"mtu":1500,"n":317184}}
{"sessionId":"0173da","runId":"post-fix","timestamp":1783913483411,"hypothesisId":"L2","location":"dataplane_local.c:encrypt_to_wan","message":"split_l2_ok","data":{"frag0_wire":1500,"frag1_wire":98,"n":317184}}
{"sessionId":"0173da","runId":"post-fix","timestamp":1783913483412,"hypothesisId":"L2","location":"dataplane_local.c:encrypt_to_wan","message":"split_l2_enter","data":{"plain_len":1514,"mode":1,"frag_meta":35,"mtu":1500,"n":317440}}
{"sessionId":"0173da","runId":"post-fix","timestamp":1783913483413,"hypothesisId":"L2","location":"dataplane_local.c:encrypt_to_wan","message":"split_l2_ok","data":{"frag0_wire":1500,"frag1_wire":98,"n":317440}}
{"sessionId":"0173da","runId":"post-fix","timestamp":1783913483414,"hypothesisId":"L2","location":"dataplane_local.c:encrypt_to_wan","message":"split_l2_enter","data":{"plain_len":1514,"mode":1,"frag_meta":35,"mtu":1500,"n":317696}}
{"sessionId":"0173da","runId":"post-fix","timestamp":1783913483414,"hypothesisId":"L2","location":"dataplane_local.c:encrypt_to_wan","message":"split_l2_ok","data":{"frag0_wire":1500,"frag1_wire":98,"n":317696}}
{"sessionId":"0173da","runId":"post-fix","timestamp":1783913483414,"hypothesisId":"L2","location":"dataplane_wan.c:decrypt_wan","message":"l2_full_decrypt_ok","data":{"wire_len":108,"plain_len":78,"n":78848}}
{"sessionId":"0173da","runId":"post-fix","timestamp":1783913483414,"hypothesisId":"L2","location":"dataplane_wan.c:dataplane_process_wan","message":"wan_l2_forward_ok","data":{"wire_in":108,"plain_len":78,"n":78848}}
{"sessionId":"0173da","runId":"post-fix","timestamp":1783913483415,"hypothesisId":"L2","location":"dataplane_local.c:encrypt_to_wan","message":"split_l2_enter","data":{"plain_len":1514,"mode":1,"frag_meta":35,"mtu":1500,"n":317952}}
{"sessionId":"0173da","runId":"post-fix","timestamp":1783913483415,"hypothesisId":"L2","location":"dataplane_local.c:encrypt_to_wan","message":"split_l2_ok","data":{"frag0_wire":1500,"frag1_wire":98,"n":317952}}
{"sessionId":"0173da","runId":"post-fix","timestamp":1783913483416,"hypothesisId":"L2","location":"dataplane_local.c:encrypt_to_wan","message":"split_l2_enter","data":{"plain_len":1514,"mode":1,"frag_meta":35,"mtu":1500,"n":318208}}
{"sessionId":"0173da","runId":"post-fix","timestamp":1783913483416,"hypothesisId":"L2","location":"dataplane_local.c:encrypt_to_wan","message":"split_l2_ok","data":{"frag0_wire":1500,"frag1_wire":98,"n":318208}}
{"sessionId":"0173da","runId":"post-fix","timestamp":1783913483417,"hypothesisId":"L2","location":"dataplane_local.c:encrypt_to_wan","message":"split_l2_enter","data":{"plain_len":1514,"mode":1,"frag_meta":35,"mtu":1500,"n":318464}}
{"sessionId":"0173da","runId":"post-fix","timestamp":1783913483418,"hypothesisId":"L2","location":"dataplane_local.c:encrypt_to_wan","message":"split_l2_ok","data":{"frag0_wire":1500,"frag1_wire":98,"n":318464}}
{"sessionId":"0173da","runId":"post-fix","timestamp":1783913483419,"hypothesisId":"L2","location":"dataplane_local.c:encrypt_to_wan","message":"split_l2_enter","data":{"plain_len":1507,"mode":1,"frag_meta":35,"mtu":1500,"n":318720}}
{"sessionId":"0173da","runId":"post-fix","timestamp":1783913483419,"hypothesisId":"L2","location":"dataplane_local.c:encrypt_to_wan","message":"split_l2_ok","data":{"frag0_wire":1500,"frag1_wire":91,"n":318720}}
{"sessionId":"0173da","runId":"post-fix","timestamp":1783913483420,"hypothesisId":"L2","location":"dataplane_local.c:encrypt_to_wan","message":"split_l2_enter","data":{"plain_len":1514,"mode":1,"frag_meta":35,"mtu":1500,"n":318976}}
{"sessionId":"0173da","runId":"post-fix","timestamp":1783913483420,"hypothesisId":"L2","location":"dataplane_local.c:encrypt_to_wan","message":"split_l2_ok","data":{"frag0_wire":1500,"frag1_wire":98,"n":318976}}
{"sessionId":"0173da","runId":"post-fix","timestamp":1783913483421,"hypothesisId":"L2","location":"dataplane_local.c:encrypt_to_wan","message":"split_l2_enter","data":{"plain_len":1514,"mode":1,"frag_meta":35,"mtu":1500,"n":319232}}
{"sessionId":"0173da","runId":"post-fix","timestamp":1783913483421,"hypothesisId":"L2","location":"dataplane_local.c:encrypt_to_wan","message":"split_l2_ok","data":{"frag0_wire":1500,"frag1_wire":98,"n":319232}}
{"sessionId":"0173da","runId":"post-fix","timestamp":1783913483423,"hypothesisId":"L2","location":"dataplane_local.c:encrypt_to_wan","message":"split_l2_enter","data":{"plain_len":1514,"mode":1,"frag_meta":35,"mtu":1500,"n":319488}}
{"sessionId":"0173da","runId":"post-fix","timestamp":1783913483423,"hypothesisId":"L2","location":"dataplane_local.c:encrypt_to_wan","message":"split_l2_ok","data":{"frag0_wire":1500,"frag1_wire":98,"n":319488}}
{"sessionId":"0173da","runId":"post-fix","timestamp":1783913483424,"hypothesisId":"L2","location":"dataplane_local.c:encrypt_to_wan","message":"split_l2_enter","data":{"plain_len":1514,"mode":1,"frag_meta":35,"mtu":1500,"n":319744}}
{"sessionId":"0173da","runId":"post-fix","timestamp":1783913483424,"hypothesisId":"L2","location":"dataplane_local.c:encrypt_to_wan","message":"split_l2_ok","data":{"frag0_wire":1500,"frag1_wire":98,"n":319744}}
{"sessionId":"0173da","runId":"post-fix","timestamp":1783913483425,"hypothesisId":"L2","location":"dataplane_local.c:encrypt_to_wan","message":"split_l2_enter","data":{"plain_len":1514,"mode":1,"frag_meta":35,"mtu":1500,"n":320000}}
{"sessionId":"0173da","runId":"post-fix","timestamp":1783913483425,"hypothesisId":"L2","location":"dataplane_local.c:encrypt_to_wan","message":"split_l2_ok","data":{"frag0_wire":1500,"frag1_wire":98,"n":320000}}
{"sessionId":"0173da","runId":"post-fix","timestamp":1783913483426,"hypothesisId":"L2","location":"dataplane_wan.c:decrypt_wan","message":"l2_full_decrypt_ok","data":{"wire_len":108,"plain_len":78,"n":79360}}
{"sessionId":"0173da","runId":"post-fix","timestamp":1783913483426,"hypothesisId":"L2","location":"dataplane_wan.c:dataplane_process_wan","message":"wan_l2_forward_ok","data":{"wire_in":108,"plain_len":78,"n":79360}}
{"sessionId":"0173da","runId":"post-fix","timestamp":1783913483427,"hypothesisId":"L2","location":"dataplane_local.c:encrypt_to_wan","message":"split_l2_enter","data":{"plain_len":1514,"mode":1,"frag_meta":35,"mtu":1500,"n":320256}}
{"sessionId":"0173da","runId":"post-fix","timestamp":1783913483427,"hypothesisId":"L2","location":"dataplane_local.c:encrypt_to_wan","message":"split_l2_ok","data":{"frag0_wire":1500,"frag1_wire":98,"n":320256}}
{"sessionId":"0173da","runId":"post-fix","timestamp":1783913483428,"hypothesisId":"L2","location":"dataplane_local.c:encrypt_to_wan","message":"split_l2_enter","data":{"plain_len":1507,"mode":1,"frag_meta":35,"mtu":1500,"n":320512}}
{"sessionId":"0173da","runId":"post-fix","timestamp":1783913483428,"hypothesisId":"L2","location":"dataplane_local.c:encrypt_to_wan","message":"split_l2_ok","data":{"frag0_wire":1500,"frag1_wire":91,"n":320512}}
{"sessionId":"0173da","runId":"post-fix","timestamp":1783913483429,"hypothesisId":"L2","location":"dataplane_local.c:encrypt_to_wan","message":"split_l2_enter","data":{"plain_len":1507,"mode":1,"frag_meta":35,"mtu":1500,"n":320768}}
{"sessionId":"0173da","runId":"post-fix","timestamp":1783913483429,"hypothesisId":"L2","location":"dataplane_local.c:encrypt_to_wan","message":"split_l2_ok","data":{"frag0_wire":1500,"frag1_wire":91,"n":320768}}
{"sessionId":"0173da","runId":"post-fix","timestamp":1783913483430,"hypothesisId":"L2","location":"dataplane_local.c:encrypt_to_wan","message":"split_l2_enter","data":{"plain_len":1507,"mode":1,"frag_meta":35,"mtu":1500,"n":321024}}
{"sessionId":"0173da","runId":"post-fix","timestamp":1783913483430,"hypothesisId":"L2","location":"dataplane_local.c:encrypt_to_wan","message":"split_l2_ok","data":{"frag0_wire":1500,"frag1_wire":91,"n":321024}}
{"sessionId":"0173da","runId":"post-fix","timestamp":1783913483432,"hypothesisId":"L2","location":"dataplane_local.c:encrypt_to_wan","message":"split_l2_enter","data":{"plain_len":1514,"mode":1,"frag_meta":35,"mtu":1500,"n":321280}}
{"sessionId":"0173da","runId":"post-fix","timestamp":1783913483432,"hypothesisId":"L2","location":"dataplane_local.c:encrypt_to_wan","message":"split_l2_ok","data":{"frag0_wire":1500,"frag1_wire":98,"n":321280}}
{"sessionId":"0173da","runId":"post-fix","timestamp":1783913483433,"hypothesisId":"L2","location":"dataplane_local.c:encrypt_to_wan","message":"split_l2_enter","data":{"plain_len":1514,"mode":1,"frag_meta":35,"mtu":1500,"n":321536}}
{"sessionId":"0173da","runId":"post-fix","timestamp":1783913483433,"hypothesisId":"L2","location":"dataplane_local.c:encrypt_to_wan","message":"split_l2_ok","data":{"frag0_wire":1500,"frag1_wire":98,"n":321536}}
{"sessionId":"0173da","runId":"post-fix","timestamp":1783913483435,"hypothesisId":"L2","location":"dataplane_local.c:encrypt_to_wan","message":"split_l2_enter","data":{"plain_len":1507,"mode":1,"frag_meta":35,"mtu":1500,"n":321792}}
{"sessionId":"0173da","runId":"post-fix","timestamp":1783913483435,"hypothesisId":"L2","location":"dataplane_local.c:encrypt_to_wan","message":"split_l2_ok","data":{"frag0_wire":1500,"frag1_wire":91,"n":321792}}
{"sessionId":"0173da","runId":"post-fix","timestamp":1783913483436,"hypothesisId":"L2","location":"dataplane_local.c:encrypt_to_wan","message":"split_l2_enter","data":{"plain_len":1514,"mode":1,"frag_meta":35,"mtu":1500,"n":322048}}
{"sessionId":"0173da","runId":"post-fix","timestamp":1783913483436,"hypothesisId":"L2","location":"dataplane_local.c:encrypt_to_wan","message":"split_l2_ok","data":{"frag0_wire":1500,"frag1_wire":98,"n":322048}}
{"sessionId":"0173da","runId":"post-fix","timestamp":1783913483437,"hypothesisId":"L2","location":"dataplane_local.c:encrypt_to_wan","message":"split_l2_enter","data":{"plain_len":1514,"mode":1,"frag_meta":35,"mtu":1500,"n":322304}}
{"sessionId":"0173da","runId":"post-fix","timestamp":1783913483437,"hypothesisId":"L2","location":"dataplane_local.c:encrypt_to_wan","message":"split_l2_ok","data":{"frag0_wire":1500,"frag1_wire":98,"n":322304}}
{"sessionId":"0173da","runId":"post-fix","timestamp":1783913483437,"hypothesisId":"L2","location":"dataplane_wan.c:decrypt_wan","message":"l2_full_decrypt_ok","data":{"wire_len":108,"plain_len":78,"n":79872}}
{"sessionId":"0173da","runId":"post-fix","timestamp":1783913483437,"hypothesisId":"L2","location":"dataplane_wan.c:dataplane_process_wan","message":"wan_l2_forward_ok","data":{"wire_in":108,"plain_len":78,"n":79872}}
{"sessionId":"0173da","runId":"post-fix","timestamp":1783913483438,"hypothesisId":"L2","location":"dataplane_local.c:encrypt_to_wan","message":"split_l2_enter","data":{"plain_len":1514,"mode":1,"frag_meta":35,"mtu":1500,"n":322560}}
{"sessionId":"0173da","runId":"post-fix","timestamp":1783913483438,"hypothesisId":"L2","location":"dataplane_local.c:encrypt_to_wan","message":"split_l2_ok","data":{"frag0_wire":1500,"frag1_wire":98,"n":322560}}
{"sessionId":"0173da","runId":"post-fix","timestamp":1783913483439,"hypothesisId":"L2","location":"dataplane_local.c:encrypt_to_wan","message":"split_l2_enter","data":{"plain_len":1514,"mode":1,"frag_meta":35,"mtu":1500,"n":322816}}
