{"sessionId":"0173da","runId":"post-fix","timestamp":1783913471733,"hypothesisId":"L2","location":"dataplane_wan.c:decrypt_wan","message":"l2_full_decrypt_ok","data":{"wire_len":104,"plain_len":74,"n":0}}
{"sessionId":"0173da","runId":"post-fix","timestamp":1783913471733,"hypothesisId":"L2","location":"dataplane_wan.c:dataplane_process_wan","message":"wan_l2_forward_ok","data":{"wire_in":104,"plain_len":74,"n":0}}
{"sessionId":"0173da","runId":"post-fix","timestamp":1783913471734,"hypothesisId":"L2","location":"dataplane_local.c:encrypt_to_wan","message":"encrypt_l2_full_ok","data":{"plain_len":74,"wire_len":104,"mode":1,"n":0}}
{"sessionId":"0173da","runId":"post-fix","timestamp":1783913471735,"hypothesisId":"L2","location":"dataplane_wan.c:decrypt_wan","message":"l2_full_decrypt_ok","data":{"wire_len":96,"plain_len":66,"n":1}}
{"sessionId":"0173da","runId":"post-fix","timestamp":1783913471735,"hypothesisId":"L2","location":"dataplane_wan.c:dataplane_process_wan","message":"wan_l2_forward_ok","data":{"wire_in":96,"plain_len":66,"n":1}}
{"sessionId":"0173da","runId":"post-fix","timestamp":1783913471735,"hypothesisId":"L2","location":"dataplane_wan.c:decrypt_wan","message":"l2_full_decrypt_ok","data":{"wire_len":133,"plain_len":103,"n":2}}
{"sessionId":"0173da","runId":"post-fix","timestamp":1783913471735,"hypothesisId":"L2","location":"dataplane_wan.c:dataplane_process_wan","message":"wan_l2_forward_ok","data":{"wire_in":133,"plain_len":103,"n":2}}
{"sessionId":"0173da","runId":"post-fix","timestamp":1783913471735,"hypothesisId":"L2","location":"dataplane_local.c:encrypt_to_wan","message":"encrypt_l2_full_ok","data":{"plain_len":66,"wire_len":96,"mode":1,"n":1}}
{"sessionId":"0173da","runId":"post-fix","timestamp":1783913471735,"hypothesisId":"L2","location":"dataplane_local.c:encrypt_to_wan","message":"encrypt_l2_full_ok","data":{"plain_len":67,"wire_len":97,"mode":1,"n":2}}
{"sessionId":"0173da","runId":"post-fix","timestamp":1783913471735,"hypothesisId":"L2","location":"dataplane_wan.c:decrypt_wan","message":"l2_full_decrypt_ok","data":{"wire_len":96,"plain_len":66,"n":3}}
{"sessionId":"0173da","runId":"post-fix","timestamp":1783913471735,"hypothesisId":"L2","location":"dataplane_wan.c:dataplane_process_wan","message":"wan_l2_forward_ok","data":{"wire_in":96,"plain_len":66,"n":3}}
{"sessionId":"0173da","runId":"post-fix","timestamp":1783913471736,"hypothesisId":"L2","location":"dataplane_wan.c:decrypt_wan","message":"l2_full_decrypt_ok","data":{"wire_len":100,"plain_len":70,"n":4}}
{"sessionId":"0173da","runId":"post-fix","timestamp":1783913471736,"hypothesisId":"L2","location":"dataplane_wan.c:dataplane_process_wan","message":"wan_l2_forward_ok","data":{"wire_in":100,"plain_len":70,"n":4}}
{"sessionId":"0173da","runId":"post-fix","timestamp":1783913471776,"hypothesisId":"L2","location":"dataplane_local.c:encrypt_to_wan","message":"encrypt_l2_full_ok","data":{"plain_len":66,"wire_len":96,"mode":1,"n":3}}
{"sessionId":"0173da","runId":"post-fix","timestamp":1783913471777,"hypothesisId":"L2","location":"dataplane_wan.c:decrypt_wan","message":"l2_full_decrypt_ok","data":{"wire_len":201,"plain_len":171,"n":5}}
{"sessionId":"0173da","runId":"post-fix","timestamp":1783913471777,"hypothesisId":"L2","location":"dataplane_wan.c:dataplane_process_wan","message":"wan_l2_forward_ok","data":{"wire_in":201,"plain_len":171,"n":5}}
{"sessionId":"0173da","runId":"post-fix","timestamp":1783913471777,"hypothesisId":"L2","location":"dataplane_local.c:encrypt_to_wan","message":"encrypt_l2_full_ok","data":{"plain_len":66,"wire_len":96,"mode":1,"n":4}}
{"sessionId":"0173da","runId":"post-fix","timestamp":1783913471777,"hypothesisId":"L2","location":"dataplane_local.c:encrypt_to_wan","message":"encrypt_l2_full_ok","data":{"plain_len":67,"wire_len":97,"mode":1,"n":5}}
{"sessionId":"0173da","runId":"post-fix","timestamp":1783913471778,"hypothesisId":"L2","location":"dataplane_wan.c:decrypt_wan","message":"l2_full_decrypt_ok","data":{"wire_len":104,"plain_len":74,"n":6}}
{"sessionId":"0173da","runId":"post-fix","timestamp":1783913471778,"hypothesisId":"L2","location":"dataplane_wan.c:dataplane_process_wan","message":"wan_l2_forward_ok","data":{"wire_in":104,"plain_len":74,"n":6}}
{"sessionId":"0173da","runId":"post-fix","timestamp":1783913471779,"hypothesisId":"L2","location":"dataplane_local.c:encrypt_to_wan","message":"encrypt_l2_full_ok","data":{"plain_len":74,"wire_len":104,"mode":1,"n":6}}
{"sessionId":"0173da","runId":"post-fix","timestamp":1783913471780,"hypothesisId":"L2","location":"dataplane_wan.c:decrypt_wan","message":"l2_full_decrypt_ok","data":{"wire_len":96,"plain_len":66,"n":7}}
{"sessionId":"0173da","runId":"post-fix","timestamp":1783913471780,"hypothesisId":"L2","location":"dataplane_wan.c:dataplane_process_wan","message":"wan_l2_forward_ok","data":{"wire_in":96,"plain_len":66,"n":7}}
{"sessionId":"0173da","runId":"post-fix","timestamp":1783913471780,"hypothesisId":"L2","location":"dataplane_wan.c:decrypt_wan","message":"l2_full_decrypt_ok","data":{"wire_len":133,"plain_len":103,"n":8}}
{"sessionId":"0173da","runId":"post-fix","timestamp":1783913471780,"hypothesisId":"L2","location":"dataplane_wan.c:dataplane_process_wan","message":"wan_l2_forward_ok","data":{"wire_in":133,"plain_len":103,"n":8}}
{"sessionId":"0173da","runId":"post-fix","timestamp":1783913471780,"hypothesisId":"L2","location":"dataplane_local.c:encrypt_to_wan","message":"encrypt_l2_full_ok","data":{"plain_len":66,"wire_len":96,"mode":1,"n":7}}
{"sessionId":"0173da","runId":"post-fix","timestamp":1783913471781,"hypothesisId":"L2","location":"dataplane_wan.c:decrypt_wan","message":"l2_full_decrypt_ok","data":{"wire_len":104,"plain_len":74,"n":9}}
{"sessionId":"0173da","runId":"post-fix","timestamp":1783913471782,"hypothesisId":"L2","location":"dataplane_wan.c:dataplane_process_wan","message":"wan_l2_forward_ok","data":{"wire_in":104,"plain_len":74,"n":9}}
{"sessionId":"0173da","runId":"post-fix","timestamp":1783913471782,"hypothesisId":"L2","location":"dataplane_local.c:encrypt_to_wan","message":"encrypt_l2_full_ok","data":{"plain_len":74,"wire_len":104,"mode":1,"n":8}}
{"sessionId":"0173da","runId":"post-fix","timestamp":1783913471782,"hypothesisId":"L2","location":"dataplane_wan.c:decrypt_wan","message":"l2_full_decrypt_ok","data":{"wire_len":96,"plain_len":66,"n":10}}
{"sessionId":"0173da","runId":"post-fix","timestamp":1783913471782,"hypothesisId":"L2","location":"dataplane_wan.c:dataplane_process_wan","message":"wan_l2_forward_ok","data":{"wire_in":96,"plain_len":66,"n":10}}
{"sessionId":"0173da","runId":"post-fix","timestamp":1783913471782,"hypothesisId":"L2","location":"dataplane_wan.c:decrypt_wan","message":"l2_full_decrypt_ok","data":{"wire_len":133,"plain_len":103,"n":11}}
{"sessionId":"0173da","runId":"post-fix","timestamp":1783913471782,"hypothesisId":"L2","location":"dataplane_wan.c:dataplane_process_wan","message":"wan_l2_forward_ok","data":{"wire_in":133,"plain_len":103,"n":11}}
{"sessionId":"0173da","runId":"post-fix","timestamp":1783913471782,"hypothesisId":"L2","location":"dataplane_local.c:encrypt_to_wan","message":"encrypt_l2_full_ok","data":{"plain_len":66,"wire_len":96,"mode":1,"n":9}}
{"sessionId":"0173da","runId":"post-fix","timestamp":1783913471784,"hypothesisId":"L2","location":"dataplane_wan.c:decrypt_wan","message":"l2_full_decrypt_ok","data":{"wire_len":104,"plain_len":74,"n":12}}
{"sessionId":"0173da","runId":"post-fix","timestamp":1783913471784,"hypothesisId":"L2","location":"dataplane_wan.c:dataplane_process_wan","message":"wan_l2_forward_ok","data":{"wire_in":104,"plain_len":74,"n":12}}
{"sessionId":"0173da","runId":"post-fix","timestamp":1783913471785,"hypothesisId":"L2","location":"dataplane_local.c:encrypt_to_wan","message":"encrypt_l2_full_ok","data":{"plain_len":74,"wire_len":104,"mode":1,"n":10}}
{"sessionId":"0173da","runId":"post-fix","timestamp":1783913471785,"hypothesisId":"L2","location":"dataplane_wan.c:decrypt_wan","message":"l2_full_decrypt_ok","data":{"wire_len":96,"plain_len":66,"n":13}}
{"sessionId":"0173da","runId":"post-fix","timestamp":1783913471785,"hypothesisId":"L2","location":"dataplane_wan.c:dataplane_process_wan","message":"wan_l2_forward_ok","data":{"wire_in":96,"plain_len":66,"n":13}}
{"sessionId":"0173da","runId":"post-fix","timestamp":1783913471785,"hypothesisId":"L2","location":"dataplane_wan.c:decrypt_wan","message":"l2_full_decrypt_ok","data":{"wire_len":133,"plain_len":103,"n":14}}
{"sessionId":"0173da","runId":"post-fix","timestamp":1783913471785,"hypothesisId":"L2","location":"dataplane_wan.c:dataplane_process_wan","message":"wan_l2_forward_ok","data":{"wire_in":133,"plain_len":103,"n":14}}
{"sessionId":"0173da","runId":"post-fix","timestamp":1783913471785,"hypothesisId":"L2","location":"dataplane_local.c:encrypt_to_wan","message":"encrypt_l2_full_ok","data":{"plain_len":66,"wire_len":96,"mode":1,"n":11}}
{"sessionId":"0173da","runId":"post-fix","timestamp":1783913471787,"hypothesisId":"L2","location":"dataplane_wan.c:decrypt_wan","message":"l2_full_decrypt_ok","data":{"wire_len":104,"plain_len":74,"n":15}}
{"sessionId":"0173da","runId":"post-fix","timestamp":1783913471787,"hypothesisId":"L2","location":"dataplane_wan.c:dataplane_process_wan","message":"wan_l2_forward_ok","data":{"wire_in":104,"plain_len":74,"n":15}}
{"sessionId":"0173da","runId":"post-fix","timestamp":1783913471788,"hypothesisId":"L2","location":"dataplane_local.c:encrypt_to_wan","message":"encrypt_l2_full_ok","data":{"plain_len":74,"wire_len":104,"mode":1,"n":12}}
{"sessionId":"0173da","runId":"post-fix","timestamp":1783913471788,"hypothesisId":"L2","location":"dataplane_wan.c:decrypt_wan","message":"l2_full_decrypt_ok","data":{"wire_len":96,"plain_len":66,"n":16}}
{"sessionId":"0173da","runId":"post-fix","timestamp":1783913471788,"hypothesisId":"L2","location":"dataplane_wan.c:dataplane_process_wan","message":"wan_l2_forward_ok","data":{"wire_in":96,"plain_len":66,"n":16}}
{"sessionId":"0173da","runId":"post-fix","timestamp":1783913471788,"hypothesisId":"L2","location":"dataplane_wan.c:decrypt_wan","message":"l2_full_decrypt_ok","data":{"wire_len":133,"plain_len":103,"n":17}}
{"sessionId":"0173da","runId":"post-fix","timestamp":1783913471788,"hypothesisId":"L2","location":"dataplane_wan.c:dataplane_process_wan","message":"wan_l2_forward_ok","data":{"wire_in":133,"plain_len":103,"n":17}}
{"sessionId":"0173da","runId":"post-fix","timestamp":1783913471788,"hypothesisId":"L2","location":"dataplane_local.c:encrypt_to_wan","message":"encrypt_l2_full_ok","data":{"plain_len":66,"wire_len":96,"mode":1,"n":13}}
{"sessionId":"0173da","runId":"post-fix","timestamp":1783913471791,"hypothesisId":"L2","location":"dataplane_wan.c:decrypt_wan","message":"l2_full_decrypt_ok","data":{"wire_len":104,"plain_len":74,"n":18}}
{"sessionId":"0173da","runId":"post-fix","timestamp":1783913471791,"hypothesisId":"L2","location":"dataplane_wan.c:dataplane_process_wan","message":"wan_l2_forward_ok","data":{"wire_in":104,"plain_len":74,"n":18}}
{"sessionId":"0173da","runId":"post-fix","timestamp":1783913471791,"hypothesisId":"L2","location":"dataplane_local.c:encrypt_to_wan","message":"encrypt_l2_full_ok","data":{"plain_len":74,"wire_len":104,"mode":1,"n":14}}
{"sessionId":"0173da","runId":"post-fix","timestamp":1783913471792,"hypothesisId":"L2","location":"dataplane_wan.c:decrypt_wan","message":"l2_full_decrypt_ok","data":{"wire_len":96,"plain_len":66,"n":19}}
{"sessionId":"0173da","runId":"post-fix","timestamp":1783913471792,"hypothesisId":"L2","location":"dataplane_wan.c:dataplane_process_wan","message":"wan_l2_forward_ok","data":{"wire_in":96,"plain_len":66,"n":19}}
{"sessionId":"0173da","runId":"post-fix","timestamp":1783913471792,"hypothesisId":"L2","location":"dataplane_wan.c:decrypt_wan","message":"l2_full_decrypt_ok","data":{"wire_len":133,"plain_len":103,"n":20}}
{"sessionId":"0173da","runId":"post-fix","timestamp":1783913471792,"hypothesisId":"L2","location":"dataplane_wan.c:dataplane_process_wan","message":"wan_l2_forward_ok","data":{"wire_in":133,"plain_len":103,"n":20}}
{"sessionId":"0173da","runId":"post-fix","timestamp":1783913471792,"hypothesisId":"L2","location":"dataplane_local.c:encrypt_to_wan","message":"encrypt_l2_full_ok","data":{"plain_len":66,"wire_len":96,"mode":1,"n":15}}
{"sessionId":"0173da","runId":"post-fix","timestamp":1783913471795,"hypothesisId":"L2","location":"dataplane_wan.c:decrypt_wan","message":"l2_full_decrypt_ok","data":{"wire_len":104,"plain_len":74,"n":21}}
{"sessionId":"0173da","runId":"post-fix","timestamp":1783913471795,"hypothesisId":"L2","location":"dataplane_wan.c:dataplane_process_wan","message":"wan_l2_forward_ok","data":{"wire_in":104,"plain_len":74,"n":21}}
{"sessionId":"0173da","runId":"post-fix","timestamp":1783913471795,"hypothesisId":"L2","location":"dataplane_local.c:encrypt_to_wan","message":"encrypt_l2_full_ok","data":{"plain_len":74,"wire_len":104,"mode":1,"n":16}}
{"sessionId":"0173da","runId":"post-fix","timestamp":1783913471796,"hypothesisId":"L2","location":"dataplane_wan.c:decrypt_wan","message":"l2_full_decrypt_ok","data":{"wire_len":96,"plain_len":66,"n":22}}
{"sessionId":"0173da","runId":"post-fix","timestamp":1783913471796,"hypothesisId":"L2","location":"dataplane_wan.c:dataplane_process_wan","message":"wan_l2_forward_ok","data":{"wire_in":96,"plain_len":66,"n":22}}
{"sessionId":"0173da","runId":"post-fix","timestamp":1783913471796,"hypothesisId":"L2","location":"dataplane_wan.c:decrypt_wan","message":"l2_full_decrypt_ok","data":{"wire_len":133,"plain_len":103,"n":23}}
{"sessionId":"0173da","runId":"post-fix","timestamp":1783913471796,"hypothesisId":"L2","location":"dataplane_wan.c:dataplane_process_wan","message":"wan_l2_forward_ok","data":{"wire_in":133,"plain_len":103,"n":23}}
{"sessionId":"0173da","runId":"post-fix","timestamp":1783913471796,"hypothesisId":"L2","location":"dataplane_local.c:encrypt_to_wan","message":"encrypt_l2_full_ok","data":{"plain_len":66,"wire_len":96,"mode":1,"n":17}}
{"sessionId":"0173da","runId":"post-fix","timestamp":1783913471799,"hypothesisId":"L2","location":"dataplane_wan.c:decrypt_wan","message":"l2_full_decrypt_ok","data":{"wire_len":104,"plain_len":74,"n":24}}
{"sessionId":"0173da","runId":"post-fix","timestamp":1783913471799,"hypothesisId":"L2","location":"dataplane_wan.c:dataplane_process_wan","message":"wan_l2_forward_ok","data":{"wire_in":104,"plain_len":74,"n":24}}
{"sessionId":"0173da","runId":"post-fix","timestamp":1783913471799,"hypothesisId":"L2","location":"dataplane_local.c:encrypt_to_wan","message":"encrypt_l2_full_ok","data":{"plain_len":74,"wire_len":104,"mode":1,"n":18}}
{"sessionId":"0173da","runId":"post-fix","timestamp":1783913471799,"hypothesisId":"L2","location":"dataplane_wan.c:decrypt_wan","message":"l2_full_decrypt_ok","data":{"wire_len":96,"plain_len":66,"n":25}}
{"sessionId":"0173da","runId":"post-fix","timestamp":1783913471799,"hypothesisId":"L2","location":"dataplane_wan.c:dataplane_process_wan","message":"wan_l2_forward_ok","data":{"wire_in":96,"plain_len":66,"n":25}}
{"sessionId":"0173da","runId":"post-fix","timestamp":1783913471799,"hypothesisId":"L2","location":"dataplane_wan.c:decrypt_wan","message":"l2_full_decrypt_ok","data":{"wire_len":133,"plain_len":103,"n":26}}
{"sessionId":"0173da","runId":"post-fix","timestamp":1783913471799,"hypothesisId":"L2","location":"dataplane_wan.c:dataplane_process_wan","message":"wan_l2_forward_ok","data":{"wire_in":133,"plain_len":103,"n":26}}
{"sessionId":"0173da","runId":"post-fix","timestamp":1783913471800,"hypothesisId":"L2","location":"dataplane_local.c:encrypt_to_wan","message":"encrypt_l2_full_ok","data":{"plain_len":66,"wire_len":96,"mode":1,"n":19}}
{"sessionId":"0173da","runId":"post-fix","timestamp":1783913471803,"hypothesisId":"L2","location":"dataplane_wan.c:decrypt_wan","message":"l2_full_decrypt_ok","data":{"wire_len":104,"plain_len":74,"n":27}}
{"sessionId":"0173da","runId":"post-fix","timestamp":1783913471803,"hypothesisId":"L2","location":"dataplane_wan.c:dataplane_process_wan","message":"wan_l2_forward_ok","data":{"wire_in":104,"plain_len":74,"n":27}}
{"sessionId":"0173da","runId":"post-fix","timestamp":1783913471804,"hypothesisId":"L2","location":"dataplane_wan.c:decrypt_wan","message":"l2_full_decrypt_ok","data":{"wire_len":96,"plain_len":66,"n":28}}
{"sessionId":"0173da","runId":"post-fix","timestamp":1783913471804,"hypothesisId":"L2","location":"dataplane_wan.c:dataplane_process_wan","message":"wan_l2_forward_ok","data":{"wire_in":96,"plain_len":66,"n":28}}
{"sessionId":"0173da","runId":"post-fix","timestamp":1783913471804,"hypothesisId":"L2","location":"dataplane_wan.c:decrypt_wan","message":"l2_full_decrypt_ok","data":{"wire_len":133,"plain_len":103,"n":29}}
{"sessionId":"0173da","runId":"post-fix","timestamp":1783913471804,"hypothesisId":"L2","location":"dataplane_wan.c:dataplane_process_wan","message":"wan_l2_forward_ok","data":{"wire_in":133,"plain_len":103,"n":29}}
{"sessionId":"0173da","runId":"post-fix","timestamp":1783913471807,"hypothesisId":"L2","location":"dataplane_wan.c:dataplane_process_wan","message":"wan_l2_forward_ok","data":{"wire_in":104,"plain_len":74,"n":30}}
{"sessionId":"0173da","runId":"post-fix","timestamp":1783913471807,"hypothesisId":"L2","location":"dataplane_wan.c:dataplane_process_wan","message":"wan_l2_forward_ok","data":{"wire_in":96,"plain_len":66,"n":31}}
{"sessionId":"0173da","runId":"post-fix","timestamp":1783913471807,"hypothesisId":"L2","location":"dataplane_wan.c:dataplane_process_wan","message":"wan_l2_forward_ok","data":{"wire_in":133,"plain_len":103,"n":32}}
{"sessionId":"0173da","runId":"post-fix","timestamp":1783913471811,"hypothesisId":"L2","location":"dataplane_wan.c:dataplane_process_wan","message":"wan_l2_forward_ok","data":{"wire_in":104,"plain_len":74,"n":33}}
{"sessionId":"0173da","runId":"post-fix","timestamp":1783913471811,"hypothesisId":"L2","location":"dataplane_wan.c:dataplane_process_wan","message":"wan_l2_forward_ok","data":{"wire_in":96,"plain_len":66,"n":34}}
{"sessionId":"0173da","runId":"post-fix","timestamp":1783913471811,"hypothesisId":"L2","location":"dataplane_wan.c:dataplane_process_wan","message":"wan_l2_forward_ok","data":{"wire_in":133,"plain_len":103,"n":35}}
{"sessionId":"0173da","runId":"post-fix","timestamp":1783913471814,"hypothesisId":"L2","location":"dataplane_wan.c:dataplane_process_wan","message":"wan_l2_forward_ok","data":{"wire_in":104,"plain_len":74,"n":36}}
{"sessionId":"0173da","runId":"post-fix","timestamp":1783913471815,"hypothesisId":"L2","location":"dataplane_wan.c:dataplane_process_wan","message":"wan_l2_forward_ok","data":{"wire_in":96,"plain_len":66,"n":37}}
{"sessionId":"0173da","runId":"post-fix","timestamp":1783913471815,"hypothesisId":"L2","location":"dataplane_wan.c:dataplane_process_wan","message":"wan_l2_forward_ok","data":{"wire_in":133,"plain_len":103,"n":38}}
{"sessionId":"0173da","runId":"post-fix","timestamp":1783913471818,"hypothesisId":"L2","location":"dataplane_wan.c:dataplane_process_wan","message":"wan_l2_forward_ok","data":{"wire_in":96,"plain_len":66,"n":39}}
{"sessionId":"0173da","runId":"post-fix","timestamp":1783913472044,"hypothesisId":"L2","location":"dataplane_wan.c:reassemble_l2","message":"l2_reassemble_pending","data":{"pkt_id":0,"frag_idx":0,"nd":1465}}
{"sessionId":"0173da","runId":"post-fix","timestamp":1783913472044,"hypothesisId":"L2","location":"dataplane_wan.c:dataplane_process_wan","message":"l2_frag_pending_hold","data":{"wire_len":1500,"n":0}}
{"sessionId":"0173da","runId":"post-fix","timestamp":1783913472044,"hypothesisId":"L2","location":"dataplane_wan.c:reassemble_l2","message":"l2_reassemble_join_ok","data":{"pkt_id":0,"frag_idx":1,"out_len":1514,"n":0}}
{"sessionId":"0173da","runId":"post-fix","timestamp":1783913472044,"hypothesisId":"L2","location":"dataplane_wan.c:decrypt_wan","message":"l2_frag_reassemble_ok","data":{"wire_in":98,"plain_len":1514,"pkt_id":0,"n":0}}
{"sessionId":"0173da","runId":"post-fix","timestamp":1783913472044,"hypothesisId":"L2","location":"dataplane_wan.c:reassemble_l2","message":"l2_reassemble_pending","data":{"pkt_id":1,"frag_idx":0,"nd":1465}}
{"sessionId":"0173da","runId":"post-fix","timestamp":1783913472044,"hypothesisId":"L2","location":"dataplane_wan.c:dataplane_process_wan","message":"l2_frag_pending_hold","data":{"wire_len":1500,"n":1}}
{"sessionId":"0173da","runId":"post-fix","timestamp":1783913472044,"hypothesisId":"L2","location":"dataplane_wan.c:reassemble_l2","message":"l2_reassemble_pending","data":{"pkt_id":3,"frag_idx":0,"nd":1465}}
{"sessionId":"0173da","runId":"post-fix","timestamp":1783913472044,"hypothesisId":"L2","location":"dataplane_wan.c:reassemble_l2","message":"l2_reassemble_join_ok","data":{"pkt_id":1,"frag_idx":1,"out_len":1514,"n":1}}
{"sessionId":"0173da","runId":"post-fix","timestamp":1783913472044,"hypothesisId":"L2","location":"dataplane_wan.c:dataplane_process_wan","message":"l2_frag_pending_hold","data":{"wire_len":1500,"n":2}}
{"sessionId":"0173da","runId":"post-fix","timestamp":1783913472044,"hypothesisId":"L2","location":"dataplane_wan.c:decrypt_wan","message":"l2_frag_reassemble_ok","data":{"wire_in":98,"plain_len":1514,"pkt_id":1,"n":1}}
{"sessionId":"0173da","runId":"post-fix","timestamp":1783913472044,"hypothesisId":"L2","location":"dataplane_wan.c:reassemble_l2","message":"l2_reassemble_join_ok","data":{"pkt_id":3,"frag_idx":1,"out_len":1514,"n":2}}
{"sessionId":"0173da","runId":"post-fix","timestamp":1783913472044,"hypothesisId":"L2","location":"dataplane_wan.c:decrypt_wan","message":"l2_frag_reassemble_ok","data":{"wire_in":98,"plain_len":1514,"pkt_id":3,"n":2}}
{"sessionId":"0173da","runId":"post-fix","timestamp":1783913472044,"hypothesisId":"L2","location":"dataplane_wan.c:reassemble_l2","message":"l2_reassemble_pending","data":{"pkt_id":2,"frag_idx":0,"nd":1465}}
{"sessionId":"0173da","runId":"post-fix","timestamp":1783913472044,"hypothesisId":"L2","location":"dataplane_wan.c:reassemble_l2","message":"l2_reassemble_pending","data":{"pkt_id":5,"frag_idx":0,"nd":1465}}
{"sessionId":"0173da","runId":"post-fix","timestamp":1783913472044,"hypothesisId":"L2","location":"dataplane_wan.c:dataplane_process_wan","message":"l2_frag_pending_hold","data":{"wire_len":1500,"n":3}}
{"sessionId":"0173da","runId":"post-fix","timestamp":1783913472044,"hypothesisId":"L2","location":"dataplane_wan.c:dataplane_process_wan","message":"l2_frag_pending_hold","data":{"wire_len":1500,"n":4}}
{"sessionId":"0173da","runId":"post-fix","timestamp":1783913472044,"hypothesisId":"L2","location":"dataplane_wan.c:reassemble_l2","message":"l2_reassemble_join_ok","data":{"pkt_id":2,"frag_idx":1,"out_len":1514,"n":3}}
{"sessionId":"0173da","runId":"post-fix","timestamp":1783913472044,"hypothesisId":"L2","location":"dataplane_wan.c:reassemble_l2","message":"l2_reassemble_join_ok","data":{"pkt_id":5,"frag_idx":1,"out_len":1514,"n":4}}
{"sessionId":"0173da","runId":"post-fix","timestamp":1783913472044,"hypothesisId":"L2","location":"dataplane_wan.c:decrypt_wan","message":"l2_frag_reassemble_ok","data":{"wire_in":98,"plain_len":1514,"pkt_id":2,"n":3}}
{"sessionId":"0173da","runId":"post-fix","timestamp":1783913472044,"hypothesisId":"L2","location":"dataplane_wan.c:decrypt_wan","message":"l2_frag_reassemble_ok","data":{"wire_in":98,"plain_len":1514,"pkt_id":5,"n":4}}
{"sessionId":"0173da","runId":"post-fix","timestamp":1783913472044,"hypothesisId":"L2","location":"dataplane_wan.c:reassemble_l2","message":"l2_reassemble_pending","data":{"pkt_id":4,"frag_idx":0,"nd":1465}}
{"sessionId":"0173da","runId":"post-fix","timestamp":1783913472044,"hypothesisId":"L2","location":"dataplane_wan.c:reassemble_l2","message":"l2_reassemble_pending","data":{"pkt_id":6,"frag_idx":0,"nd":1465}}
{"sessionId":"0173da","runId":"post-fix","timestamp":1783913472044,"hypothesisId":"L2","location":"dataplane_wan.c:dataplane_process_wan","message":"l2_frag_pending_hold","data":{"wire_len":1500,"n":5}}
{"sessionId":"0173da","runId":"post-fix","timestamp":1783913472044,"hypothesisId":"L2","location":"dataplane_wan.c:dataplane_process_wan","message":"l2_frag_pending_hold","data":{"wire_len":1500,"n":6}}
{"sessionId":"0173da","runId":"post-fix","timestamp":1783913472044,"hypothesisId":"L2","location":"dataplane_wan.c:reassemble_l2","message":"l2_reassemble_join_ok","data":{"pkt_id":4,"frag_idx":1,"out_len":1514,"n":5}}
{"sessionId":"0173da","runId":"post-fix","timestamp":1783913472044,"hypothesisId":"L2","location":"dataplane_wan.c:reassemble_l2","message":"l2_reassemble_join_ok","data":{"pkt_id":6,"frag_idx":1,"out_len":1514,"n":6}}
{"sessionId":"0173da","runId":"post-fix","timestamp":1783913472044,"hypothesisId":"L2","location":"dataplane_wan.c:decrypt_wan","message":"l2_frag_reassemble_ok","data":{"wire_in":98,"plain_len":1514,"pkt_id":4,"n":5}}
{"sessionId":"0173da","runId":"post-fix","timestamp":1783913472044,"hypothesisId":"L2","location":"dataplane_wan.c:decrypt_wan","message":"l2_frag_reassemble_ok","data":{"wire_in":98,"plain_len":1514,"pkt_id":6,"n":6}}
{"sessionId":"0173da","runId":"post-fix","timestamp":1783913472044,"hypothesisId":"L2","location":"dataplane_wan.c:reassemble_l2","message":"l2_reassemble_pending","data":{"pkt_id":7,"frag_idx":0,"nd":1465}}
{"sessionId":"0173da","runId":"post-fix","timestamp":1783913472044,"hypothesisId":"L2","location":"dataplane_wan.c:reassemble_l2","message":"l2_reassemble_pending","data":{"pkt_id":8,"frag_idx":0,"nd":1465}}
{"sessionId":"0173da","runId":"post-fix","timestamp":1783913472044,"hypothesisId":"L2","location":"dataplane_wan.c:dataplane_process_wan","message":"l2_frag_pending_hold","data":{"wire_len":1500,"n":7}}
{"sessionId":"0173da","runId":"post-fix","timestamp":1783913472044,"hypothesisId":"L2","location":"dataplane_wan.c:dataplane_process_wan","message":"l2_frag_pending_hold","data":{"wire_len":1500,"n":8}}
{"sessionId":"0173da","runId":"post-fix","timestamp":1783913472044,"hypothesisId":"L2","location":"dataplane_wan.c:reassemble_l2","message":"l2_reassemble_join_ok","data":{"pkt_id":7,"frag_idx":1,"out_len":1514,"n":7}}
{"sessionId":"0173da","runId":"post-fix","timestamp":1783913472044,"hypothesisId":"L2","location":"dataplane_wan.c:reassemble_l2","message":"l2_reassemble_join_ok","data":{"pkt_id":8,"frag_idx":1,"out_len":1514,"n":8}}
{"sessionId":"0173da","runId":"post-fix","timestamp":1783913472044,"hypothesisId":"L2","location":"dataplane_wan.c:reassemble_l2","message":"l2_reassemble_pending","data":{"pkt_id":20,"frag_idx":0,"nd":1465}}
{"sessionId":"0173da","runId":"post-fix","timestamp":1783913472044,"hypothesisId":"L2","location":"dataplane_wan.c:decrypt_wan","message":"l2_frag_reassemble_ok","data":{"wire_in":98,"plain_len":1514,"pkt_id":8,"n":8}}
{"sessionId":"0173da","runId":"post-fix","timestamp":1783913472044,"hypothesisId":"L2","location":"dataplane_wan.c:decrypt_wan","message":"l2_frag_reassemble_ok","data":{"wire_in":98,"plain_len":1514,"pkt_id":7,"n":7}}
{"sessionId":"0173da","runId":"post-fix","timestamp":1783913472044,"hypothesisId":"L2","location":"dataplane_wan.c:dataplane_process_wan","message":"l2_frag_pending_hold","data":{"wire_len":1500,"n":9}}
{"sessionId":"0173da","runId":"post-fix","timestamp":1783913472045,"hypothesisId":"L2","location":"dataplane_wan.c:reassemble_l2","message":"l2_reassemble_pending","data":{"pkt_id":10,"frag_idx":0,"nd":1465}}
{"sessionId":"0173da","runId":"post-fix","timestamp":1783913472045,"hypothesisId":"L2","location":"dataplane_wan.c:reassemble_l2","message":"l2_reassemble_join_ok","data":{"pkt_id":20,"frag_idx":1,"out_len":1514,"n":9}}
{"sessionId":"0173da","runId":"post-fix","timestamp":1783913472045,"hypothesisId":"L2","location":"dataplane_wan.c:reassemble_l2","message":"l2_reassemble_pending","data":{"pkt_id":9,"frag_idx":0,"nd":1465}}
{"sessionId":"0173da","runId":"post-fix","timestamp":1783913472045,"hypothesisId":"L2","location":"dataplane_wan.c:dataplane_process_wan","message":"l2_frag_pending_hold","data":{"wire_len":1500,"n":10}}
{"sessionId":"0173da","runId":"post-fix","timestamp":1783913472045,"hypothesisId":"L2","location":"dataplane_wan.c:decrypt_wan","message":"l2_frag_reassemble_ok","data":{"wire_in":98,"plain_len":1514,"pkt_id":20,"n":9}}
{"sessionId":"0173da","runId":"post-fix","timestamp":1783913472045,"hypothesisId":"L2","location":"dataplane_wan.c:dataplane_process_wan","message":"l2_frag_pending_hold","data":{"wire_len":1500,"n":11}}
{"sessionId":"0173da","runId":"post-fix","timestamp":1783913472045,"hypothesisId":"L2","location":"dataplane_wan.c:reassemble_l2","message":"l2_reassemble_join_ok","data":{"pkt_id":10,"frag_idx":1,"out_len":1514,"n":10}}
{"sessionId":"0173da","runId":"post-fix","timestamp":1783913472045,"hypothesisId":"L2","location":"dataplane_wan.c:reassemble_l2","message":"l2_reassemble_pending","data":{"pkt_id":26,"frag_idx":0,"nd":1465}}
{"sessionId":"0173da","runId":"post-fix","timestamp":1783913472045,"hypothesisId":"L2","location":"dataplane_wan.c:reassemble_l2","message":"l2_reassemble_pending","data":{"pkt_id":22,"frag_idx":0,"nd":1465}}
{"sessionId":"0173da","runId":"post-fix","timestamp":1783913472045,"hypothesisId":"L2","location":"dataplane_wan.c:decrypt_wan","message":"l2_frag_reassemble_ok","data":{"wire_in":98,"plain_len":1514,"pkt_id":10,"n":10}}
{"sessionId":"0173da","runId":"post-fix","timestamp":1783913472045,"hypothesisId":"L2","location":"dataplane_wan.c:reassemble_l2","message":"l2_reassemble_join_ok","data":{"pkt_id":9,"frag_idx":1,"out_len":1514,"n":11}}
{"sessionId":"0173da","runId":"post-fix","timestamp":1783913472045,"hypothesisId":"L2","location":"dataplane_wan.c:dataplane_process_wan","message":"l2_frag_pending_hold","data":{"wire_len":1500,"n":12}}
{"sessionId":"0173da","runId":"post-fix","timestamp":1783913472045,"hypothesisId":"L2","location":"dataplane_wan.c:dataplane_process_wan","message":"l2_frag_pending_hold","data":{"wire_len":1500,"n":13}}
{"sessionId":"0173da","runId":"post-fix","timestamp":1783913472045,"hypothesisId":"L2","location":"dataplane_wan.c:reassemble_l2","message":"l2_reassemble_join_ok","data":{"pkt_id":26,"frag_idx":1,"out_len":1514,"n":12}}
{"sessionId":"0173da","runId":"post-fix","timestamp":1783913472045,"hypothesisId":"L2","location":"dataplane_wan.c:reassemble_l2","message":"l2_reassemble_pending","data":{"pkt_id":12,"frag_idx":0,"nd":1465}}
{"sessionId":"0173da","runId":"post-fix","timestamp":1783913472045,"hypothesisId":"L2","location":"dataplane_wan.c:decrypt_wan","message":"l2_frag_reassemble_ok","data":{"wire_in":98,"plain_len":1514,"pkt_id":9,"n":11}}
{"sessionId":"0173da","runId":"post-fix","timestamp":1783913472045,"hypothesisId":"L2","location":"dataplane_wan.c:decrypt_wan","message":"l2_frag_reassemble_ok","data":{"wire_in":98,"plain_len":1514,"pkt_id":26,"n":12}}
{"sessionId":"0173da","runId":"post-fix","timestamp":1783913472045,"hypothesisId":"L2","location":"dataplane_wan.c:reassemble_l2","message":"l2_reassemble_join_ok","data":{"pkt_id":22,"frag_idx":1,"out_len":1514,"n":13}}
{"sessionId":"0173da","runId":"post-fix","timestamp":1783913472045,"hypothesisId":"L2","location":"dataplane_wan.c:dataplane_process_wan","message":"l2_frag_pending_hold","data":{"wire_len":1500,"n":14}}
{"sessionId":"0173da","runId":"post-fix","timestamp":1783913472045,"hypothesisId":"L2","location":"dataplane_wan.c:reassemble_l2","message":"l2_reassemble_pending","data":{"pkt_id":11,"frag_idx":0,"nd":1465}}
{"sessionId":"0173da","runId":"post-fix","timestamp":1783913472045,"hypothesisId":"L2","location":"dataplane_wan.c:decrypt_wan","message":"l2_frag_reassemble_ok","data":{"wire_in":98,"plain_len":1514,"pkt_id":22,"n":13}}
{"sessionId":"0173da","runId":"post-fix","timestamp":1783913472045,"hypothesisId":"L2","location":"dataplane_wan.c:reassemble_l2","message":"l2_reassemble_pending","data":{"pkt_id":34,"frag_idx":0,"nd":1465}}
{"sessionId":"0173da","runId":"post-fix","timestamp":1783913472045,"hypothesisId":"L2","location":"dataplane_wan.c:reassemble_l2","message":"l2_reassemble_join_ok","data":{"pkt_id":12,"frag_idx":1,"out_len":1514,"n":14}}
{"sessionId":"0173da","runId":"post-fix","timestamp":1783913472045,"hypothesisId":"L2","location":"dataplane_wan.c:dataplane_process_wan","message":"l2_frag_pending_hold","data":{"wire_len":1500,"n":15}}
{"sessionId":"0173da","runId":"post-fix","timestamp":1783913472045,"hypothesisId":"L2","location":"dataplane_wan.c:dataplane_process_wan","message":"l2_frag_pending_hold","data":{"wire_len":1500,"n":16}}
{"sessionId":"0173da","runId":"post-fix","timestamp":1783913472045,"hypothesisId":"L2","location":"dataplane_wan.c:decrypt_wan","message":"l2_frag_reassemble_ok","data":{"wire_in":98,"plain_len":1514,"pkt_id":12,"n":14}}
{"sessionId":"0173da","runId":"post-fix","timestamp":1783913472045,"hypothesisId":"L2","location":"dataplane_wan.c:reassemble_l2","message":"l2_reassemble_pending","data":{"pkt_id":25,"frag_idx":0,"nd":1465}}
{"sessionId":"0173da","runId":"post-fix","timestamp":1783913472045,"hypothesisId":"L2","location":"dataplane_wan.c:reassemble_l2","message":"l2_reassemble_join_ok","data":{"pkt_id":34,"frag_idx":1,"out_len":1514,"n":15}}
{"sessionId":"0173da","runId":"post-fix","timestamp":1783913472045,"hypothesisId":"L2","location":"dataplane_wan.c:reassemble_l2","message":"l2_reassemble_pending","data":{"pkt_id":14,"frag_idx":0,"nd":1465}}
{"sessionId":"0173da","runId":"post-fix","timestamp":1783913472045,"hypothesisId":"L2","location":"dataplane_wan.c:dataplane_process_wan","message":"l2_frag_pending_hold","data":{"wire_len":1500,"n":17}}
{"sessionId":"0173da","runId":"post-fix","timestamp":1783913472045,"hypothesisId":"L2","location":"dataplane_wan.c:decrypt_wan","message":"l2_frag_reassemble_ok","data":{"wire_in":98,"plain_len":1514,"pkt_id":34,"n":15}}
{"sessionId":"0173da","runId":"post-fix","timestamp":1783913472045,"hypothesisId":"L2","location":"dataplane_wan.c:reassemble_l2","message":"l2_reassemble_join_ok","data":{"pkt_id":11,"frag_idx":1,"out_len":1514,"n":16}}
{"sessionId":"0173da","runId":"post-fix","timestamp":1783913472045,"hypothesisId":"L2","location":"dataplane_wan.c:dataplane_process_wan","message":"l2_frag_pending_hold","data":{"wire_len":1500,"n":18}}
{"sessionId":"0173da","runId":"post-fix","timestamp":1783913472045,"hypothesisId":"L2","location":"dataplane_wan.c:reassemble_l2","message":"l2_reassemble_join_ok","data":{"pkt_id":25,"frag_idx":1,"out_len":1514,"n":17}}
{"sessionId":"0173da","runId":"post-fix","timestamp":1783913472045,"hypothesisId":"L2","location":"dataplane_wan.c:reassemble_l2","message":"l2_reassemble_pending","data":{"pkt_id":44,"frag_idx":0,"nd":1465}}
{"sessionId":"0173da","runId":"post-fix","timestamp":1783913472045,"hypothesisId":"L2","location":"dataplane_wan.c:reassemble_l2","message":"l2_reassemble_join_ok","data":{"pkt_id":14,"frag_idx":1,"out_len":1514,"n":18}}
{"sessionId":"0173da","runId":"post-fix","timestamp":1783913472045,"hypothesisId":"L2","location":"dataplane_wan.c:decrypt_wan","message":"l2_frag_reassemble_ok","data":{"wire_in":98,"plain_len":1514,"pkt_id":25,"n":17}}
{"sessionId":"0173da","runId":"post-fix","timestamp":1783913472045,"hypothesisId":"L2","location":"dataplane_wan.c:dataplane_process_wan","message":"l2_frag_pending_hold","data":{"wire_len":1500,"n":19}}
{"sessionId":"0173da","runId":"post-fix","timestamp":1783913472045,"hypothesisId":"L2","location":"dataplane_wan.c:decrypt_wan","message":"l2_frag_reassemble_ok","data":{"wire_in":98,"plain_len":1514,"pkt_id":11,"n":16}}
{"sessionId":"0173da","runId":"post-fix","timestamp":1783913472045,"hypothesisId":"L2","location":"dataplane_wan.c:decrypt_wan","message":"l2_frag_reassemble_ok","data":{"wire_in":98,"plain_len":1514,"pkt_id":14,"n":18}}
{"sessionId":"0173da","runId":"post-fix","timestamp":1783913472045,"hypothesisId":"L2","location":"dataplane_wan.c:reassemble_l2","message":"l2_reassemble_pending","data":{"pkt_id":69,"frag_idx":0,"nd":1465}}
{"sessionId":"0173da","runId":"post-fix","timestamp":1783913472045,"hypothesisId":"L2","location":"dataplane_wan.c:reassemble_l2","message":"l2_reassemble_join_ok","data":{"pkt_id":44,"frag_idx":1,"out_len":1514,"n":19}}
{"sessionId":"0173da","runId":"post-fix","timestamp":1783913472045,"hypothesisId":"L2","location":"dataplane_wan.c:reassemble_l2","message":"l2_reassemble_pending","data":{"pkt_id":28,"frag_idx":0,"nd":1465}}
{"sessionId":"0173da","runId":"post-fix","timestamp":1783913472045,"hypothesisId":"L2","location":"dataplane_wan.c:decrypt_wan","message":"l2_frag_reassemble_ok","data":{"wire_in":98,"plain_len":1514,"pkt_id":44,"n":19}}
{"sessionId":"0173da","runId":"post-fix","timestamp":1783913472045,"hypothesisId":"L2","location":"dataplane_wan.c:reassemble_l2","message":"l2_reassemble_pending","data":{"pkt_id":13,"frag_idx":0,"nd":1465}}
{"sessionId":"0173da","runId":"post-fix","timestamp":1783913472045,"hypothesisId":"L2","location":"dataplane_wan.c:dataplane_process_wan","message":"l2_frag_pending_hold","data":{"wire_len":1500,"n":20}}
{"sessionId":"0173da","runId":"post-fix","timestamp":1783913472045,"hypothesisId":"L2","location":"dataplane_wan.c:reassemble_l2","message":"l2_reassemble_pending","data":{"pkt_id":16,"frag_idx":0,"nd":1465}}
{"sessionId":"0173da","runId":"post-fix","timestamp":1783913472045,"hypothesisId":"L2","location":"dataplane_wan.c:dataplane_process_wan","message":"l2_frag_pending_hold","data":{"wire_len":1500,"n":21}}
{"sessionId":"0173da","runId":"post-fix","timestamp":1783913472045,"hypothesisId":"L2","location":"dataplane_wan.c:reassemble_l2","message":"l2_reassemble_pending","data":{"pkt_id":51,"frag_idx":0,"nd":1465}}
{"sessionId":"0173da","runId":"post-fix","timestamp":1783913472045,"hypothesisId":"L2","location":"dataplane_wan.c:dataplane_process_wan","message":"l2_frag_pending_hold","data":{"wire_len":1500,"n":22}}
{"sessionId":"0173da","runId":"post-fix","timestamp":1783913472045,"hypothesisId":"L2","location":"dataplane_wan.c:dataplane_process_wan","message":"l2_frag_pending_hold","data":{"wire_len":1500,"n":23}}
{"sessionId":"0173da","runId":"post-fix","timestamp":1783913472045,"hypothesisId":"L2","location":"dataplane_wan.c:dataplane_process_wan","message":"l2_frag_pending_hold","data":{"wire_len":1500,"n":24}}
{"sessionId":"0173da","runId":"post-fix","timestamp":1783913472045,"hypothesisId":"L2","location":"dataplane_wan.c:reassemble_l2","message":"l2_reassemble_join_ok","data":{"pkt_id":69,"frag_idx":1,"out_len":1514,"n":20}}
{"sessionId":"0173da","runId":"post-fix","timestamp":1783913472045,"hypothesisId":"L2","location":"dataplane_wan.c:reassemble_l2","message":"l2_reassemble_join_ok","data":{"pkt_id":28,"frag_idx":1,"out_len":1514,"n":21}}
{"sessionId":"0173da","runId":"post-fix","timestamp":1783913472045,"hypothesisId":"L2","location":"dataplane_wan.c:reassemble_l2","message":"l2_reassemble_join_ok","data":{"pkt_id":51,"frag_idx":1,"out_len":1514,"n":24}}
{"sessionId":"0173da","runId":"post-fix","timestamp":1783913472045,"hypothesisId":"L2","location":"dataplane_wan.c:reassemble_l2","message":"l2_reassemble_join_ok","data":{"pkt_id":13,"frag_idx":1,"out_len":1514,"n":22}}
{"sessionId":"0173da","runId":"post-fix","timestamp":1783913472045,"hypothesisId":"L2","location":"dataplane_wan.c:decrypt_wan","message":"l2_frag_reassemble_ok","data":{"wire_in":98,"plain_len":1514,"pkt_id":69,"n":20}}
{"sessionId":"0173da","runId":"post-fix","timestamp":1783913472045,"hypothesisId":"L2","location":"dataplane_wan.c:reassemble_l2","message":"l2_reassemble_join_ok","data":{"pkt_id":16,"frag_idx":1,"out_len":1514,"n":23}}
{"sessionId":"0173da","runId":"post-fix","timestamp":1783913472045,"hypothesisId":"L2","location":"dataplane_wan.c:decrypt_wan","message":"l2_frag_reassemble_ok","data":{"wire_in":98,"plain_len":1514,"pkt_id":28,"n":21}}
{"sessionId":"0173da","runId":"post-fix","timestamp":1783913472045,"hypothesisId":"L2","location":"dataplane_wan.c:decrypt_wan","message":"l2_frag_reassemble_ok","data":{"wire_in":98,"plain_len":1514,"pkt_id":51,"n":22}}
{"sessionId":"0173da","runId":"post-fix","timestamp":1783913472045,"hypothesisId":"L2","location":"dataplane_wan.c:decrypt_wan","message":"l2_frag_reassemble_ok","data":{"wire_in":98,"plain_len":1514,"pkt_id":13,"n":23}}
{"sessionId":"0173da","runId":"post-fix","timestamp":1783913472045,"hypothesisId":"L2","location":"dataplane_wan.c:decrypt_wan","message":"l2_frag_reassemble_ok","data":{"wire_in":98,"plain_len":1514,"pkt_id":16,"n":24}}
{"sessionId":"0173da","runId":"post-fix","timestamp":1783913472045,"hypothesisId":"L2","location":"dataplane_wan.c:reassemble_l2","message":"l2_reassemble_pending","data":{"pkt_id":90,"frag_idx":0,"nd":1465}}
{"sessionId":"0173da","runId":"post-fix","timestamp":1783913472045,"hypothesisId":"L2","location":"dataplane_wan.c:reassemble_l2","message":"l2_reassemble_pending","data":{"pkt_id":29,"frag_idx":0,"nd":1465}}
{"sessionId":"0173da","runId":"post-fix","timestamp":1783913472045,"hypothesisId":"L2","location":"dataplane_wan.c:reassemble_l2","message":"l2_reassemble_pending","data":{"pkt_id":54,"frag_idx":0,"nd":1465}}
{"sessionId":"0173da","runId":"post-fix","timestamp":1783913472045,"hypothesisId":"L2","location":"dataplane_wan.c:reassemble_l2","message":"l2_reassemble_pending","data":{"pkt_id":15,"frag_idx":0,"nd":1465}}
{"sessionId":"0173da","runId":"post-fix","timestamp":1783913472045,"hypothesisId":"L2","location":"dataplane_wan.c:dataplane_process_wan","message":"l2_frag_pending_hold","data":{"wire_len":1500,"n":25}}
{"sessionId":"0173da","runId":"post-fix","timestamp":1783913472045,"hypothesisId":"L2","location":"dataplane_wan.c:dataplane_process_wan","message":"l2_frag_pending_hold","data":{"wire_len":1500,"n":26}}
{"sessionId":"0173da","runId":"post-fix","timestamp":1783913472045,"hypothesisId":"L2","location":"dataplane_wan.c:reassemble_l2","message":"l2_reassemble_pending","data":{"pkt_id":17,"frag_idx":0,"nd":1465}}
{"sessionId":"0173da","runId":"post-fix","timestamp":1783913472045,"hypothesisId":"L2","location":"dataplane_wan.c:dataplane_process_wan","message":"l2_frag_pending_hold","data":{"wire_len":1500,"n":27}}
{"sessionId":"0173da","runId":"post-fix","timestamp":1783913472045,"hypothesisId":"L2","location":"dataplane_wan.c:dataplane_process_wan","message":"l2_frag_pending_hold","data":{"wire_len":1500,"n":28}}
{"sessionId":"0173da","runId":"post-fix","timestamp":1783913472045,"hypothesisId":"L2","location":"dataplane_wan.c:dataplane_process_wan","message":"l2_frag_pending_hold","data":{"wire_len":1500,"n":29}}
{"sessionId":"0173da","runId":"post-fix","timestamp":1783913472045,"hypothesisId":"L2","location":"dataplane_wan.c:reassemble_l2","message":"l2_reassemble_join_ok","data":{"pkt_id":29,"frag_idx":1,"out_len":1514,"n":26}}
{"sessionId":"0173da","runId":"post-fix","timestamp":1783913472045,"hypothesisId":"L2","location":"dataplane_wan.c:reassemble_l2","message":"l2_reassemble_join_ok","data":{"pkt_id":90,"frag_idx":1,"out_len":1514,"n":25}}
{"sessionId":"0173da","runId":"post-fix","timestamp":1783913472045,"hypothesisId":"L2","location":"dataplane_wan.c:reassemble_l2","message":"l2_reassemble_join_ok","data":{"pkt_id":54,"frag_idx":1,"out_len":1514,"n":27}}
{"sessionId":"0173da","runId":"post-fix","timestamp":1783913472045,"hypothesisId":"L2","location":"dataplane_wan.c:reassemble_l2","message":"l2_reassemble_join_ok","data":{"pkt_id":15,"frag_idx":1,"out_len":1514,"n":28}}
{"sessionId":"0173da","runId":"post-fix","timestamp":1783913472045,"hypothesisId":"L2","location":"dataplane_wan.c:decrypt_wan","message":"l2_frag_reassemble_ok","data":{"wire_in":98,"plain_len":1514,"pkt_id":29,"n":25}}
{"sessionId":"0173da","runId":"post-fix","timestamp":1783913472045,"hypothesisId":"L2","location":"dataplane_wan.c:reassemble_l2","message":"l2_reassemble_join_ok","data":{"pkt_id":17,"frag_idx":1,"out_len":1514,"n":29}}
{"sessionId":"0173da","runId":"post-fix","timestamp":1783913472045,"hypothesisId":"L2","location":"dataplane_wan.c:decrypt_wan","message":"l2_frag_reassemble_ok","data":{"wire_in":98,"plain_len":1514,"pkt_id":90,"n":26}}
{"sessionId":"0173da","runId":"post-fix","timestamp":1783913472045,"hypothesisId":"L2","location":"dataplane_wan.c:decrypt_wan","message":"l2_frag_reassemble_ok","data":{"wire_in":98,"plain_len":1514,"pkt_id":54,"n":27}}
{"sessionId":"0173da","runId":"post-fix","timestamp":1783913472045,"hypothesisId":"L2","location":"dataplane_wan.c:decrypt_wan","message":"l2_frag_reassemble_ok","data":{"wire_in":98,"plain_len":1514,"pkt_id":15,"n":28}}
{"sessionId":"0173da","runId":"post-fix","timestamp":1783913472045,"hypothesisId":"L2","location":"dataplane_wan.c:decrypt_wan","message":"l2_frag_reassemble_ok","data":{"wire_in":98,"plain_len":1514,"pkt_id":17,"n":29}}
{"sessionId":"0173da","runId":"post-fix","timestamp":1783913472045,"hypothesisId":"L2","location":"dataplane_wan.c:reassemble_l2","message":"l2_reassemble_pending","data":{"pkt_id":31,"frag_idx":0,"nd":1465}}
{"sessionId":"0173da","runId":"post-fix","timestamp":1783913472045,"hypothesisId":"L2","location":"dataplane_wan.c:reassemble_l2","message":"l2_reassemble_pending","data":{"pkt_id":58,"frag_idx":0,"nd":1465}}
{"sessionId":"0173da","runId":"post-fix","timestamp":1783913472045,"hypothesisId":"L2","location":"dataplane_wan.c:reassemble_l2","message":"l2_reassemble_pending","data":{"pkt_id":94,"frag_idx":0,"nd":1465}}
{"sessionId":"0173da","runId":"post-fix","timestamp":1783913472045,"hypothesisId":"L2","location":"dataplane_wan.c:reassemble_l2","message":"l2_reassemble_pending","data":{"pkt_id":21,"frag_idx":0,"nd":1465}}
{"sessionId":"0173da","runId":"post-fix","timestamp":1783913472045,"hypothesisId":"L2","location":"dataplane_wan.c:dataplane_process_wan","message":"l2_frag_pending_hold","data":{"wire_len":1500,"n":30}}
{"sessionId":"0173da","runId":"post-fix","timestamp":1783913472045,"hypothesisId":"L2","location":"dataplane_wan.c:reassemble_l2","message":"l2_reassemble_pending","data":{"pkt_id":18,"frag_idx":0,"nd":1465}}
{"sessionId":"0173da","runId":"post-fix","timestamp":1783913472045,"hypothesisId":"L2","location":"dataplane_wan.c:dataplane_process_wan","message":"l2_frag_pending_hold","data":{"wire_len":1500,"n":31}}
{"sessionId":"0173da","runId":"post-fix","timestamp":1783913472045,"hypothesisId":"L2","location":"dataplane_wan.c:dataplane_process_wan","message":"l2_frag_pending_hold","data":{"wire_len":1500,"n":32}}
{"sessionId":"0173da","runId":"post-fix","timestamp":1783913472045,"hypothesisId":"L2","location":"dataplane_wan.c:dataplane_process_wan","message":"l2_frag_pending_hold","data":{"wire_len":1500,"n":33}}
{"sessionId":"0173da","runId":"post-fix","timestamp":1783913472045,"hypothesisId":"L2","location":"dataplane_wan.c:reassemble_l2","message":"l2_reassemble_join_ok","data":{"pkt_id":31,"frag_idx":1,"out_len":1514,"n":30}}
{"sessionId":"0173da","runId":"post-fix","timestamp":1783913472045,"hypothesisId":"L2","location":"dataplane_wan.c:dataplane_process_wan","message":"l2_frag_pending_hold","data":{"wire_len":1500,"n":34}}
{"sessionId":"0173da","runId":"post-fix","timestamp":1783913472045,"hypothesisId":"L2","location":"dataplane_wan.c:reassemble_l2","message":"l2_reassemble_join_ok","data":{"pkt_id":58,"frag_idx":1,"out_len":1514,"n":31}}
{"sessionId":"0173da","runId":"post-fix","timestamp":1783913472045,"hypothesisId":"L2","location":"dataplane_wan.c:reassemble_l2","message":"l2_reassemble_join_ok","data":{"pkt_id":21,"frag_idx":1,"out_len":1514,"n":32}}
{"sessionId":"0173da","runId":"post-fix","timestamp":1783913472045,"hypothesisId":"L2","location":"dataplane_wan.c:decrypt_wan","message":"l2_frag_reassemble_ok","data":{"wire_in":98,"plain_len":1514,"pkt_id":31,"n":30}}
{"sessionId":"0173da","runId":"post-fix","timestamp":1783913472045,"hypothesisId":"L2","location":"dataplane_wan.c:reassemble_l2","message":"l2_reassemble_pending","data":{"pkt_id":106,"frag_idx":0,"nd":1465}}
{"sessionId":"0173da","runId":"post-fix","timestamp":1783913472045,"hypothesisId":"L2","location":"dataplane_wan.c:decrypt_wan","message":"l2_frag_reassemble_ok","data":{"wire_in":98,"plain_len":1514,"pkt_id":58,"n":31}}
{"sessionId":"0173da","runId":"post-fix","timestamp":1783913472045,"hypothesisId":"L2","location":"dataplane_wan.c:decrypt_wan","message":"l2_frag_reassemble_ok","data":{"wire_in":98,"plain_len":1514,"pkt_id":21,"n":32}}
{"sessionId":"0173da","runId":"post-fix","timestamp":1783913472045,"hypothesisId":"L2","location":"dataplane_wan.c:reassemble_l2","message":"l2_reassemble_join_ok","data":{"pkt_id":18,"frag_idx":1,"out_len":1514,"n":33}}
{"sessionId":"0173da","runId":"post-fix","timestamp":1783913472045,"hypothesisId":"L2","location":"dataplane_wan.c:dataplane_process_wan","message":"l2_frag_pending_hold","data":{"wire_len":1500,"n":35}}
{"sessionId":"0173da","runId":"post-fix","timestamp":1783913472045,"hypothesisId":"L2","location":"dataplane_wan.c:reassemble_l2","message":"l2_reassemble_pending","data":{"pkt_id":37,"frag_idx":0,"nd":1465}}
{"sessionId":"0173da","runId":"post-fix","timestamp":1783913472045,"hypothesisId":"L2","location":"dataplane_wan.c:decrypt_wan","message":"l2_frag_reassemble_ok","data":{"wire_in":98,"plain_len":1514,"pkt_id":18,"n":33}}
{"sessionId":"0173da","runId":"post-fix","timestamp":1783913472045,"hypothesisId":"L2","location":"dataplane_wan.c:reassemble_l2","message":"l2_reassemble_pending","data":{"pkt_id":61,"frag_idx":0,"nd":1465}}
{"sessionId":"0173da","runId":"post-fix","timestamp":1783913472046,"hypothesisId":"L2","location":"dataplane_wan.c:dataplane_process_wan","message":"l2_frag_pending_hold","data":{"wire_len":1500,"n":36}}
{"sessionId":"0173da","runId":"post-fix","timestamp":1783913472046,"hypothesisId":"L2","location":"dataplane_wan.c:reassemble_l2","message":"l2_reassemble_join_ok","data":{"pkt_id":94,"frag_idx":1,"out_len":1514,"n":34}}
{"sessionId":"0173da","runId":"post-fix","timestamp":1783913472046,"hypothesisId":"L2","location":"dataplane_wan.c:reassemble_l2","message":"l2_reassemble_pending","data":{"pkt_id":24,"frag_idx":0,"nd":1465}}
{"sessionId":"0173da","runId":"post-fix","timestamp":1783913472046,"hypothesisId":"L2","location":"dataplane_wan.c:dataplane_process_wan","message":"l2_frag_pending_hold","data":{"wire_len":1500,"n":37}}
{"sessionId":"0173da","runId":"post-fix","timestamp":1783913472046,"hypothesisId":"L2","location":"dataplane_wan.c:reassemble_l2","message":"l2_reassemble_join_ok","data":{"pkt_id":37,"frag_idx":1,"out_len":1514,"n":35}}
{"sessionId":"0173da","runId":"post-fix","timestamp":1783913472046,"hypothesisId":"L2","location":"dataplane_wan.c:decrypt_wan","message":"l2_frag_reassemble_ok","data":{"wire_in":98,"plain_len":1514,"pkt_id":94,"n":34}}
{"sessionId":"0173da","runId":"post-fix","timestamp":1783913472046,"hypothesisId":"L2","location":"dataplane_wan.c:dataplane_process_wan","message":"l2_frag_pending_hold","data":{"wire_len":1500,"n":38}}
{"sessionId":"0173da","runId":"post-fix","timestamp":1783913472046,"hypothesisId":"L2","location":"dataplane_wan.c:reassemble_l2","message":"l2_reassemble_pending","data":{"pkt_id":19,"frag_idx":0,"nd":1465}}
{"sessionId":"0173da","runId":"post-fix","timestamp":1783913472046,"hypothesisId":"L2","location":"dataplane_wan.c:reassemble_l2","message":"l2_reassemble_join_ok","data":{"pkt_id":61,"frag_idx":1,"out_len":1514,"n":36}}
{"sessionId":"0173da","runId":"post-fix","timestamp":1783913472046,"hypothesisId":"L2","location":"dataplane_wan.c:decrypt_wan","message":"l2_frag_reassemble_ok","data":{"wire_in":98,"plain_len":1514,"pkt_id":37,"n":35}}
{"sessionId":"0173da","runId":"post-fix","timestamp":1783913472046,"hypothesisId":"L2","location":"dataplane_wan.c:decrypt_wan","message":"l2_frag_reassemble_ok","data":{"wire_in":98,"plain_len":1514,"pkt_id":61,"n":36}}
{"sessionId":"0173da","runId":"post-fix","timestamp":1783913472046,"hypothesisId":"L2","location":"dataplane_wan.c:reassemble_l2","message":"l2_reassemble_join_ok","data":{"pkt_id":24,"frag_idx":1,"out_len":1514,"n":38}}
{"sessionId":"0173da","runId":"post-fix","timestamp":1783913472046,"hypothesisId":"L2","location":"dataplane_wan.c:reassemble_l2","message":"l2_reassemble_join_ok","data":{"pkt_id":106,"frag_idx":1,"out_len":1514,"n":37}}
{"sessionId":"0173da","runId":"post-fix","timestamp":1783913472046,"hypothesisId":"L2","location":"dataplane_wan.c:dataplane_process_wan","message":"l2_frag_pending_hold","data":{"wire_len":1500,"n":39}}
{"sessionId":"0173da","runId":"post-fix","timestamp":1783913472046,"hypothesisId":"L2","location":"dataplane_wan.c:reassemble_l2","message":"l2_reassemble_pending","data":{"pkt_id":209,"frag_idx":0,"nd":1465}}
{"sessionId":"0173da","runId":"post-fix","timestamp":1783913472046,"hypothesisId":"L2","location":"dataplane_wan.c:decrypt_wan","message":"l2_frag_reassemble_ok","data":{"wire_in":98,"plain_len":1514,"pkt_id":24,"n":37}}
{"sessionId":"0173da","runId":"post-fix","timestamp":1783913472046,"hypothesisId":"L2","location":"dataplane_wan.c:decrypt_wan","message":"l2_frag_reassemble_ok","data":{"wire_in":98,"plain_len":1514,"pkt_id":106,"n":38}}
{"sessionId":"0173da","runId":"post-fix","timestamp":1783913472046,"hypothesisId":"L2","location":"dataplane_wan.c:reassemble_l2","message":"l2_reassemble_pending","data":{"pkt_id":65,"frag_idx":0,"nd":1465}}
{"sessionId":"0173da","runId":"post-fix","timestamp":1783913472046,"hypothesisId":"L2","location":"dataplane_wan.c:reassemble_l2","message":"l2_reassemble_pending","data":{"pkt_id":40,"frag_idx":0,"nd":1465}}
{"sessionId":"0173da","runId":"post-fix","timestamp":1783913472046,"hypothesisId":"L2","location":"dataplane_wan.c:decrypt_wan","message":"l2_frag_reassemble_ok","data":{"wire_in":98,"plain_len":1514,"pkt_id":209,"n":39}}
{"sessionId":"0173da","runId":"post-fix","timestamp":1783913472046,"hypothesisId":"L2","location":"dataplane_wan.c:reassemble_l2","message":"l2_reassemble_pending","data":{"pkt_id":32,"frag_idx":0,"nd":1465}}
{"sessionId":"0173da","runId":"post-fix","timestamp":1783913472046,"hypothesisId":"L2","location":"dataplane_wan.c:reassemble_l2","message":"l2_reassemble_pending","data":{"pkt_id":110,"frag_idx":0,"nd":1465}}
{"sessionId":"0173da","runId":"post-fix","timestamp":1783913472046,"hypothesisId":"L2","location":"dataplane_wan.c:reassemble_l2","message":"l2_reassemble_join_ok","data":{"pkt_id":19,"frag_idx":1,"out_len":1514,"n":39}}
{"sessionId":"0173da","runId":"post-fix","timestamp":1783913472046,"hypothesisId":"L2","location":"dataplane_wan.c:reassemble_l2","message":"l2_reassemble_pending","data":{"pkt_id":77,"frag_idx":0,"nd":1465}}
{"sessionId":"0173da","runId":"post-fix","timestamp":1783913472046,"hypothesisId":"L2","location":"dataplane_wan.c:reassemble_l2","message":"l2_reassemble_pending","data":{"pkt_id":215,"frag_idx":0,"nd":1465}}
{"sessionId":"0173da","runId":"post-fix","timestamp":1783913472046,"hypothesisId":"L2","location":"dataplane_wan.c:reassemble_l2","message":"l2_reassemble_pending","data":{"pkt_id":43,"frag_idx":0,"nd":1465}}
{"sessionId":"0173da","runId":"post-fix","timestamp":1783913472046,"hypothesisId":"L2","location":"dataplane_wan.c:reassemble_l2","message":"l2_reassemble_pending","data":{"pkt_id":98,"frag_idx":0,"nd":1465}}
{"sessionId":"0173da","runId":"post-fix","timestamp":1783913472046,"hypothesisId":"L2","location":"dataplane_wan.c:reassemble_l2","message":"l2_reassemble_pending","data":{"pkt_id":36,"frag_idx":0,"nd":1465}}
{"sessionId":"0173da","runId":"post-fix","timestamp":1783913472046,"hypothesisId":"L2","location":"dataplane_wan.c:reassemble_l2","message":"l2_reassemble_pending","data":{"pkt_id":79,"frag_idx":0,"nd":1465}}
{"sessionId":"0173da","runId":"post-fix","timestamp":1783913472046,"hypothesisId":"L2","location":"dataplane_wan.c:reassemble_l2","message":"l2_reassemble_pending","data":{"pkt_id":23,"frag_idx":0,"nd":1465}}
{"sessionId":"0173da","runId":"post-fix","timestamp":1783913472046,"hypothesisId":"L2","location":"dataplane_wan.c:reassemble_l2","message":"l2_reassemble_pending","data":{"pkt_id":219,"frag_idx":0,"nd":1465}}
{"sessionId":"0173da","runId":"post-fix","timestamp":1783913472046,"hypothesisId":"L2","location":"dataplane_wan.c:reassemble_l2","message":"l2_reassemble_pending","data":{"pkt_id":41,"frag_idx":0,"nd":1465}}
{"sessionId":"0173da","runId":"post-fix","timestamp":1783913472046,"hypothesisId":"L2","location":"dataplane_wan.c:reassemble_l2","message":"l2_reassemble_pending","data":{"pkt_id":83,"frag_idx":0,"nd":1465}}
{"sessionId":"0173da","runId":"post-fix","timestamp":1783913472046,"hypothesisId":"L2","location":"dataplane_wan.c:reassemble_l2","message":"l2_reassemble_pending","data":{"pkt_id":45,"frag_idx":0,"nd":1465}}
{"sessionId":"0173da","runId":"post-fix","timestamp":1783913472046,"hypothesisId":"L2","location":"dataplane_wan.c:reassemble_l2","message":"l2_reassemble_pending","data":{"pkt_id":114,"frag_idx":0,"nd":1465}}
{"sessionId":"0173da","runId":"post-fix","timestamp":1783913472046,"hypothesisId":"L2","location":"dataplane_wan.c:reassemble_l2","message":"l2_reassemble_pending","data":{"pkt_id":27,"frag_idx":0,"nd":1465}}
{"sessionId":"0173da","runId":"post-fix","timestamp":1783913472046,"hypothesisId":"L2","location":"dataplane_wan.c:reassemble_l2","message":"l2_reassemble_pending","data":{"pkt_id":222,"frag_idx":0,"nd":1465}}
{"sessionId":"0173da","runId":"post-fix","timestamp":1783913472046,"hypothesisId":"L2","location":"dataplane_wan.c:reassemble_l2","message":"l2_reassemble_pending","data":{"pkt_id":46,"frag_idx":0,"nd":1465}}
{"sessionId":"0173da","runId":"post-fix","timestamp":1783913472046,"hypothesisId":"L2","location":"dataplane_wan.c:reassemble_l2","message":"l2_reassemble_pending","data":{"pkt_id":103,"frag_idx":0,"nd":1465}}
{"sessionId":"0173da","runId":"post-fix","timestamp":1783913472046,"hypothesisId":"L2","location":"dataplane_wan.c:reassemble_l2","message":"l2_reassemble_pending","data":{"pkt_id":87,"frag_idx":0,"nd":1465}}
{"sessionId":"0173da","runId":"post-fix","timestamp":1783913472046,"hypothesisId":"L2","location":"dataplane_wan.c:reassemble_l2","message":"l2_reassemble_pending","data":{"pkt_id":48,"frag_idx":0,"nd":1465}}
{"sessionId":"0173da","runId":"post-fix","timestamp":1783913472046,"hypothesisId":"L2","location":"dataplane_wan.c:reassemble_l2","message":"l2_reassemble_pending","data":{"pkt_id":30,"frag_idx":0,"nd":1465}}
{"sessionId":"0173da","runId":"post-fix","timestamp":1783913472046,"hypothesisId":"L2","location":"dataplane_wan.c:reassemble_l2","message":"l2_reassemble_pending","data":{"pkt_id":226,"frag_idx":0,"nd":1465}}
{"sessionId":"0173da","runId":"post-fix","timestamp":1783913472046,"hypothesisId":"L2","location":"dataplane_wan.c:reassemble_l2","message":"l2_reassemble_pending","data":{"pkt_id":92,"frag_idx":0,"nd":1465}}
{"sessionId":"0173da","runId":"post-fix","timestamp":1783913472046,"hypothesisId":"L2","location":"dataplane_wan.c:reassemble_l2","message":"l2_reassemble_pending","data":{"pkt_id":49,"frag_idx":0,"nd":1465}}
{"sessionId":"0173da","runId":"post-fix","timestamp":1783913472046,"hypothesisId":"L2","location":"dataplane_wan.c:reassemble_l2","message":"l2_reassemble_pending","data":{"pkt_id":53,"frag_idx":0,"nd":1465}}
{"sessionId":"0173da","runId":"post-fix","timestamp":1783913472046,"hypothesisId":"L2","location":"dataplane_wan.c:reassemble_l2","message":"l2_reassemble_pending","data":{"pkt_id":117,"frag_idx":0,"nd":1465}}
{"sessionId":"0173da","runId":"post-fix","timestamp":1783913472046,"hypothesisId":"L2","location":"dataplane_wan.c:reassemble_l2","message":"l2_reassemble_pending","data":{"pkt_id":33,"frag_idx":0,"nd":1465}}
{"sessionId":"0173da","runId":"post-fix","timestamp":1783913472046,"hypothesisId":"L2","location":"dataplane_wan.c:reassemble_l2","message":"l2_reassemble_pending","data":{"pkt_id":229,"frag_idx":0,"nd":1465}}
{"sessionId":"0173da","runId":"post-fix","timestamp":1783913472046,"hypothesisId":"L2","location":"dataplane_wan.c:reassemble_l2","message":"l2_reassemble_pending","data":{"pkt_id":96,"frag_idx":0,"nd":1465}}
{"sessionId":"0173da","runId":"post-fix","timestamp":1783913472046,"hypothesisId":"L2","location":"dataplane_wan.c:reassemble_l2","message":"l2_reassemble_pending","data":{"pkt_id":57,"frag_idx":0,"nd":1465}}
{"sessionId":"0173da","runId":"post-fix","timestamp":1783913472046,"hypothesisId":"L2","location":"dataplane_wan.c:reassemble_l2","message":"l2_reassemble_pending","data":{"pkt_id":119,"frag_idx":0,"nd":1465}}
{"sessionId":"0173da","runId":"post-fix","timestamp":1783913472046,"hypothesisId":"L2","location":"dataplane_wan.c:reassemble_l2","message":"l2_reassemble_pending","data":{"pkt_id":56,"frag_idx":0,"nd":1465}}
{"sessionId":"0173da","runId":"post-fix","timestamp":1783913472046,"hypothesisId":"L2","location":"dataplane_wan.c:reassemble_l2","message":"l2_reassemble_pending","data":{"pkt_id":35,"frag_idx":0,"nd":1465}}
{"sessionId":"0173da","runId":"post-fix","timestamp":1783913472046,"hypothesisId":"L2","location":"dataplane_wan.c:reassemble_l2","message":"l2_reassemble_pending","data":{"pkt_id":100,"frag_idx":0,"nd":1465}}
{"sessionId":"0173da","runId":"post-fix","timestamp":1783913472046,"hypothesisId":"L2","location":"dataplane_wan.c:reassemble_l2","message":"l2_reassemble_pending","data":{"pkt_id":238,"frag_idx":0,"nd":1465}}
{"sessionId":"0173da","runId":"post-fix","timestamp":1783913472046,"hypothesisId":"L2","location":"dataplane_wan.c:reassemble_l2","message":"l2_reassemble_pending","data":{"pkt_id":60,"frag_idx":0,"nd":1465}}
{"sessionId":"0173da","runId":"post-fix","timestamp":1783913472046,"hypothesisId":"L2","location":"dataplane_wan.c:reassemble_l2","message":"l2_reassemble_pending","data":{"pkt_id":62,"frag_idx":0,"nd":1465}}
{"sessionId":"0173da","runId":"post-fix","timestamp":1783913472046,"hypothesisId":"L2","location":"dataplane_wan.c:reassemble_l2","message":"l2_reassemble_pending","data":{"pkt_id":135,"frag_idx":0,"nd":1465}}
{"sessionId":"0173da","runId":"post-fix","timestamp":1783913472046,"hypothesisId":"L2","location":"dataplane_wan.c:reassemble_l2","message":"l2_reassemble_pending","data":{"pkt_id":104,"frag_idx":0,"nd":1465}}
{"sessionId":"0173da","runId":"post-fix","timestamp":1783913472046,"hypothesisId":"L2","location":"dataplane_wan.c:reassemble_l2","message":"l2_reassemble_pending","data":{"pkt_id":233,"frag_idx":0,"nd":1465}}
{"sessionId":"0173da","runId":"post-fix","timestamp":1783913472046,"hypothesisId":"L2","location":"dataplane_wan.c:reassemble_l2","message":"l2_reassemble_pending","data":{"pkt_id":64,"frag_idx":0,"nd":1465}}
{"sessionId":"0173da","runId":"post-fix","timestamp":1783913472046,"hypothesisId":"L2","location":"dataplane_wan.c:reassemble_l2","message":"l2_reassemble_pending","data":{"pkt_id":38,"frag_idx":0,"nd":1465}}
{"sessionId":"0173da","runId":"post-fix","timestamp":1783913472046,"hypothesisId":"L2","location":"dataplane_wan.c:reassemble_l2","message":"l2_reassemble_pending","data":{"pkt_id":67,"frag_idx":0,"nd":1465}}
{"sessionId":"0173da","runId":"post-fix","timestamp":1783913472046,"hypothesisId":"L2","location":"dataplane_wan.c:reassemble_l2","message":"l2_reassemble_pending","data":{"pkt_id":137,"frag_idx":0,"nd":1465}}
{"sessionId":"0173da","runId":"post-fix","timestamp":1783913472046,"hypothesisId":"L2","location":"dataplane_wan.c:reassemble_l2","message":"l2_reassemble_pending","data":{"pkt_id":68,"frag_idx":0,"nd":1465}}
{"sessionId":"0173da","runId":"post-fix","timestamp":1783913472046,"hypothesisId":"L2","location":"dataplane_wan.c:reassemble_l2","message":"l2_reassemble_pending","data":{"pkt_id":108,"frag_idx":0,"nd":1465}}
{"sessionId":"0173da","runId":"post-fix","timestamp":1783913472046,"hypothesisId":"L2","location":"dataplane_wan.c:reassemble_l2","message":"l2_reassemble_pending","data":{"pkt_id":235,"frag_idx":0,"nd":1465}}
{"sessionId":"0173da","runId":"post-fix","timestamp":1783913472046,"hypothesisId":"L2","location":"dataplane_wan.c:reassemble_l2","message":"l2_reassemble_pending","data":{"pkt_id":72,"frag_idx":0,"nd":1465}}
{"sessionId":"0173da","runId":"post-fix","timestamp":1783913472046,"hypothesisId":"L2","location":"dataplane_wan.c:reassemble_l2","message":"l2_reassemble_pending","data":{"pkt_id":39,"frag_idx":0,"nd":1465}}
{"sessionId":"0173da","runId":"post-fix","timestamp":1783913472046,"hypothesisId":"L2","location":"dataplane_wan.c:reassemble_l2","message":"l2_reassemble_pending","data":{"pkt_id":140,"frag_idx":0,"nd":1465}}
{"sessionId":"0173da","runId":"post-fix","timestamp":1783913472046,"hypothesisId":"L2","location":"dataplane_wan.c:reassemble_l2","message":"l2_reassemble_pending","data":{"pkt_id":71,"frag_idx":0,"nd":1465}}
{"sessionId":"0173da","runId":"post-fix","timestamp":1783913472046,"hypothesisId":"L2","location":"dataplane_wan.c:reassemble_l2","message":"l2_reassemble_pending","data":{"pkt_id":121,"frag_idx":0,"nd":1465}}
{"sessionId":"0173da","runId":"post-fix","timestamp":1783913472046,"hypothesisId":"L2","location":"dataplane_wan.c:reassemble_l2","message":"l2_reassemble_pending","data":{"pkt_id":237,"frag_idx":0,"nd":1465}}
{"sessionId":"0173da","runId":"post-fix","timestamp":1783913472046,"hypothesisId":"L2","location":"dataplane_wan.c:reassemble_l2","message":"l2_reassemble_pending","data":{"pkt_id":75,"frag_idx":0,"nd":1465}}
{"sessionId":"0173da","runId":"post-fix","timestamp":1783913472046,"hypothesisId":"L2","location":"dataplane_wan.c:reassemble_l2","message":"l2_reassemble_pending","data":{"pkt_id":141,"frag_idx":0,"nd":1465}}
{"sessionId":"0173da","runId":"post-fix","timestamp":1783913472046,"hypothesisId":"L2","location":"dataplane_wan.c:reassemble_l2","message":"l2_reassemble_pending","data":{"pkt_id":74,"frag_idx":0,"nd":1465}}
{"sessionId":"0173da","runId":"post-fix","timestamp":1783913472046,"hypothesisId":"L2","location":"dataplane_wan.c:reassemble_l2","message":"l2_reassemble_pending","data":{"pkt_id":112,"frag_idx":0,"nd":1465}}
{"sessionId":"0173da","runId":"post-fix","timestamp":1783913472046,"hypothesisId":"L2","location":"dataplane_wan.c:reassemble_l2","message":"l2_reassemble_pending","data":{"pkt_id":42,"frag_idx":0,"nd":1465}}
{"sessionId":"0173da","runId":"post-fix","timestamp":1783913472046,"hypothesisId":"L2","location":"dataplane_wan.c:reassemble_l2","message":"l2_reassemble_pending","data":{"pkt_id":281,"frag_idx":0,"nd":1465}}
{"sessionId":"0173da","runId":"post-fix","timestamp":1783913472046,"hypothesisId":"L2","location":"dataplane_wan.c:reassemble_l2","message":"l2_reassemble_pending","data":{"pkt_id":143,"frag_idx":0,"nd":1465}}
{"sessionId":"0173da","runId":"post-fix","timestamp":1783913472046,"hypothesisId":"L2","location":"dataplane_wan.c:reassemble_l2","message":"l2_reassemble_pending","data":{"pkt_id":81,"frag_idx":0,"nd":1465}}
{"sessionId":"0173da","runId":"post-fix","timestamp":1783913472046,"hypothesisId":"L2","location":"dataplane_wan.c:reassemble_l2","message":"l2_reassemble_pending","data":{"pkt_id":88,"frag_idx":0,"nd":1465}}
{"sessionId":"0173da","runId":"post-fix","timestamp":1783913472046,"hypothesisId":"L2","location":"dataplane_wan.c:reassemble_l2","message":"l2_reassemble_pending","data":{"pkt_id":122,"frag_idx":0,"nd":1465}}
{"sessionId":"0173da","runId":"post-fix","timestamp":1783913472046,"hypothesisId":"L2","location":"dataplane_wan.c:reassemble_l2","message":"l2_reassemble_pending","data":{"pkt_id":47,"frag_idx":0,"nd":1465}}
{"sessionId":"0173da","runId":"post-fix","timestamp":1783913472046,"hypothesisId":"L2","location":"dataplane_wan.c:reassemble_l2","message":"l2_reassemble_pending","data":{"pkt_id":145,"frag_idx":0,"nd":1465}}
{"sessionId":"0173da","runId":"post-fix","timestamp":1783913472046,"hypothesisId":"L2","location":"dataplane_wan.c:reassemble_l2","message":"l2_reassemble_pending","data":{"pkt_id":282,"frag_idx":0,"nd":1465}}
{"sessionId":"0173da","runId":"post-fix","timestamp":1783913472046,"hypothesisId":"L2","location":"dataplane_wan.c:reassemble_l2","message":"l2_reassemble_pending","data":{"pkt_id":85,"frag_idx":0,"nd":1465}}
{"sessionId":"0173da","runId":"post-fix","timestamp":1783913472046,"hypothesisId":"L2","location":"dataplane_wan.c:reassemble_l2","message":"l2_reassemble_pending","data":{"pkt_id":80,"frag_idx":0,"nd":1465}}
{"sessionId":"0173da","runId":"post-fix","timestamp":1783913472046,"hypothesisId":"L2","location":"dataplane_wan.c:reassemble_l2","message":"l2_reassemble_pending","data":{"pkt_id":123,"frag_idx":0,"nd":1465}}
{"sessionId":"0173da","runId":"post-fix","timestamp":1783913472046,"hypothesisId":"L2","location":"dataplane_wan.c:reassemble_l2","message":"l2_reassemble_pending","data":{"pkt_id":147,"frag_idx":0,"nd":1465}}
{"sessionId":"0173da","runId":"post-fix","timestamp":1783913472046,"hypothesisId":"L2","location":"dataplane_wan.c:reassemble_l2","message":"l2_reassemble_pending","data":{"pkt_id":283,"frag_idx":0,"nd":1465}}
{"sessionId":"0173da","runId":"post-fix","timestamp":1783913472046,"hypothesisId":"L2","location":"dataplane_wan.c:reassemble_l2","message":"l2_reassemble_pending","data":{"pkt_id":89,"frag_idx":0,"nd":1465}}
{"sessionId":"0173da","runId":"post-fix","timestamp":1783913472046,"hypothesisId":"L2","location":"dataplane_wan.c:reassemble_l2","message":"l2_reassemble_pending","data":{"pkt_id":50,"frag_idx":0,"nd":1465}}
{"sessionId":"0173da","runId":"post-fix","timestamp":1783913472046,"hypothesisId":"L2","location":"dataplane_wan.c:reassemble_l2","message":"l2_reassemble_pending","data":{"pkt_id":124,"frag_idx":0,"nd":1465}}
{"sessionId":"0173da","runId":"post-fix","timestamp":1783913472046,"hypothesisId":"L2","location":"dataplane_wan.c:reassemble_l2","message":"l2_reassemble_pending","data":{"pkt_id":84,"frag_idx":0,"nd":1465}}
{"sessionId":"0173da","runId":"post-fix","timestamp":1783913472046,"hypothesisId":"L2","location":"dataplane_wan.c:reassemble_l2","message":"l2_reassemble_pending","data":{"pkt_id":149,"frag_idx":0,"nd":1465}}
{"sessionId":"0173da","runId":"post-fix","timestamp":1783913472046,"hypothesisId":"L2","location":"dataplane_wan.c:reassemble_l2","message":"l2_reassemble_pending","data":{"pkt_id":284,"frag_idx":0,"nd":1465}}
{"sessionId":"0173da","runId":"post-fix","timestamp":1783913472046,"hypothesisId":"L2","location":"dataplane_wan.c:reassemble_l2","message":"l2_reassemble_pending","data":{"pkt_id":93,"frag_idx":0,"nd":1465}}
{"sessionId":"0173da","runId":"post-fix","timestamp":1783913472046,"hypothesisId":"L2","location":"dataplane_wan.c:reassemble_l2","message":"l2_reassemble_pending","data":{"pkt_id":240,"frag_idx":0,"nd":1465}}
{"sessionId":"0173da","runId":"post-fix","timestamp":1783913472046,"hypothesisId":"L2","location":"dataplane_wan.c:reassemble_l2","message":"l2_reassemble_pending","data":{"pkt_id":125,"frag_idx":0,"nd":1465}}
{"sessionId":"0173da","runId":"post-fix","timestamp":1783913472046,"hypothesisId":"L2","location":"dataplane_wan.c:reassemble_l2","message":"l2_reassemble_pending","data":{"pkt_id":52,"frag_idx":0,"nd":1465}}
{"sessionId":"0173da","runId":"post-fix","timestamp":1783913472047,"hypothesisId":"L2","location":"dataplane_wan.c:reassemble_l2","message":"l2_reassemble_pending","data":{"pkt_id":154,"frag_idx":0,"nd":1465}}
{"sessionId":"0173da","runId":"post-fix","timestamp":1783913472047,"hypothesisId":"L2","location":"dataplane_wan.c:reassemble_l2","message":"l2_reassemble_pending","data":{"pkt_id":97,"frag_idx":0,"nd":1465}}
{"sessionId":"0173da","runId":"post-fix","timestamp":1783913472047,"hypothesisId":"L2","location":"dataplane_wan.c:reassemble_l2","message":"l2_reassemble_pending","data":{"pkt_id":285,"frag_idx":0,"nd":1465}}
{"sessionId":"0173da","runId":"post-fix","timestamp":1783913472047,"hypothesisId":"L2","location":"dataplane_wan.c:reassemble_l2","message":"l2_reassemble_pending","data":{"pkt_id":244,"frag_idx":0,"nd":1465}}
{"sessionId":"0173da","runId":"post-fix","timestamp":1783913472047,"hypothesisId":"L2","location":"dataplane_wan.c:reassemble_l2","message":"l2_reassemble_pending","data":{"pkt_id":126,"frag_idx":0,"nd":1465}}
{"sessionId":"0173da","runId":"post-fix","timestamp":1783913472047,"hypothesisId":"L2","location":"dataplane_wan.c:reassemble_l2","message":"l2_reassemble_pending","data":{"pkt_id":101,"frag_idx":0,"nd":1465}}
{"sessionId":"0173da","runId":"post-fix","timestamp":1783913472047,"hypothesisId":"L2","location":"dataplane_wan.c:reassemble_l2","message":"l2_reassemble_pending","data":{"pkt_id":55,"frag_idx":0,"nd":1465}}
{"sessionId":"0173da","runId":"post-fix","timestamp":1783913472047,"hypothesisId":"L2","location":"dataplane_wan.c:reassemble_l2","message":"l2_reassemble_pending","data":{"pkt_id":157,"frag_idx":0,"nd":1465}}
{"sessionId":"0173da","runId":"post-fix","timestamp":1783913472047,"hypothesisId":"L2","location":"dataplane_wan.c:reassemble_l2","message":"l2_reassemble_pending","data":{"pkt_id":286,"frag_idx":0,"nd":1465}}
{"sessionId":"0173da","runId":"post-fix","timestamp":1783913472047,"hypothesisId":"L2","location":"dataplane_wan.c:reassemble_l2","message":"l2_reassemble_pending","data":{"pkt_id":289,"frag_idx":0,"nd":1465}}
{"sessionId":"0173da","runId":"post-fix","timestamp":1783913472047,"hypothesisId":"L2","location":"dataplane_wan.c:reassemble_l2","message":"l2_reassemble_pending","data":{"pkt_id":127,"frag_idx":0,"nd":1465}}
{"sessionId":"0173da","runId":"post-fix","timestamp":1783913472047,"hypothesisId":"L2","location":"dataplane_wan.c:reassemble_l2","message":"l2_reassemble_pending","data":{"pkt_id":250,"frag_idx":0,"nd":1465}}
{"sessionId":"0173da","runId":"post-fix","timestamp":1783913472047,"hypothesisId":"L2","location":"dataplane_wan.c:reassemble_l2","message":"l2_reassemble_pending","data":{"pkt_id":287,"frag_idx":0,"nd":1465}}
{"sessionId":"0173da","runId":"post-fix","timestamp":1783913472047,"hypothesisId":"L2","location":"dataplane_wan.c:reassemble_l2","message":"l2_reassemble_pending","data":{"pkt_id":107,"frag_idx":0,"nd":1465}}
{"sessionId":"0173da","runId":"post-fix","timestamp":1783913472047,"hypothesisId":"L2","location":"dataplane_wan.c:reassemble_l2","message":"l2_reassemble_pending","data":{"pkt_id":59,"frag_idx":0,"nd":1465}}
{"sessionId":"0173da","runId":"post-fix","timestamp":1783913472047,"hypothesisId":"L2","location":"dataplane_wan.c:reassemble_l2","message":"l2_reassemble_pending","data":{"pkt_id":291,"frag_idx":0,"nd":1465}}
{"sessionId":"0173da","runId":"post-fix","timestamp":1783913472047,"hypothesisId":"L2","location":"dataplane_wan.c:reassemble_l2","message":"l2_reassemble_pending","data":{"pkt_id":129,"frag_idx":0,"nd":1465}}
{"sessionId":"0173da","runId":"post-fix","timestamp":1783913472047,"hypothesisId":"L2","location":"dataplane_wan.c:reassemble_l2","message":"l2_reassemble_pending","data":{"pkt_id":253,"frag_idx":0,"nd":1465}}
{"sessionId":"0173da","runId":"post-fix","timestamp":1783913472047,"hypothesisId":"L2","location":"dataplane_wan.c:reassemble_l2","message":"l2_reassemble_pending","data":{"pkt_id":290,"frag_idx":0,"nd":1465}}
{"sessionId":"0173da","runId":"post-fix","timestamp":1783913472047,"hypothesisId":"L2","location":"dataplane_wan.c:reassemble_l2","message":"l2_reassemble_pending","data":{"pkt_id":131,"frag_idx":0,"nd":1465}}
{"sessionId":"0173da","runId":"post-fix","timestamp":1783913472047,"hypothesisId":"L2","location":"dataplane_wan.c:reassemble_l2","message":"l2_reassemble_pending","data":{"pkt_id":294,"frag_idx":0,"nd":1465}}
{"sessionId":"0173da","runId":"post-fix","timestamp":1783913472047,"hypothesisId":"L2","location":"dataplane_wan.c:reassemble_l2","message":"l2_reassemble_pending","data":{"pkt_id":255,"frag_idx":0,"nd":1465}}
{"sessionId":"0173da","runId":"post-fix","timestamp":1783913472047,"hypothesisId":"L2","location":"dataplane_wan.c:reassemble_l2","message":"l2_reassemble_pending","data":{"pkt_id":111,"frag_idx":0,"nd":1465}}
{"sessionId":"0173da","runId":"post-fix","timestamp":1783913472047,"hypothesisId":"L2","location":"dataplane_wan.c:reassemble_l2","message":"l2_reassemble_pending","data":{"pkt_id":293,"frag_idx":0,"nd":1465}}
{"sessionId":"0173da","runId":"post-fix","timestamp":1783913472047,"hypothesisId":"L2","location":"dataplane_wan.c:reassemble_l2","message":"l2_reassemble_pending","data":{"pkt_id":63,"frag_idx":0,"nd":1465}}
{"sessionId":"0173da","runId":"post-fix","timestamp":1783913472047,"hypothesisId":"L2","location":"dataplane_wan.c:reassemble_l2","message":"l2_reassemble_pending","data":{"pkt_id":133,"frag_idx":0,"nd":1465}}
{"sessionId":"0173da","runId":"post-fix","timestamp":1783913472047,"hypothesisId":"L2","location":"dataplane_wan.c:reassemble_l2","message":"l2_reassemble_pending","data":{"pkt_id":256,"frag_idx":0,"nd":1465}}
{"sessionId":"0173da","runId":"post-fix","timestamp":1783913472047,"hypothesisId":"L2","location":"dataplane_wan.c:reassemble_l2","message":"l2_reassemble_pending","data":{"pkt_id":298,"frag_idx":0,"nd":1465}}
{"sessionId":"0173da","runId":"post-fix","timestamp":1783913472047,"hypothesisId":"L2","location":"dataplane_wan.c:reassemble_l2","message":"l2_reassemble_pending","data":{"pkt_id":297,"frag_idx":0,"nd":1465}}
{"sessionId":"0173da","runId":"post-fix","timestamp":1783913472047,"hypothesisId":"L2","location":"dataplane_wan.c:reassemble_l2","message":"l2_reassemble_pending","data":{"pkt_id":115,"frag_idx":0,"nd":1465}}
{"sessionId":"0173da","runId":"post-fix","timestamp":1783913472047,"hypothesisId":"L2","location":"dataplane_wan.c:reassemble_l2","message":"l2_reassemble_pending","data":{"pkt_id":136,"frag_idx":0,"nd":1465}}
{"sessionId":"0173da","runId":"post-fix","timestamp":1783913472047,"hypothesisId":"L2","location":"dataplane_wan.c:reassemble_l2","message":"l2_reassemble_pending","data":{"pkt_id":302,"frag_idx":0,"nd":1465}}
{"sessionId":"0173da","runId":"post-fix","timestamp":1783913472047,"hypothesisId":"L2","location":"dataplane_wan.c:reassemble_l2","message":"l2_reassemble_pending","data":{"pkt_id":66,"frag_idx":0,"nd":1465}}
{"sessionId":"0173da","runId":"post-fix","timestamp":1783913472047,"hypothesisId":"L2","location":"dataplane_wan.c:reassemble_l2","message":"l2_reassemble_pending","data":{"pkt_id":257,"frag_idx":0,"nd":1465}}
{"sessionId":"0173da","runId":"post-fix","timestamp":1783913472047,"hypothesisId":"L2","location":"dataplane_wan.c:reassemble_l2","message":"l2_reassemble_pending","data":{"pkt_id":128,"frag_idx":0,"nd":1465}}
{"sessionId":"0173da","runId":"post-fix","timestamp":1783913472047,"hypothesisId":"L2","location":"dataplane_wan.c:reassemble_l2","message":"l2_reassemble_pending","data":{"pkt_id":305,"frag_idx":0,"nd":1465}}
{"sessionId":"0173da","runId":"post-fix","timestamp":1783913472047,"hypothesisId":"L2","location":"dataplane_wan.c:reassemble_l2","message":"l2_reassemble_pending","data":{"pkt_id":138,"frag_idx":0,"nd":1465}}
{"sessionId":"0173da","runId":"post-fix","timestamp":1783913472047,"hypothesisId":"L2","location":"dataplane_wan.c:reassemble_l2","message":"l2_reassemble_pending","data":{"pkt_id":70,"frag_idx":0,"nd":1465}}
{"sessionId":"0173da","runId":"post-fix","timestamp":1783913472047,"hypothesisId":"L2","location":"dataplane_wan.c:reassemble_l2","message":"l2_reassemble_pending","data":{"pkt_id":130,"frag_idx":0,"nd":1465}}
{"sessionId":"0173da","runId":"post-fix","timestamp":1783913472047,"hypothesisId":"L2","location":"dataplane_wan.c:reassemble_l2","message":"l2_reassemble_pending","data":{"pkt_id":391,"frag_idx":0,"nd":1465}}
{"sessionId":"0173da","runId":"post-fix","timestamp":1783913472047,"hypothesisId":"L2","location":"dataplane_wan.c:reassemble_l2","message":"l2_reassemble_pending","data":{"pkt_id":258,"frag_idx":0,"nd":1465}}
{"sessionId":"0173da","runId":"post-fix","timestamp":1783913472047,"hypothesisId":"L2","location":"dataplane_wan.c:reassemble_l2","message":"l2_reassemble_pending","data":{"pkt_id":349,"frag_idx":0,"nd":1465}}
{"sessionId":"0173da","runId":"post-fix","timestamp":1783913472047,"hypothesisId":"L2","location":"dataplane_wan.c:reassemble_l2","message":"l2_reassemble_pending","data":{"pkt_id":132,"frag_idx":0,"nd":1465}}
{"sessionId":"0173da","runId":"post-fix","timestamp":1783913472047,"hypothesisId":"L2","location":"dataplane_wan.c:reassemble_l2","message":"l2_reassemble_pending","data":{"pkt_id":259,"frag_idx":0,"nd":1465}}
{"sessionId":"0173da","runId":"post-fix","timestamp":1783913472047,"hypothesisId":"L2","location":"dataplane_wan.c:reassemble_l2","message":"l2_reassemble_pending","data":{"pkt_id":396,"frag_idx":0,"nd":1465}}
{"sessionId":"0173da","runId":"post-fix","timestamp":1783913472047,"hypothesisId":"L2","location":"dataplane_wan.c:reassemble_l2","message":"l2_reassemble_pending","data":{"pkt_id":139,"frag_idx":0,"nd":1465}}
{"sessionId":"0173da","runId":"post-fix","timestamp":1783913472047,"hypothesisId":"L2","location":"dataplane_wan.c:reassemble_l2","message":"l2_reassemble_pending","data":{"pkt_id":73,"frag_idx":0,"nd":1465}}
{"sessionId":"0173da","runId":"post-fix","timestamp":1783913472047,"hypothesisId":"L2","location":"dataplane_wan.c:reassemble_l2","message":"l2_reassemble_pending","data":{"pkt_id":356,"frag_idx":0,"nd":1465}}
{"sessionId":"0173da","runId":"post-fix","timestamp":1783913472047,"hypothesisId":"L2","location":"dataplane_wan.c:reassemble_l2","message":"l2_reassemble_pending","data":{"pkt_id":134,"frag_idx":0,"nd":1465}}
{"sessionId":"0173da","runId":"post-fix","timestamp":1783913472047,"hypothesisId":"L2","location":"dataplane_wan.c:reassemble_l2","message":"l2_reassemble_pending","data":{"pkt_id":260,"frag_idx":0,"nd":1465}}
{"sessionId":"0173da","runId":"post-fix","timestamp":1783913472047,"hypothesisId":"L2","location":"dataplane_wan.c:reassemble_l2","message":"l2_reassemble_pending","data":{"pkt_id":142,"frag_idx":0,"nd":1465}}
{"sessionId":"0173da","runId":"post-fix","timestamp":1783913472047,"hypothesisId":"L2","location":"dataplane_wan.c:reassemble_l2","message":"l2_reassemble_pending","data":{"pkt_id":358,"frag_idx":0,"nd":1465}}
{"sessionId":"0173da","runId":"post-fix","timestamp":1783913472047,"hypothesisId":"L2","location":"dataplane_wan.c:reassemble_l2","message":"l2_reassemble_pending","data":{"pkt_id":76,"frag_idx":0,"nd":1465}}
{"sessionId":"0173da","runId":"post-fix","timestamp":1783913472047,"hypothesisId":"L2","location":"dataplane_wan.c:reassemble_l2","message":"l2_reassemble_pending","data":{"pkt_id":182,"frag_idx":0,"nd":1465}}
{"sessionId":"0173da","runId":"post-fix","timestamp":1783913472047,"hypothesisId":"L2","location":"dataplane_wan.c:reassemble_l2","message":"l2_reassemble_pending","data":{"pkt_id":144,"frag_idx":0,"nd":1465}}
{"sessionId":"0173da","runId":"post-fix","timestamp":1783913472047,"hypothesisId":"L2","location":"dataplane_wan.c:reassemble_l2","message":"l2_reassemble_pending","data":{"pkt_id":261,"frag_idx":0,"nd":1465}}
{"sessionId":"0173da","runId":"post-fix","timestamp":1783913472047,"hypothesisId":"L2","location":"dataplane_wan.c:reassemble_l2","message":"l2_reassemble_pending","data":{"pkt_id":361,"frag_idx":0,"nd":1465}}
{"sessionId":"0173da","runId":"post-fix","timestamp":1783913472047,"hypothesisId":"L2","location":"dataplane_wan.c:reassemble_l2","message":"l2_reassemble_pending","data":{"pkt_id":184,"frag_idx":0,"nd":1465}}
{"sessionId":"0173da","runId":"post-fix","timestamp":1783913472047,"hypothesisId":"L2","location":"dataplane_wan.c:reassemble_l2","message":"l2_reassemble_pending","data":{"pkt_id":262,"frag_idx":0,"nd":1465}}
{"sessionId":"0173da","runId":"post-fix","timestamp":1783913472047,"hypothesisId":"L2","location":"dataplane_wan.c:reassemble_l2","message":"l2_reassemble_pending","data":{"pkt_id":363,"frag_idx":0,"nd":1465}}
{"sessionId":"0173da","runId":"post-fix","timestamp":1783913472047,"hypothesisId":"L2","location":"dataplane_wan.c:reassemble_l2","message":"l2_reassemble_pending","data":{"pkt_id":429,"frag_idx":0,"nd":1465}}
{"sessionId":"0173da","runId":"post-fix","timestamp":1783913472047,"hypothesisId":"L2","location":"dataplane_wan.c:reassemble_l2","message":"l2_reassemble_pending","data":{"pkt_id":78,"frag_idx":0,"nd":1465}}
{"sessionId":"0173da","runId":"post-fix","timestamp":1783913472047,"hypothesisId":"L2","location":"dataplane_wan.c:reassemble_l2","message":"l2_reassemble_pending","data":{"pkt_id":146,"frag_idx":0,"nd":1465}}
{"sessionId":"0173da","runId":"post-fix","timestamp":1783913472047,"hypothesisId":"L2","location":"dataplane_wan.c:reassemble_l2","message":"l2_reassemble_pending","data":{"pkt_id":186,"frag_idx":0,"nd":1465}}
{"sessionId":"0173da","runId":"post-fix","timestamp":1783913472047,"hypothesisId":"L2","location":"dataplane_wan.c:reassemble_l2","message":"l2_reassemble_pending","data":{"pkt_id":263,"frag_idx":0,"nd":1465}}
{"sessionId":"0173da","runId":"post-fix","timestamp":1783913472047,"hypothesisId":"L2","location":"dataplane_wan.c:reassemble_l2","message":"l2_reassemble_pending","data":{"pkt_id":366,"frag_idx":0,"nd":1465}}
{"sessionId":"0173da","runId":"post-fix","timestamp":1783913472047,"hypothesisId":"L2","location":"dataplane_wan.c:reassemble_l2","message":"l2_reassemble_pending","data":{"pkt_id":433,"frag_idx":0,"nd":1465}}
{"sessionId":"0173da","runId":"post-fix","timestamp":1783913472047,"hypothesisId":"L2","location":"dataplane_wan.c:reassemble_l2","message":"l2_reassemble_pending","data":{"pkt_id":148,"frag_idx":0,"nd":1465}}
{"sessionId":"0173da","runId":"post-fix","timestamp":1783913472047,"hypothesisId":"L2","location":"dataplane_wan.c:reassemble_l2","message":"l2_reassemble_pending","data":{"pkt_id":82,"frag_idx":0,"nd":1465}}
{"sessionId":"0173da","runId":"post-fix","timestamp":1783913472047,"hypothesisId":"L2","location":"dataplane_wan.c:reassemble_l2","message":"l2_reassemble_pending","data":{"pkt_id":188,"frag_idx":0,"nd":1465}}
{"sessionId":"0173da","runId":"post-fix","timestamp":1783913472047,"hypothesisId":"L2","location":"dataplane_wan.c:reassemble_l2","message":"l2_reassemble_pending","data":{"pkt_id":264,"frag_idx":0,"nd":1465}}
{"sessionId":"0173da","runId":"post-fix","timestamp":1783913472047,"hypothesisId":"L2","location":"dataplane_wan.c:reassemble_l2","message":"l2_reassemble_pending","data":{"pkt_id":383,"frag_idx":0,"nd":1465}}
{"sessionId":"0173da","runId":"post-fix","timestamp":1783913472047,"hypothesisId":"L2","location":"dataplane_wan.c:reassemble_l2","message":"l2_reassemble_pending","data":{"pkt_id":151,"frag_idx":0,"nd":1465}}
{"sessionId":"0173da","runId":"post-fix","timestamp":1783913472047,"hypothesisId":"L2","location":"dataplane_wan.c:reassemble_l2","message":"l2_reassemble_pending","data":{"pkt_id":435,"frag_idx":0,"nd":1465}}
{"sessionId":"0173da","runId":"post-fix","timestamp":1783913472047,"hypothesisId":"L2","location":"dataplane_wan.c:reassemble_l2","message":"l2_reassemble_pending","data":{"pkt_id":190,"frag_idx":0,"nd":1465}}
{"sessionId":"0173da","runId":"post-fix","timestamp":1783913472047,"hypothesisId":"L2","location":"dataplane_wan.c:reassemble_l2","message":"l2_reassemble_pending","data":{"pkt_id":266,"frag_idx":0,"nd":1465}}
{"sessionId":"0173da","runId":"post-fix","timestamp":1783913472047,"hypothesisId":"L2","location":"dataplane_wan.c:reassemble_l2","message":"l2_reassemble_pending","data":{"pkt_id":390,"frag_idx":0,"nd":1465}}
{"sessionId":"0173da","runId":"post-fix","timestamp":1783913472047,"hypothesisId":"L2","location":"dataplane_wan.c:reassemble_l2","message":"l2_reassemble_pending","data":{"pkt_id":86,"frag_idx":0,"nd":1465}}
{"sessionId":"0173da","runId":"post-fix","timestamp":1783913472047,"hypothesisId":"L2","location":"dataplane_wan.c:reassemble_l2","message":"l2_reassemble_pending","data":{"pkt_id":438,"frag_idx":0,"nd":1465}}
{"sessionId":"0173da","runId":"post-fix","timestamp":1783913472047,"hypothesisId":"L2","location":"dataplane_wan.c:reassemble_l2","message":"l2_reassemble_pending","data":{"pkt_id":153,"frag_idx":0,"nd":1465}}
{"sessionId":"0173da","runId":"post-fix","timestamp":1783913472047,"hypothesisId":"L2","location":"dataplane_wan.c:reassemble_l2","message":"l2_reassemble_pending","data":{"pkt_id":267,"frag_idx":0,"nd":1465}}
{"sessionId":"0173da","runId":"post-fix","timestamp":1783913472047,"hypothesisId":"L2","location":"dataplane_wan.c:reassemble_l2","message":"l2_reassemble_pending","data":{"pkt_id":392,"frag_idx":0,"nd":1465}}
{"sessionId":"0173da","runId":"post-fix","timestamp":1783913472047,"hypothesisId":"L2","location":"dataplane_wan.c:reassemble_l2","message":"l2_reassemble_pending","data":{"pkt_id":192,"frag_idx":0,"nd":1465}}
{"sessionId":"0173da","runId":"post-fix","timestamp":1783913472047,"hypothesisId":"L2","location":"dataplane_wan.c:dataplane_process_wan","message":"wan_l2_forward_ok","data":{"wire_in":98,"plain_len":1514,"n":512}}
{"sessionId":"0173da","runId":"post-fix","timestamp":1783913472047,"hypothesisId":"L2","location":"dataplane_wan.c:reassemble_l2","message":"l2_reassemble_pending","data":{"pkt_id":441,"frag_idx":0,"nd":1465}}
{"sessionId":"0173da","runId":"post-fix","timestamp":1783913472047,"hypothesisId":"L2","location":"dataplane_wan.c:reassemble_l2","message":"l2_reassemble_pending","data":{"pkt_id":156,"frag_idx":0,"nd":1465}}
{"sessionId":"0173da","runId":"post-fix","timestamp":1783913472047,"hypothesisId":"L2","location":"dataplane_wan.c:reassemble_l2","message":"l2_reassemble_pending","data":{"pkt_id":91,"frag_idx":0,"nd":1465}}
{"sessionId":"0173da","runId":"post-fix","timestamp":1783913472047,"hypothesisId":"L2","location":"dataplane_wan.c:reassemble_l2","message":"l2_reassemble_pending","data":{"pkt_id":395,"frag_idx":0,"nd":1465}}
{"sessionId":"0173da","runId":"post-fix","timestamp":1783913472047,"hypothesisId":"L2","location":"dataplane_wan.c:reassemble_l2","message":"l2_reassemble_pending","data":{"pkt_id":194,"frag_idx":0,"nd":1465}}
{"sessionId":"0173da","runId":"post-fix","timestamp":1783913472047,"hypothesisId":"L2","location":"dataplane_wan.c:reassemble_l2","message":"l2_reassemble_pending","data":{"pkt_id":268,"frag_idx":0,"nd":1465}}
{"sessionId":"0173da","runId":"post-fix","timestamp":1783913472047,"hypothesisId":"L2","location":"dataplane_wan.c:reassemble_l2","message":"l2_reassemble_pending","data":{"pkt_id":159,"frag_idx":0,"nd":1465}}
{"sessionId":"0173da","runId":"post-fix","timestamp":1783913472047,"hypothesisId":"L2","location":"dataplane_wan.c:reassemble_l2","message":"l2_reassemble_pending","data":{"pkt_id":444,"frag_idx":0,"nd":1465}}
{"sessionId":"0173da","runId":"post-fix","timestamp":1783913472047,"hypothesisId":"L2","location":"dataplane_wan.c:reassemble_l2","message":"l2_reassemble_pending","data":{"pkt_id":95,"frag_idx":0,"nd":1465}}
{"sessionId":"0173da","runId":"post-fix","timestamp":1783913472047,"hypothesisId":"L2","location":"dataplane_wan.c:reassemble_l2","message":"l2_reassemble_pending","data":{"pkt_id":196,"frag_idx":0,"nd":1465}}
{"sessionId":"0173da","runId":"post-fix","timestamp":1783913472047,"hypothesisId":"L2","location":"dataplane_wan.c:reassemble_l2","message":"l2_reassemble_pending","data":{"pkt_id":399,"frag_idx":0,"nd":1465}}
{"sessionId":"0173da","runId":"post-fix","timestamp":1783913472048,"hypothesisId":"L2","location":"dataplane_wan.c:reassemble_l2","message":"l2_reassemble_pending","data":{"pkt_id":269,"frag_idx":0,"nd":1465}}
{"sessionId":"0173da","runId":"post-fix","timestamp":1783913472048,"hypothesisId":"L2","location":"dataplane_wan.c:reassemble_l2","message":"l2_reassemble_pending","data":{"pkt_id":161,"frag_idx":0,"nd":1465}}
{"sessionId":"0173da","runId":"post-fix","timestamp":1783913472048,"hypothesisId":"L2","location":"dataplane_wan.c:reassemble_l2","message":"l2_reassemble_pending","data":{"pkt_id":446,"frag_idx":0,"nd":1465}}
{"sessionId":"0173da","runId":"post-fix","timestamp":1783913472048,"hypothesisId":"L2","location":"dataplane_wan.c:reassemble_l2","message":"l2_reassemble_pending","data":{"pkt_id":402,"frag_idx":0,"nd":1465}}
{"sessionId":"0173da","runId":"post-fix","timestamp":1783913472048,"hypothesisId":"L2","location":"dataplane_wan.c:reassemble_l2","message":"l2_reassemble_pending","data":{"pkt_id":99,"frag_idx":0,"nd":1465}}
{"sessionId":"0173da","runId":"post-fix","timestamp":1783913472048,"hypothesisId":"L2","location":"dataplane_wan.c:reassemble_l2","message":"l2_reassemble_pending","data":{"pkt_id":198,"frag_idx":0,"nd":1465}}
{"sessionId":"0173da","runId":"post-fix","timestamp":1783913472048,"hypothesisId":"L2","location":"dataplane_wan.c:reassemble_l2","message":"l2_reassemble_pending","data":{"pkt_id":278,"frag_idx":0,"nd":1465}}
{"sessionId":"0173da","runId":"post-fix","timestamp":1783913472048,"hypothesisId":"L2","location":"dataplane_wan.c:reassemble_l2","message":"l2_reassemble_pending","data":{"pkt_id":163,"frag_idx":0,"nd":1465}}
{"sessionId":"0173da","runId":"post-fix","timestamp":1783913472048,"hypothesisId":"L2","location":"dataplane_wan.c:reassemble_l2","message":"l2_reassemble_pending","data":{"pkt_id":449,"frag_idx":0,"nd":1465}}
{"sessionId":"0173da","runId":"post-fix","timestamp":1783913472048,"hypothesisId":"L2","location":"dataplane_wan.c:reassemble_l2","message":"l2_reassemble_pending","data":{"pkt_id":451,"frag_idx":0,"nd":1465}}
{"sessionId":"0173da","runId":"post-fix","timestamp":1783913472048,"hypothesisId":"L2","location":"dataplane_wan.c:reassemble_l2","message":"l2_reassemble_pending","data":{"pkt_id":102,"frag_idx":0,"nd":1465}}
{"sessionId":"0173da","runId":"post-fix","timestamp":1783913472048,"hypothesisId":"L2","location":"dataplane_wan.c:reassemble_l2","message":"l2_reassemble_pending","data":{"pkt_id":200,"frag_idx":0,"nd":1465}}
{"sessionId":"0173da","runId":"post-fix","timestamp":1783913472048,"hypothesisId":"L2","location":"dataplane_wan.c:reassemble_l2","message":"l2_reassemble_pending","data":{"pkt_id":270,"frag_idx":0,"nd":1465}}
{"sessionId":"0173da","runId":"post-fix","timestamp":1783913472048,"hypothesisId":"L2","location":"dataplane_wan.c:reassemble_l2","message":"l2_reassemble_pending","data":{"pkt_id":165,"frag_idx":0,"nd":1465}}
{"sessionId":"0173da","runId":"post-fix","timestamp":1783913472048,"hypothesisId":"L2","location":"dataplane_wan.c:reassemble_l2","message":"l2_reassemble_pending","data":{"pkt_id":454,"frag_idx":0,"nd":1465}}
{"sessionId":"0173da","runId":"post-fix","timestamp":1783913472048,"hypothesisId":"L2","location":"dataplane_wan.c:reassemble_l2","message":"l2_reassemble_pending","data":{"pkt_id":453,"frag_idx":0,"nd":1465}}
{"sessionId":"0173da","runId":"post-fix","timestamp":1783913472048,"hypothesisId":"L2","location":"dataplane_wan.c:reassemble_l2","message":"l2_reassemble_pending","data":{"pkt_id":206,"frag_idx":0,"nd":1465}}
{"sessionId":"0173da","runId":"post-fix","timestamp":1783913472048,"hypothesisId":"L2","location":"dataplane_wan.c:reassemble_l2","message":"l2_reassemble_pending","data":{"pkt_id":166,"frag_idx":0,"nd":1465}}
{"sessionId":"0173da","runId":"post-fix","timestamp":1783913472048,"hypothesisId":"L2","location":"dataplane_wan.c:reassemble_l2","message":"l2_reassemble_pending","data":{"pkt_id":105,"frag_idx":0,"nd":1465}}
{"sessionId":"0173da","runId":"post-fix","timestamp":1783913472048,"hypothesisId":"L2","location":"dataplane_wan.c:reassemble_l2","message":"l2_reassemble_pending","data":{"pkt_id":272,"frag_idx":0,"nd":1465}}
{"sessionId":"0173da","runId":"post-fix","timestamp":1783913472048,"hypothesisId":"L2","location":"dataplane_wan.c:reassemble_l2","message":"l2_reassemble_pending","data":{"pkt_id":456,"frag_idx":0,"nd":1465}}
{"sessionId":"0173da","runId":"post-fix","timestamp":1783913472048,"hypothesisId":"L2","location":"dataplane_wan.c:reassemble_l2","message":"l2_reassemble_pending","data":{"pkt_id":457,"frag_idx":0,"nd":1465}}
{"sessionId":"0173da","runId":"post-fix","timestamp":1783913472048,"hypothesisId":"L2","location":"dataplane_wan.c:reassemble_l2","message":"l2_reassemble_pending","data":{"pkt_id":167,"frag_idx":0,"nd":1465}}
{"sessionId":"0173da","runId":"post-fix","timestamp":1783913472048,"hypothesisId":"L2","location":"dataplane_wan.c:reassemble_l2","message":"l2_reassemble_pending","data":{"pkt_id":109,"frag_idx":0,"nd":1465}}
{"sessionId":"0173da","runId":"post-fix","timestamp":1783913472048,"hypothesisId":"L2","location":"dataplane_wan.c:reassemble_l2","message":"l2_reassemble_pending","data":{"pkt_id":274,"frag_idx":0,"nd":1465}}
{"sessionId":"0173da","runId":"post-fix","timestamp":1783913472048,"hypothesisId":"L2","location":"dataplane_wan.c:reassemble_l2","message":"l2_reassemble_pending","data":{"pkt_id":211,"frag_idx":0,"nd":1465}}
{"sessionId":"0173da","runId":"post-fix","timestamp":1783913472048,"hypothesisId":"L2","location":"dataplane_wan.c:reassemble_l2","message":"l2_reassemble_pending","data":{"pkt_id":458,"frag_idx":0,"nd":1465}}
{"sessionId":"0173da","runId":"post-fix","timestamp":1783913472048,"hypothesisId":"L2","location":"dataplane_wan.c:reassemble_l2","message":"l2_reassemble_pending","data":{"pkt_id":461,"frag_idx":0,"nd":1465}}
{"sessionId":"0173da","runId":"post-fix","timestamp":1783913472048,"hypothesisId":"L2","location":"dataplane_wan.c:reassemble_l2","message":"l2_reassemble_pending","data":{"pkt_id":168,"frag_idx":0,"nd":1465}}
{"sessionId":"0173da","runId":"post-fix","timestamp":1783913472048,"hypothesisId":"L2","location":"dataplane_wan.c:reassemble_l2","message":"l2_reassemble_pending","data":{"pkt_id":276,"frag_idx":0,"nd":1465}}
{"sessionId":"0173da","runId":"post-fix","timestamp":1783913472048,"hypothesisId":"L2","location":"dataplane_wan.c:reassemble_l2","message":"l2_reassemble_pending","data":{"pkt_id":460,"frag_idx":0,"nd":1465}}
{"sessionId":"0173da","runId":"post-fix","timestamp":1783913472048,"hypothesisId":"L2","location":"dataplane_wan.c:reassemble_l2","message":"l2_reassemble_pending","data":{"pkt_id":465,"frag_idx":0,"nd":1465}}
{"sessionId":"0173da","runId":"post-fix","timestamp":1783913472048,"hypothesisId":"L2","location":"dataplane_wan.c:reassemble_l2","message":"l2_reassemble_pending","data":{"pkt_id":113,"frag_idx":0,"nd":1465}}
{"sessionId":"0173da","runId":"post-fix","timestamp":1783913472048,"hypothesisId":"L2","location":"dataplane_wan.c:reassemble_l2","message":"l2_reassemble_pending","data":{"pkt_id":213,"frag_idx":0,"nd":1465}}
{"sessionId":"0173da","runId":"post-fix","timestamp":1783913472048,"hypothesisId":"L2","location":"dataplane_wan.c:reassemble_l2","message":"l2_reassemble_pending","data":{"pkt_id":169,"frag_idx":0,"nd":1465}}
{"sessionId":"0173da","runId":"post-fix","timestamp":1783913472048,"hypothesisId":"L2","location":"dataplane_wan.c:reassemble_l2","message":"l2_reassemble_pending","data":{"pkt_id":280,"frag_idx":0,"nd":1465}}
{"sessionId":"0173da","runId":"post-fix","timestamp":1783913472048,"hypothesisId":"L2","location":"dataplane_wan.c:reassemble_l2","message":"l2_reassemble_pending","data":{"pkt_id":464,"frag_idx":0,"nd":1465}}
{"sessionId":"0173da","runId":"post-fix","timestamp":1783913472048,"hypothesisId":"L2","location":"dataplane_wan.c:reassemble_l2","message":"l2_reassemble_pending","data":{"pkt_id":217,"frag_idx":0,"nd":1465}}
{"sessionId":"0173da","runId":"post-fix","timestamp":1783913472048,"hypothesisId":"L2","location":"dataplane_wan.c:reassemble_l2","message":"l2_reassemble_pending","data":{"pkt_id":170,"frag_idx":0,"nd":1465}}
{"sessionId":"0173da","runId":"post-fix","timestamp":1783913472048,"hypothesisId":"L2","location":"dataplane_wan.c:reassemble_l2","message":"l2_reassemble_pending","data":{"pkt_id":485,"frag_idx":0,"nd":1465}}
{"sessionId":"0173da","runId":"post-fix","timestamp":1783913472048,"hypothesisId":"L2","location":"dataplane_wan.c:reassemble_l2","message":"l2_reassemble_pending","data":{"pkt_id":116,"frag_idx":0,"nd":1465}}
{"sessionId":"0173da","runId":"post-fix","timestamp":1783913472048,"hypothesisId":"L2","location":"dataplane_wan.c:dataplane_process_wan","message":"l2_frag_pending_hold","data":{"wire_len":1500,"n":256}}
{"sessionId":"0173da","runId":"post-fix","timestamp":1783913472048,"hypothesisId":"L2","location":"dataplane_wan.c:reassemble_l2","message":"l2_reassemble_pending","data":{"pkt_id":468,"frag_idx":0,"nd":1465}}
{"sessionId":"0173da","runId":"post-fix","timestamp":1783913472048,"hypothesisId":"L2","location":"dataplane_wan.c:reassemble_l2","message":"l2_reassemble_join_ok","data":{"pkt_id":485,"frag_idx":1,"out_len":1514,"n":256}}
{"sessionId":"0173da","runId":"post-fix","timestamp":1783913472048,"hypothesisId":"L2","location":"dataplane_wan.c:reassemble_l2","message":"l2_reassemble_pending","data":{"pkt_id":330,"frag_idx":0,"nd":1465}}
{"sessionId":"0173da","runId":"post-fix","timestamp":1783913472048,"hypothesisId":"L2","location":"dataplane_wan.c:decrypt_wan","message":"l2_frag_reassemble_ok","data":{"wire_in":98,"plain_len":1514,"pkt_id":116,"n":256}}
{"sessionId":"0173da","runId":"post-fix","timestamp":1783913472048,"hypothesisId":"L2","location":"dataplane_wan.c:reassemble_l2","message":"l2_reassemble_pending","data":{"pkt_id":225,"frag_idx":0,"nd":1465}}
{"sessionId":"0173da","runId":"post-fix","timestamp":1783913472048,"hypothesisId":"L2","location":"dataplane_wan.c:reassemble_l2","message":"l2_reassemble_pending","data":{"pkt_id":171,"frag_idx":0,"nd":1465}}
{"sessionId":"0173da","runId":"post-fix","timestamp":1783913472048,"hypothesisId":"L2","location":"dataplane_wan.c:reassemble_l2","message":"l2_reassemble_pending","data":{"pkt_id":491,"frag_idx":0,"nd":1465}}
{"sessionId":"0173da","runId":"post-fix","timestamp":1783913472048,"hypothesisId":"L2","location":"dataplane_wan.c:reassemble_l2","message":"l2_reassemble_pending","data":{"pkt_id":472,"frag_idx":0,"nd":1465}}
{"sessionId":"0173da","runId":"post-fix","timestamp":1783913472048,"hypothesisId":"L2","location":"dataplane_wan.c:reassemble_l2","message":"l2_reassemble_pending","data":{"pkt_id":334,"frag_idx":0,"nd":1465}}
{"sessionId":"0173da","runId":"post-fix","timestamp":1783913472048,"hypothesisId":"L2","location":"dataplane_wan.c:reassemble_l2","message":"l2_reassemble_pending","data":{"pkt_id":475,"frag_idx":0,"nd":1465}}
{"sessionId":"0173da","runId":"post-fix","timestamp":1783913472048,"hypothesisId":"L2","location":"dataplane_wan.c:reassemble_l2","message":"l2_reassemble_pending","data":{"pkt_id":172,"frag_idx":0,"nd":1465}}
{"sessionId":"0173da","runId":"post-fix","timestamp":1783913472048,"hypothesisId":"L2","location":"dataplane_wan.c:reassemble_l2","message":"l2_reassemble_pending","data":{"pkt_id":230,"frag_idx":0,"nd":1465}}
{"sessionId":"0173da","runId":"post-fix","timestamp":1783913472048,"hypothesisId":"L2","location":"dataplane_wan.c:reassemble_l2","message":"l2_reassemble_pending","data":{"pkt_id":118,"frag_idx":0,"nd":1465}}
{"sessionId":"0173da","runId":"post-fix","timestamp":1783913472048,"hypothesisId":"L2","location":"dataplane_wan.c:reassemble_l2","message":"l2_reassemble_pending","data":{"pkt_id":495,"frag_idx":0,"nd":1465}}
{"sessionId":"0173da","runId":"post-fix","timestamp":1783913472048,"hypothesisId":"L2","location":"dataplane_wan.c:reassemble_l2","message":"l2_reassemble_pending","data":{"pkt_id":335,"frag_idx":0,"nd":1465}}
{"sessionId":"0173da","runId":"post-fix","timestamp":1783913472048,"hypothesisId":"L2","location":"dataplane_wan.c:reassemble_l2","message":"l2_reassemble_pending","data":{"pkt_id":476,"frag_idx":0,"nd":1465}}
{"sessionId":"0173da","runId":"post-fix","timestamp":1783913472048,"hypothesisId":"L2","location":"dataplane_wan.c:reassemble_l2","message":"l2_reassemble_pending","data":{"pkt_id":173,"frag_idx":0,"nd":1465}}
{"sessionId":"0173da","runId":"post-fix","timestamp":1783913472048,"hypothesisId":"L2","location":"dataplane_wan.c:reassemble_l2","message":"l2_reassemble_pending","data":{"pkt_id":295,"frag_idx":0,"nd":1465}}
{"sessionId":"0173da","runId":"post-fix","timestamp":1783913472048,"hypothesisId":"L2","location":"dataplane_wan.c:reassemble_l2","message":"l2_reassemble_pending","data":{"pkt_id":498,"frag_idx":0,"nd":1465}}
{"sessionId":"0173da","runId":"post-fix","timestamp":1783913472048,"hypothesisId":"L2","location":"dataplane_wan.c:reassemble_l2","message":"l2_reassemble_pending","data":{"pkt_id":336,"frag_idx":0,"nd":1465}}
{"sessionId":"0173da","runId":"post-fix","timestamp":1783913472048,"hypothesisId":"L2","location":"dataplane_wan.c:reassemble_l2","message":"l2_reassemble_pending","data":{"pkt_id":478,"frag_idx":0,"nd":1465}}
{"sessionId":"0173da","runId":"post-fix","timestamp":1783913472048,"hypothesisId":"L2","location":"dataplane_wan.c:reassemble_l2","message":"l2_reassemble_pending","data":{"pkt_id":174,"frag_idx":0,"nd":1465}}
{"sessionId":"0173da","runId":"post-fix","timestamp":1783913472048,"hypothesisId":"L2","location":"dataplane_wan.c:reassemble_l2","message":"l2_reassemble_pending","data":{"pkt_id":300,"frag_idx":0,"nd":1465}}
{"sessionId":"0173da","runId":"post-fix","timestamp":1783913472048,"hypothesisId":"L2","location":"dataplane_wan.c:reassemble_l2","message":"l2_reassemble_pending","data":{"pkt_id":506,"frag_idx":0,"nd":1465}}
{"sessionId":"0173da","runId":"post-fix","timestamp":1783913472048,"hypothesisId":"L2","location":"dataplane_wan.c:reassemble_l2","message":"l2_reassemble_pending","data":{"pkt_id":338,"frag_idx":0,"nd":1465}}
{"sessionId":"0173da","runId":"post-fix","timestamp":1783913472048,"hypothesisId":"L2","location":"dataplane_wan.c:reassemble_l2","message":"l2_reassemble_pending","data":{"pkt_id":120,"frag_idx":0,"nd":1465}}
{"sessionId":"0173da","runId":"post-fix","timestamp":1783913472048,"hypothesisId":"L2","location":"dataplane_wan.c:reassemble_l2","message":"l2_reassemble_pending","data":{"pkt_id":175,"frag_idx":0,"nd":1465}}
{"sessionId":"0173da","runId":"post-fix","timestamp":1783913472048,"hypothesisId":"L2","location":"dataplane_wan.c:reassemble_l2","message":"l2_reassemble_pending","data":{"pkt_id":480,"frag_idx":0,"nd":1465}}
{"sessionId":"0173da","runId":"post-fix","timestamp":1783913472048,"hypothesisId":"L2","location":"dataplane_wan.c:reassemble_l2","message":"l2_reassemble_pending","data":{"pkt_id":324,"frag_idx":0,"nd":1465}}
{"sessionId":"0173da","runId":"post-fix","timestamp":1783913472048,"hypothesisId":"L2","location":"dataplane_wan.c:reassemble_l2","message":"l2_reassemble_pending","data":{"pkt_id":176,"frag_idx":0,"nd":1465}}
{"sessionId":"0173da","runId":"post-fix","timestamp":1783913472048,"hypothesisId":"L2","location":"dataplane_wan.c:reassemble_l2","message":"l2_reassemble_pending","data":{"pkt_id":481,"frag_idx":0,"nd":1465}}
{"sessionId":"0173da","runId":"post-fix","timestamp":1783913472048,"hypothesisId":"L2","location":"dataplane_wan.c:reassemble_l2","message":"l2_reassemble_pending","data":{"pkt_id":511,"frag_idx":0,"nd":1465}}
{"sessionId":"0173da","runId":"post-fix","timestamp":1783913472048,"hypothesisId":"L2","location":"dataplane_wan.c:reassemble_l2","message":"l2_reassemble_pending","data":{"pkt_id":150,"frag_idx":0,"nd":1465}}
{"sessionId":"0173da","runId":"post-fix","timestamp":1783913472048,"hypothesisId":"L2","location":"dataplane_wan.c:reassemble_l2","message":"l2_reassemble_pending","data":{"pkt_id":326,"frag_idx":0,"nd":1465}}
{"sessionId":"0173da","runId":"post-fix","timestamp":1783913472048,"hypothesisId":"L2","location":"dataplane_wan.c:reassemble_l2","message":"l2_reassemble_pending","data":{"pkt_id":340,"frag_idx":0,"nd":1465}}
{"sessionId":"0173da","runId":"post-fix","timestamp":1783913472048,"hypothesisId":"L2","location":"dataplane_wan.c:reassemble_l2","message":"l2_reassemble_pending","data":{"pkt_id":177,"frag_idx":0,"nd":1465}}
{"sessionId":"0173da","runId":"post-fix","timestamp":1783913472048,"hypothesisId":"L2","location":"dataplane_wan.c:reassemble_l2","message":"l2_reassemble_pending","data":{"pkt_id":483,"frag_idx":0,"nd":1465}}
{"sessionId":"0173da","runId":"post-fix","timestamp":1783913472048,"hypothesisId":"L2","location":"dataplane_wan.c:reassemble_l2","message":"l2_reassemble_pending","data":{"pkt_id":532,"frag_idx":0,"nd":1465}}
{"sessionId":"0173da","runId":"post-fix","timestamp":1783913472048,"hypothesisId":"L2","location":"dataplane_wan.c:reassemble_l2","message":"l2_reassemble_pending","data":{"pkt_id":331,"frag_idx":0,"nd":1465}}
{"sessionId":"0173da","runId":"post-fix","timestamp":1783913472048,"hypothesisId":"L2","location":"dataplane_wan.c:reassemble_l2","message":"l2_reassemble_pending","data":{"pkt_id":346,"frag_idx":0,"nd":1465}}
{"sessionId":"0173da","runId":"post-fix","timestamp":1783913472048,"hypothesisId":"L2","location":"dataplane_wan.c:reassemble_l2","message":"l2_reassemble_pending","data":{"pkt_id":178,"frag_idx":0,"nd":1465}}
{"sessionId":"0173da","runId":"post-fix","timestamp":1783913472048,"hypothesisId":"L2","location":"dataplane_wan.c:reassemble_l2","message":"l2_reassemble_pending","data":{"pkt_id":486,"frag_idx":0,"nd":1465}}
{"sessionId":"0173da","runId":"post-fix","timestamp":1783913472048,"hypothesisId":"L2","location":"dataplane_wan.c:reassemble_l2","message":"l2_reassemble_pending","data":{"pkt_id":533,"frag_idx":0,"nd":1465}}
{"sessionId":"0173da","runId":"post-fix","timestamp":1783913472048,"hypothesisId":"L2","location":"dataplane_wan.c:reassemble_l2","message":"l2_reassemble_pending","data":{"pkt_id":342,"frag_idx":0,"nd":1465}}
{"sessionId":"0173da","runId":"post-fix","timestamp":1783913472048,"hypothesisId":"L2","location":"dataplane_wan.c:reassemble_l2","message":"l2_reassemble_pending","data":{"pkt_id":152,"frag_idx":0,"nd":1465}}
{"sessionId":"0173da","runId":"post-fix","timestamp":1783913472048,"hypothesisId":"L2","location":"dataplane_wan.c:reassemble_l2","message":"l2_reassemble_pending","data":{"pkt_id":333,"frag_idx":0,"nd":1465}}
{"sessionId":"0173da","runId":"post-fix","timestamp":1783913472048,"hypothesisId":"L2","location":"dataplane_wan.c:reassemble_l2","message":"l2_reassemble_pending","data":{"pkt_id":179,"frag_idx":0,"nd":1465}}
{"sessionId":"0173da","runId":"post-fix","timestamp":1783913472048,"hypothesisId":"L2","location":"dataplane_wan.c:reassemble_l2","message":"l2_reassemble_pending","data":{"pkt_id":535,"frag_idx":0,"nd":1465}}
{"sessionId":"0173da","runId":"post-fix","timestamp":1783913472048,"hypothesisId":"L2","location":"dataplane_wan.c:reassemble_l2","message":"l2_reassemble_pending","data":{"pkt_id":488,"frag_idx":0,"nd":1465}}
{"sessionId":"0173da","runId":"post-fix","timestamp":1783913472048,"hypothesisId":"L2","location":"dataplane_wan.c:reassemble_l2","message":"l2_reassemble_pending","data":{"pkt_id":343,"frag_idx":0,"nd":1465}}
{"sessionId":"0173da","runId":"post-fix","timestamp":1783913472048,"hypothesisId":"L2","location":"dataplane_wan.c:reassemble_l2","message":"l2_reassemble_pending","data":{"pkt_id":337,"frag_idx":0,"nd":1465}}
{"sessionId":"0173da","runId":"post-fix","timestamp":1783913472048,"hypothesisId":"L2","location":"dataplane_wan.c:reassemble_l2","message":"l2_reassemble_pending","data":{"pkt_id":155,"frag_idx":0,"nd":1465}}
{"sessionId":"0173da","runId":"post-fix","timestamp":1783913472048,"hypothesisId":"L2","location":"dataplane_wan.c:reassemble_l2","message":"l2_reassemble_pending","data":{"pkt_id":539,"frag_idx":0,"nd":1465}}
{"sessionId":"0173da","runId":"post-fix","timestamp":1783913472048,"hypothesisId":"L2","location":"dataplane_wan.c:reassemble_l2","message":"l2_reassemble_pending","data":{"pkt_id":492,"frag_idx":0,"nd":1465}}
{"sessionId":"0173da","runId":"post-fix","timestamp":1783913472048,"hypothesisId":"L2","location":"dataplane_wan.c:reassemble_l2","message":"l2_reassemble_pending","data":{"pkt_id":180,"frag_idx":0,"nd":1465}}
{"sessionId":"0173da","runId":"post-fix","timestamp":1783913472049,"hypothesisId":"L2","location":"dataplane_wan.c:reassemble_l2","message":"l2_reassemble_pending","data":{"pkt_id":344,"frag_idx":0,"nd":1465}}
{"sessionId":"0173da","runId":"post-fix","timestamp":1783913472049,"hypothesisId":"L2","location":"dataplane_wan.c:reassemble_l2","message":"l2_reassemble_pending","data":{"pkt_id":339,"frag_idx":0,"nd":1465}}
{"sessionId":"0173da","runId":"post-fix","timestamp":1783913472049,"hypothesisId":"L2","location":"dataplane_wan.c:reassemble_l2","message":"l2_reassemble_pending","data":{"pkt_id":496,"frag_idx":0,"nd":1465}}
{"sessionId":"0173da","runId":"post-fix","timestamp":1783913472049,"hypothesisId":"L2","location":"dataplane_wan.c:reassemble_l2","message":"l2_reassemble_pending","data":{"pkt_id":537,"frag_idx":0,"nd":1465}}
{"sessionId":"0173da","runId":"post-fix","timestamp":1783913472049,"hypothesisId":"L2","location":"dataplane_wan.c:reassemble_l2","message":"l2_reassemble_pending","data":{"pkt_id":158,"frag_idx":0,"nd":1465}}
{"sessionId":"0173da","runId":"post-fix","timestamp":1783913472049,"hypothesisId":"L2","location":"dataplane_wan.c:reassemble_l2","message":"l2_reassemble_pending","data":{"pkt_id":345,"frag_idx":0,"nd":1465}}
{"sessionId":"0173da","runId":"post-fix","timestamp":1783913472049,"hypothesisId":"L2","location":"dataplane_wan.c:reassemble_l2","message":"l2_reassemble_pending","data":{"pkt_id":181,"frag_idx":0,"nd":1465}}
{"sessionId":"0173da","runId":"post-fix","timestamp":1783913472049,"hypothesisId":"L2","location":"dataplane_wan.c:reassemble_l2","message":"l2_reassemble_pending","data":{"pkt_id":341,"frag_idx":0,"nd":1465}}
{"sessionId":"0173da","runId":"post-fix","timestamp":1783913472049,"hypothesisId":"L2","location":"dataplane_wan.c:reassemble_l2","message":"l2_reassemble_pending","data":{"pkt_id":589,"frag_idx":0,"nd":1465}}
{"sessionId":"0173da","runId":"post-fix","timestamp":1783913472049,"hypothesisId":"L2","location":"dataplane_wan.c:reassemble_l2","message":"l2_reassemble_pending","data":{"pkt_id":183,"frag_idx":0,"nd":1465}}
{"sessionId":"0173da","runId":"post-fix","timestamp":1783913472049,"hypothesisId":"L2","location":"dataplane_wan.c:reassemble_l2","message":"l2_reassemble_pending","data":{"pkt_id":499,"frag_idx":0,"nd":1465}}
{"sessionId":"0173da","runId":"post-fix","timestamp":1783913472049,"hypothesisId":"L2","location":"dataplane_wan.c:reassemble_l2","message":"l2_reassemble_pending","data":{"pkt_id":419,"frag_idx":0,"nd":1465}}
{"sessionId":"0173da","runId":"post-fix","timestamp":1783913472049,"hypothesisId":"L2","location":"dataplane_wan.c:reassemble_l2","message":"l2_reassemble_pending","data":{"pkt_id":347,"frag_idx":0,"nd":1465}}
{"sessionId":"0173da","runId":"post-fix","timestamp":1783913472049,"hypothesisId":"L2","location":"dataplane_wan.c:reassemble_l2","message":"l2_reassemble_pending","data":{"pkt_id":160,"frag_idx":0,"nd":1465}}
{"sessionId":"0173da","runId":"post-fix","timestamp":1783913472049,"hypothesisId":"L2","location":"dataplane_wan.c:reassemble_l2","message":"l2_reassemble_pending","data":{"pkt_id":594,"frag_idx":0,"nd":1465}}
{"sessionId":"0173da","runId":"post-fix","timestamp":1783913472049,"hypothesisId":"L2","location":"dataplane_wan.c:reassemble_l2","message":"l2_reassemble_pending","data":{"pkt_id":185,"frag_idx":0,"nd":1465}}
{"sessionId":"0173da","runId":"post-fix","timestamp":1783913472049,"hypothesisId":"L2","location":"dataplane_wan.c:reassemble_l2","message":"l2_reassemble_pending","data":{"pkt_id":502,"frag_idx":0,"nd":1465}}
{"sessionId":"0173da","runId":"post-fix","timestamp":1783913472049,"hypothesisId":"L2","location":"dataplane_wan.c:reassemble_l2","message":"l2_reassemble_pending","data":{"pkt_id":424,"frag_idx":0,"nd":1465}}
{"sessionId":"0173da","runId":"post-fix","timestamp":1783913472049,"hypothesisId":"L2","location":"dataplane_wan.c:reassemble_l2","message":"l2_reassemble_pending","data":{"pkt_id":348,"frag_idx":0,"nd":1465}}
{"sessionId":"0173da","runId":"post-fix","timestamp":1783913472049,"hypothesisId":"L2","location":"dataplane_wan.c:reassemble_l2","message":"l2_reassemble_pending","data":{"pkt_id":600,"frag_idx":0,"nd":1465}}
{"sessionId":"0173da","runId":"post-fix","timestamp":1783913472049,"hypothesisId":"L2","location":"dataplane_wan.c:reassemble_l2","message":"l2_reassemble_pending","data":{"pkt_id":187,"frag_idx":0,"nd":1465}}
{"sessionId":"0173da","runId":"post-fix","timestamp":1783913472049,"hypothesisId":"L2","location":"dataplane_wan.c:reassemble_l2","message":"l2_reassemble_pending","data":{"pkt_id":162,"frag_idx":0,"nd":1465}}
{"sessionId":"0173da","runId":"post-fix","timestamp":1783913472049,"hypothesisId":"L2","location":"dataplane_wan.c:reassemble_l2","message":"l2_reassemble_pending","data":{"pkt_id":505,"frag_idx":0,"nd":1465}}
{"sessionId":"0173da","runId":"post-fix","timestamp":1783913472049,"hypothesisId":"L2","location":"dataplane_wan.c:reassemble_l2","message":"l2_reassemble_pending","data":{"pkt_id":351,"frag_idx":0,"nd":1465}}
{"sessionId":"0173da","runId":"post-fix","timestamp":1783913472049,"hypothesisId":"L2","location":"dataplane_wan.c:reassemble_l2","message":"l2_reassemble_pending","data":{"pkt_id":630,"frag_idx":0,"nd":1465}}
{"sessionId":"0173da","runId":"post-fix","timestamp":1783913472049,"hypothesisId":"L2","location":"dataplane_wan.c:reassemble_l2","message":"l2_reassemble_pending","data":{"pkt_id":189,"frag_idx":0,"nd":1465}}
{"sessionId":"0173da","runId":"post-fix","timestamp":1783913472049,"hypothesisId":"L2","location":"dataplane_wan.c:reassemble_l2","message":"l2_reassemble_pending","data":{"pkt_id":427,"frag_idx":0,"nd":1465}}
{"sessionId":"0173da","runId":"post-fix","timestamp":1783913472049,"hypothesisId":"L2","location":"dataplane_wan.c:reassemble_l2","message":"l2_reassemble_pending","data":{"pkt_id":635,"frag_idx":0,"nd":1465}}
{"sessionId":"0173da","runId":"post-fix","timestamp":1783913472049,"hypothesisId":"L2","location":"dataplane_wan.c:reassemble_l2","message":"l2_reassemble_pending","data":{"pkt_id":353,"frag_idx":0,"nd":1465}}
{"sessionId":"0173da","runId":"post-fix","timestamp":1783913472049,"hypothesisId":"L2","location":"dataplane_wan.c:reassemble_l2","message":"l2_reassemble_pending","data":{"pkt_id":191,"frag_idx":0,"nd":1465}}
{"sessionId":"0173da","runId":"post-fix","timestamp":1783913472049,"hypothesisId":"L2","location":"dataplane_wan.c:reassemble_l2","message":"l2_reassemble_pending","data":{"pkt_id":439,"frag_idx":0,"nd":1465}}
{"sessionId":"0173da","runId":"post-fix","timestamp":1783913472049,"hypothesisId":"L2","location":"dataplane_wan.c:reassemble_l2","message":"l2_reassemble_pending","data":{"pkt_id":164,"frag_idx":0,"nd":1465}}
{"sessionId":"0173da","runId":"post-fix","timestamp":1783913472049,"hypothesisId":"L2","location":"dataplane_wan.c:reassemble_l2","message":"l2_reassemble_pending","data":{"pkt_id":513,"frag_idx":0,"nd":1465}}
{"sessionId":"0173da","runId":"post-fix","timestamp":1783913472049,"hypothesisId":"L2","location":"dataplane_wan.c:reassemble_l2","message":"l2_reassemble_pending","data":{"pkt_id":605,"frag_idx":0,"nd":1465}}
{"sessionId":"0173da","runId":"post-fix","timestamp":1783913472049,"hypothesisId":"L2","location":"dataplane_wan.c:reassemble_l2","message":"l2_reassemble_pending","data":{"pkt_id":193,"frag_idx":0,"nd":1465}}
{"sessionId":"0173da","runId":"post-fix","timestamp":1783913472049,"hypothesisId":"L2","location":"dataplane_wan.c:reassemble_l2","message":"l2_reassemble_pending","data":{"pkt_id":445,"frag_idx":0,"nd":1465}}
{"sessionId":"0173da","runId":"post-fix","timestamp":1783913472049,"hypothesisId":"L2","location":"dataplane_wan.c:reassemble_l2","message":"l2_reassemble_pending","data":{"pkt_id":355,"frag_idx":0,"nd":1465}}
{"sessionId":"0173da","runId":"post-fix","timestamp":1783913472049,"hypothesisId":"L2","location":"dataplane_wan.c:reassemble_l2","message":"l2_reassemble_pending","data":{"pkt_id":515,"frag_idx":0,"nd":1465}}
{"sessionId":"0173da","runId":"post-fix","timestamp":1783913472049,"hypothesisId":"L2","location":"dataplane_wan.c:reassemble_l2","message":"l2_reassemble_pending","data":{"pkt_id":639,"frag_idx":0,"nd":1465}}
{"sessionId":"0173da","runId":"post-fix","timestamp":1783913472049,"hypothesisId":"L2","location":"dataplane_wan.c:reassemble_l2","message":"l2_reassemble_pending","data":{"pkt_id":214,"frag_idx":0,"nd":1465}}
{"sessionId":"0173da","runId":"post-fix","timestamp":1783913472049,"hypothesisId":"L2","location":"dataplane_wan.c:reassemble_l2","message":"l2_reassemble_pending","data":{"pkt_id":195,"frag_idx":0,"nd":1465}}
{"sessionId":"0173da","runId":"post-fix","timestamp":1783913472049,"hypothesisId":"L2","location":"dataplane_wan.c:reassemble_l2","message":"l2_reassemble_pending","data":{"pkt_id":448,"frag_idx":0,"nd":1465}}
{"sessionId":"0173da","runId":"post-fix","timestamp":1783913472049,"hypothesisId":"L2","location":"dataplane_wan.c:reassemble_l2","message":"l2_reassemble_pending","data":{"pkt_id":611,"frag_idx":0,"nd":1465}}
{"sessionId":"0173da","runId":"post-fix","timestamp":1783913472049,"hypothesisId":"L2","location":"dataplane_wan.c:reassemble_l2","message":"l2_reassemble_pending","data":{"pkt_id":360,"frag_idx":0,"nd":1465}}
{"sessionId":"0173da","runId":"post-fix","timestamp":1783913472049,"hypothesisId":"L2","location":"dataplane_wan.c:reassemble_l2","message":"l2_reassemble_pending","data":{"pkt_id":516,"frag_idx":0,"nd":1465}}
{"sessionId":"0173da","runId":"post-fix","timestamp":1783913472049,"hypothesisId":"L2","location":"dataplane_wan.c:reassemble_l2","message":"l2_reassemble_pending","data":{"pkt_id":203,"frag_idx":0,"nd":1465}}
{"sessionId":"0173da","runId":"post-fix","timestamp":1783913472049,"hypothesisId":"L2","location":"dataplane_wan.c:reassemble_l2","message":"l2_reassemble_pending","data":{"pkt_id":452,"frag_idx":0,"nd":1465}}
{"sessionId":"0173da","runId":"post-fix","timestamp":1783913472049,"hypothesisId":"L2","location":"dataplane_wan.c:reassemble_l2","message":"l2_reassemble_pending","data":{"pkt_id":218,"frag_idx":0,"nd":1465}}
{"sessionId":"0173da","runId":"post-fix","timestamp":1783913472049,"hypothesisId":"L2","location":"dataplane_wan.c:reassemble_l2","message":"l2_reassemble_pending","data":{"pkt_id":517,"frag_idx":0,"nd":1465}}
{"sessionId":"0173da","runId":"post-fix","timestamp":1783913472049,"hypothesisId":"L2","location":"dataplane_wan.c:reassemble_l2","message":"l2_reassemble_pending","data":{"pkt_id":642,"frag_idx":0,"nd":1465}}
{"sessionId":"0173da","runId":"post-fix","timestamp":1783913472049,"hypothesisId":"L2","location":"dataplane_wan.c:reassemble_l2","message":"l2_reassemble_pending","data":{"pkt_id":197,"frag_idx":0,"nd":1465}}
{"sessionId":"0173da","runId":"post-fix","timestamp":1783913472049,"hypothesisId":"L2","location":"dataplane_wan.c:reassemble_l2","message":"l2_reassemble_pending","data":{"pkt_id":362,"frag_idx":0,"nd":1465}}
{"sessionId":"0173da","runId":"post-fix","timestamp":1783913472049,"hypothesisId":"L2","location":"dataplane_wan.c:reassemble_l2","message":"l2_reassemble_pending","data":{"pkt_id":455,"frag_idx":0,"nd":1465}}
{"sessionId":"0173da","runId":"post-fix","timestamp":1783913472049,"hypothesisId":"L2","location":"dataplane_wan.c:reassemble_l2","message":"l2_reassemble_pending","data":{"pkt_id":520,"frag_idx":0,"nd":1465}}
{"sessionId":"0173da","runId":"post-fix","timestamp":1783913472049,"hypothesisId":"L2","location":"dataplane_wan.c:reassemble_l2","message":"l2_reassemble_pending","data":{"pkt_id":616,"frag_idx":0,"nd":1465}}
{"sessionId":"0173da","runId":"post-fix","timestamp":1783913472049,"hypothesisId":"L2","location":"dataplane_wan.c:reassemble_l2","message":"l2_reassemble_pending","data":{"pkt_id":199,"frag_idx":0,"nd":1465}}
{"sessionId":"0173da","runId":"post-fix","timestamp":1783913472049,"hypothesisId":"L2","location":"dataplane_wan.c:reassemble_l2","message":"l2_reassemble_pending","data":{"pkt_id":365,"frag_idx":0,"nd":1465}}
{"sessionId":"0173da","runId":"post-fix","timestamp":1783913472049,"hypothesisId":"L2","location":"dataplane_wan.c:reassemble_l2","message":"l2_reassemble_pending","data":{"pkt_id":459,"frag_idx":0,"nd":1465}}
{"sessionId":"0173da","runId":"post-fix","timestamp":1783913472049,"hypothesisId":"L2","location":"dataplane_wan.c:reassemble_l2","message":"l2_reassemble_pending","data":{"pkt_id":645,"frag_idx":0,"nd":1465}}
{"sessionId":"0173da","runId":"post-fix","timestamp":1783913472049,"hypothesisId":"L2","location":"dataplane_wan.c:reassemble_l2","message":"l2_reassemble_pending","data":{"pkt_id":221,"frag_idx":0,"nd":1465}}
{"sessionId":"0173da","runId":"post-fix","timestamp":1783913472049,"hypothesisId":"L2","location":"dataplane_wan.c:reassemble_l2","message":"l2_reassemble_pending","data":{"pkt_id":523,"frag_idx":0,"nd":1465}}
{"sessionId":"0173da","runId":"post-fix","timestamp":1783913472049,"hypothesisId":"L2","location":"dataplane_wan.c:reassemble_l2","message":"l2_reassemble_pending","data":{"pkt_id":368,"frag_idx":0,"nd":1465}}
{"sessionId":"0173da","runId":"post-fix","timestamp":1783913472049,"hypothesisId":"L2","location":"dataplane_wan.c:reassemble_l2","message":"l2_reassemble_pending","data":{"pkt_id":201,"frag_idx":0,"nd":1465}}
{"sessionId":"0173da","runId":"post-fix","timestamp":1783913472049,"hypothesisId":"L2","location":"dataplane_wan.c:reassemble_l2","message":"l2_reassemble_pending","data":{"pkt_id":466,"frag_idx":0,"nd":1465}}
{"sessionId":"0173da","runId":"post-fix","timestamp":1783913472049,"hypothesisId":"L2","location":"dataplane_wan.c:reassemble_l2","message":"l2_reassemble_pending","data":{"pkt_id":224,"frag_idx":0,"nd":1465}}
{"sessionId":"0173da","runId":"post-fix","timestamp":1783913472049,"hypothesisId":"L2","location":"dataplane_wan.c:reassemble_l2","message":"l2_reassemble_pending","data":{"pkt_id":525,"frag_idx":0,"nd":1465}}
{"sessionId":"0173da","runId":"post-fix","timestamp":1783913472049,"hypothesisId":"L2","location":"dataplane_wan.c:reassemble_l2","message":"l2_reassemble_pending","data":{"pkt_id":626,"frag_idx":0,"nd":1465}}
{"sessionId":"0173da","runId":"post-fix","timestamp":1783913472049,"hypothesisId":"L2","location":"dataplane_wan.c:reassemble_l2","message":"l2_reassemble_pending","data":{"pkt_id":202,"frag_idx":0,"nd":1465}}
{"sessionId":"0173da","runId":"post-fix","timestamp":1783913472049,"hypothesisId":"L2","location":"dataplane_wan.c:reassemble_l2","message":"l2_reassemble_pending","data":{"pkt_id":370,"frag_idx":0,"nd":1465}}
{"sessionId":"0173da","runId":"post-fix","timestamp":1783913472049,"hypothesisId":"L2","location":"dataplane_wan.c:reassemble_l2","message":"l2_reassemble_pending","data":{"pkt_id":482,"frag_idx":0,"nd":1465}}
{"sessionId":"0173da","runId":"post-fix","timestamp":1783913472049,"hypothesisId":"L2","location":"dataplane_wan.c:reassemble_l2","message":"l2_reassemble_pending","data":{"pkt_id":628,"frag_idx":0,"nd":1465}}
{"sessionId":"0173da","runId":"post-fix","timestamp":1783913472049,"hypothesisId":"L2","location":"dataplane_wan.c:reassemble_l2","message":"l2_reassemble_pending","data":{"pkt_id":527,"frag_idx":0,"nd":1465}}
{"sessionId":"0173da","runId":"post-fix","timestamp":1783913472049,"hypothesisId":"L2","location":"dataplane_wan.c:reassemble_l2","message":"l2_reassemble_pending","data":{"pkt_id":204,"frag_idx":0,"nd":1465}}
{"sessionId":"0173da","runId":"post-fix","timestamp":1783913472049,"hypothesisId":"L2","location":"dataplane_wan.c:reassemble_l2","message":"l2_reassemble_pending","data":{"pkt_id":372,"frag_idx":0,"nd":1465}}
{"sessionId":"0173da","runId":"post-fix","timestamp":1783913472049,"hypothesisId":"L2","location":"dataplane_wan.c:reassemble_l2","message":"l2_reassemble_pending","data":{"pkt_id":487,"frag_idx":0,"nd":1465}}
{"sessionId":"0173da","runId":"post-fix","timestamp":1783913472049,"hypothesisId":"L2","location":"dataplane_wan.c:reassemble_l2","message":"l2_reassemble_pending","data":{"pkt_id":643,"frag_idx":0,"nd":1465}}
{"sessionId":"0173da","runId":"post-fix","timestamp":1783913472049,"hypothesisId":"L2","location":"dataplane_wan.c:reassemble_l2","message":"l2_reassemble_pending","data":{"pkt_id":228,"frag_idx":0,"nd":1465}}
{"sessionId":"0173da","runId":"post-fix","timestamp":1783913472049,"hypothesisId":"L2","location":"dataplane_wan.c:reassemble_l2","message":"l2_reassemble_pending","data":{"pkt_id":529,"frag_idx":0,"nd":1465}}
{"sessionId":"0173da","runId":"post-fix","timestamp":1783913472049,"hypothesisId":"L2","location":"dataplane_wan.c:reassemble_l2","message":"l2_reassemble_pending","data":{"pkt_id":205,"frag_idx":0,"nd":1465}}
{"sessionId":"0173da","runId":"post-fix","timestamp":1783913472049,"hypothesisId":"L2","location":"dataplane_wan.c:reassemble_l2","message":"l2_reassemble_pending","data":{"pkt_id":374,"frag_idx":0,"nd":1465}}
{"sessionId":"0173da","runId":"post-fix","timestamp":1783913472049,"hypothesisId":"L2","location":"dataplane_wan.c:reassemble_l2","message":"l2_reassemble_pending","data":{"pkt_id":489,"frag_idx":0,"nd":1465}}
{"sessionId":"0173da","runId":"post-fix","timestamp":1783913472049,"hypothesisId":"L2","location":"dataplane_wan.c:reassemble_l2","message":"l2_reassemble_pending","data":{"pkt_id":646,"frag_idx":0,"nd":1465}}
{"sessionId":"0173da","runId":"post-fix","timestamp":1783913472049,"hypothesisId":"L2","location":"dataplane_wan.c:reassemble_l2","message":"l2_reassemble_pending","data":{"pkt_id":231,"frag_idx":0,"nd":1465}}
{"sessionId":"0173da","runId":"post-fix","timestamp":1783913472049,"hypothesisId":"L2","location":"dataplane_wan.c:reassemble_l2","message":"l2_reassemble_pending","data":{"pkt_id":376,"frag_idx":0,"nd":1465}}
{"sessionId":"0173da","runId":"post-fix","timestamp":1783913472049,"hypothesisId":"L2","location":"dataplane_wan.c:reassemble_l2","message":"l2_reassemble_pending","data":{"pkt_id":207,"frag_idx":0,"nd":1465}}
{"sessionId":"0173da","runId":"post-fix","timestamp":1783913472049,"hypothesisId":"L2","location":"dataplane_wan.c:reassemble_l2","message":"l2_reassemble_pending","data":{"pkt_id":531,"frag_idx":0,"nd":1465}}
{"sessionId":"0173da","runId":"post-fix","timestamp":1783913472049,"hypothesisId":"L2","location":"dataplane_wan.c:reassemble_l2","message":"l2_reassemble_pending","data":{"pkt_id":494,"frag_idx":0,"nd":1465}}
{"sessionId":"0173da","runId":"post-fix","timestamp":1783913472049,"hypothesisId":"L2","location":"dataplane_wan.c:reassemble_l2","message":"l2_reassemble_pending","data":{"pkt_id":650,"frag_idx":0,"nd":1465}}
{"sessionId":"0173da","runId":"post-fix","timestamp":1783913472049,"hypothesisId":"L2","location":"dataplane_wan.c:reassemble_l2","message":"l2_reassemble_pending","data":{"pkt_id":234,"frag_idx":0,"nd":1465}}
{"sessionId":"0173da","runId":"post-fix","timestamp":1783913472049,"hypothesisId":"L2","location":"dataplane_wan.c:reassemble_l2","message":"l2_reassemble_pending","data":{"pkt_id":208,"frag_idx":0,"nd":1465}}
{"sessionId":"0173da","runId":"post-fix","timestamp":1783913472049,"hypothesisId":"L2","location":"dataplane_wan.c:reassemble_l2","message":"l2_reassemble_pending","data":{"pkt_id":541,"frag_idx":0,"nd":1465}}
{"sessionId":"0173da","runId":"post-fix","timestamp":1783913472049,"hypothesisId":"L2","location":"dataplane_wan.c:reassemble_l2","message":"l2_reassemble_pending","data":{"pkt_id":378,"frag_idx":0,"nd":1465}}
{"sessionId":"0173da","runId":"post-fix","timestamp":1783913472049,"hypothesisId":"L2","location":"dataplane_wan.c:reassemble_l2","message":"l2_reassemble_pending","data":{"pkt_id":500,"frag_idx":0,"nd":1465}}
{"sessionId":"0173da","runId":"post-fix","timestamp":1783913472049,"hypothesisId":"L2","location":"dataplane_wan.c:reassemble_l2","message":"l2_reassemble_pending","data":{"pkt_id":654,"frag_idx":0,"nd":1465}}
{"sessionId":"0173da","runId":"post-fix","timestamp":1783913472049,"hypothesisId":"L2","location":"dataplane_wan.c:reassemble_l2","message":"l2_reassemble_pending","data":{"pkt_id":210,"frag_idx":0,"nd":1465}}
{"sessionId":"0173da","runId":"post-fix","timestamp":1783913472050,"hypothesisId":"L2","location":"dataplane_wan.c:reassemble_l2","message":"l2_reassemble_pending","data":{"pkt_id":393,"frag_idx":0,"nd":1465}}
{"sessionId":"0173da","runId":"post-fix","timestamp":1783913472049,"hypothesisId":"L2","location":"dataplane_wan.c:reassemble_l2","message":"l2_reassemble_pending","data":{"pkt_id":545,"frag_idx":0,"nd":1465}}
{"sessionId":"0173da","runId":"post-fix","timestamp":1783913472050,"hypothesisId":"L2","location":"dataplane_wan.c:reassemble_l2","message":"l2_reassemble_pending","data":{"pkt_id":504,"frag_idx":0,"nd":1465}}
{"sessionId":"0173da","runId":"post-fix","timestamp":1783913472050,"hypothesisId":"L2","location":"dataplane_wan.c:reassemble_l2","message":"l2_reassemble_pending","data":{"pkt_id":661,"frag_idx":0,"nd":1465}}
{"sessionId":"0173da","runId":"post-fix","timestamp":1783913472050,"hypothesisId":"L2","location":"dataplane_wan.c:reassemble_l2","message":"l2_reassemble_pending","data":{"pkt_id":236,"frag_idx":0,"nd":1465}}
{"sessionId":"0173da","runId":"post-fix","timestamp":1783913472050,"hypothesisId":"L2","location":"dataplane_wan.c:reassemble_l2","message":"l2_reassemble_pending","data":{"pkt_id":397,"frag_idx":0,"nd":1465}}
{"sessionId":"0173da","runId":"post-fix","timestamp":1783913472050,"hypothesisId":"L2","location":"dataplane_wan.c:reassemble_l2","message":"l2_reassemble_pending","data":{"pkt_id":212,"frag_idx":0,"nd":1465}}
{"sessionId":"0173da","runId":"post-fix","timestamp":1783913472050,"hypothesisId":"L2","location":"dataplane_wan.c:reassemble_l2","message":"l2_reassemble_pending","data":{"pkt_id":514,"frag_idx":0,"nd":1465}}
{"sessionId":"0173da","runId":"post-fix","timestamp":1783913472050,"hypothesisId":"L2","location":"dataplane_wan.c:reassemble_l2","message":"l2_reassemble_pending","data":{"pkt_id":686,"frag_idx":0,"nd":1465}}
{"sessionId":"0173da","runId":"post-fix","timestamp":1783913472050,"hypothesisId":"L2","location":"dataplane_wan.c:reassemble_l2","message":"l2_reassemble_pending","data":{"pkt_id":548,"frag_idx":0,"nd":1465}}
{"sessionId":"0173da","runId":"post-fix","timestamp":1783913472050,"hypothesisId":"L2","location":"dataplane_wan.c:reassemble_l2","message":"l2_reassemble_pending","data":{"pkt_id":241,"frag_idx":0,"nd":1465}}
{"sessionId":"0173da","runId":"post-fix","timestamp":1783913472050,"hypothesisId":"L2","location":"dataplane_wan.c:reassemble_l2","message":"l2_reassemble_pending","data":{"pkt_id":518,"frag_idx":0,"nd":1465}}
{"sessionId":"0173da","runId":"post-fix","timestamp":1783913472050,"hypothesisId":"L2","location":"dataplane_wan.c:reassemble_l2","message":"l2_reassemble_pending","data":{"pkt_id":216,"frag_idx":0,"nd":1465}}
{"sessionId":"0173da","runId":"post-fix","timestamp":1783913472050,"hypothesisId":"L2","location":"dataplane_wan.c:reassemble_l2","message":"l2_reassemble_pending","data":{"pkt_id":552,"frag_idx":0,"nd":1465}}
{"sessionId":"0173da","runId":"post-fix","timestamp":1783913472050,"hypothesisId":"L2","location":"dataplane_wan.c:reassemble_l2","message":"l2_reassemble_pending","data":{"pkt_id":693,"frag_idx":0,"nd":1465}}
{"sessionId":"0173da","runId":"post-fix","timestamp":1783913472050,"hypothesisId":"L2","location":"dataplane_wan.c:reassemble_l2","message":"l2_reassemble_pending","data":{"pkt_id":407,"frag_idx":0,"nd":1465}}
{"sessionId":"0173da","runId":"post-fix","timestamp":1783913472050,"hypothesisId":"L2","location":"dataplane_wan.c:reassemble_l2","message":"l2_reassemble_pending","data":{"pkt_id":243,"frag_idx":0,"nd":1465}}
{"sessionId":"0173da","runId":"post-fix","timestamp":1783913472050,"hypothesisId":"L2","location":"dataplane_wan.c:reassemble_l2","message":"l2_reassemble_pending","data":{"pkt_id":220,"frag_idx":0,"nd":1465}}
{"sessionId":"0173da","runId":"post-fix","timestamp":1783913472050,"hypothesisId":"L2","location":"dataplane_wan.c:reassemble_l2","message":"l2_reassemble_pending","data":{"pkt_id":696,"frag_idx":0,"nd":1465}}
{"sessionId":"0173da","runId":"post-fix","timestamp":1783913472050,"hypothesisId":"L2","location":"dataplane_wan.c:reassemble_l2","message":"l2_reassemble_pending","data":{"pkt_id":592,"frag_idx":0,"nd":1465}}
{"sessionId":"0173da","runId":"post-fix","timestamp":1783913472050,"hypothesisId":"L2","location":"dataplane_wan.c:reassemble_l2","message":"l2_reassemble_pending","data":{"pkt_id":521,"frag_idx":0,"nd":1465}}
{"sessionId":"0173da","runId":"post-fix","timestamp":1783913472050,"hypothesisId":"L2","location":"dataplane_wan.c:reassemble_l2","message":"l2_reassemble_pending","data":{"pkt_id":400,"frag_idx":0,"nd":1465}}
{"sessionId":"0173da","runId":"post-fix","timestamp":1783913472050,"hypothesisId":"L2","location":"dataplane_wan.c:reassemble_l2","message":"l2_reassemble_pending","data":{"pkt_id":248,"frag_idx":0,"nd":1465}}
{"sessionId":"0173da","runId":"post-fix","timestamp":1783913472050,"hypothesisId":"L2","location":"dataplane_wan.c:reassemble_l2","message":"l2_reassemble_pending","data":{"pkt_id":223,"frag_idx":0,"nd":1465}}
{"sessionId":"0173da","runId":"post-fix","timestamp":1783913472050,"hypothesisId":"L2","location":"dataplane_wan.c:reassemble_l2","message":"l2_reassemble_pending","data":{"pkt_id":699,"frag_idx":0,"nd":1465}}
{"sessionId":"0173da","runId":"post-fix","timestamp":1783913472050,"hypothesisId":"L2","location":"dataplane_wan.c:reassemble_l2","message":"l2_reassemble_pending","data":{"pkt_id":409,"frag_idx":0,"nd":1465}}
{"sessionId":"0173da","runId":"post-fix","timestamp":1783913472050,"hypothesisId":"L2","location":"dataplane_wan.c:reassemble_l2","message":"l2_reassemble_pending","data":{"pkt_id":524,"frag_idx":0,"nd":1465}}
{"sessionId":"0173da","runId":"post-fix","timestamp":1783913472050,"hypothesisId":"L2","location":"dataplane_wan.c:reassemble_l2","message":"l2_reassemble_pending","data":{"pkt_id":227,"frag_idx":0,"nd":1465}}
{"sessionId":"0173da","runId":"post-fix","timestamp":1783913472050,"hypothesisId":"L2","location":"dataplane_wan.c:reassemble_l2","message":"l2_reassemble_pending","data":{"pkt_id":599,"frag_idx":0,"nd":1465}}
{"sessionId":"0173da","runId":"post-fix","timestamp":1783913472050,"hypothesisId":"L2","location":"dataplane_wan.c:reassemble_l2","message":"l2_reassemble_pending","data":{"pkt_id":702,"frag_idx":0,"nd":1465}}
{"sessionId":"0173da","runId":"post-fix","timestamp":1783913472050,"hypothesisId":"L2","location":"dataplane_wan.c:reassemble_l2","message":"l2_reassemble_pending","data":{"pkt_id":251,"frag_idx":0,"nd":1465}}
{"sessionId":"0173da","runId":"post-fix","timestamp":1783913472050,"hypothesisId":"L2","location":"dataplane_wan.c:reassemble_l2","message":"l2_reassemble_pending","data":{"pkt_id":526,"frag_idx":0,"nd":1465}}
{"sessionId":"0173da","runId":"post-fix","timestamp":1783913472050,"hypothesisId":"L2","location":"dataplane_wan.c:reassemble_l2","message":"l2_reassemble_pending","data":{"pkt_id":403,"frag_idx":0,"nd":1465}}
{"sessionId":"0173da","runId":"post-fix","timestamp":1783913472050,"hypothesisId":"L2","location":"dataplane_wan.c:reassemble_l2","message":"l2_reassemble_pending","data":{"pkt_id":604,"frag_idx":0,"nd":1465}}
{"sessionId":"0173da","runId":"post-fix","timestamp":1783913472050,"hypothesisId":"L2","location":"dataplane_wan.c:reassemble_l2","message":"l2_reassemble_pending","data":{"pkt_id":706,"frag_idx":0,"nd":1465}}
{"sessionId":"0173da","runId":"post-fix","timestamp":1783913472050,"hypothesisId":"L2","location":"dataplane_wan.c:reassemble_l2","message":"l2_reassemble_pending","data":{"pkt_id":232,"frag_idx":0,"nd":1465}}
{"sessionId":"0173da","runId":"post-fix","timestamp":1783913472050,"hypothesisId":"L2","location":"dataplane_wan.c:reassemble_l2","message":"l2_reassemble_pending","data":{"pkt_id":252,"frag_idx":0,"nd":1465}}
{"sessionId":"0173da","runId":"post-fix","timestamp":1783913472050,"hypothesisId":"L2","location":"dataplane_wan.c:reassemble_l2","message":"l2_reassemble_pending","data":{"pkt_id":528,"frag_idx":0,"nd":1465}}
{"sessionId":"0173da","runId":"post-fix","timestamp":1783913472050,"hypothesisId":"L2","location":"dataplane_wan.c:reassemble_l2","message":"l2_reassemble_pending","data":{"pkt_id":608,"frag_idx":0,"nd":1465}}
{"sessionId":"0173da","runId":"post-fix","timestamp":1783913472050,"hypothesisId":"L2","location":"dataplane_wan.c:reassemble_l2","message":"l2_reassemble_pending","data":{"pkt_id":719,"frag_idx":0,"nd":1465}}
{"sessionId":"0173da","runId":"post-fix","timestamp":1783913472050,"hypothesisId":"L2","location":"dataplane_wan.c:reassemble_l2","message":"l2_reassemble_pending","data":{"pkt_id":411,"frag_idx":0,"nd":1465}}
{"sessionId":"0173da","runId":"post-fix","timestamp":1783913472050,"hypothesisId":"L2","location":"dataplane_wan.c:reassemble_l2","message":"l2_reassemble_pending","data":{"pkt_id":239,"frag_idx":0,"nd":1465}}
{"sessionId":"0173da","runId":"post-fix","timestamp":1783913472050,"hypothesisId":"L2","location":"dataplane_wan.c:reassemble_l2","message":"l2_reassemble_pending","data":{"pkt_id":254,"frag_idx":0,"nd":1465}}
{"sessionId":"0173da","runId":"post-fix","timestamp":1783913472050,"hypothesisId":"L2","location":"dataplane_wan.c:reassemble_l2","message":"l2_reassemble_pending","data":{"pkt_id":530,"frag_idx":0,"nd":1465}}
{"sessionId":"0173da","runId":"post-fix","timestamp":1783913472050,"hypothesisId":"L2","location":"dataplane_wan.c:reassemble_l2","message":"l2_reassemble_pending","data":{"pkt_id":414,"frag_idx":0,"nd":1465}}
{"sessionId":"0173da","runId":"post-fix","timestamp":1783913472050,"hypothesisId":"L2","location":"dataplane_wan.c:reassemble_l2","message":"l2_reassemble_pending","data":{"pkt_id":612,"frag_idx":0,"nd":1465}}
{"sessionId":"0173da","runId":"post-fix","timestamp":1783913472050,"hypothesisId":"L2","location":"dataplane_wan.c:reassemble_l2","message":"l2_reassemble_pending","data":{"pkt_id":242,"frag_idx":0,"nd":1465}}
{"sessionId":"0173da","runId":"post-fix","timestamp":1783913472050,"hypothesisId":"L2","location":"dataplane_wan.c:reassemble_l2","message":"l2_reassemble_pending","data":{"pkt_id":721,"frag_idx":0,"nd":1465}}
{"sessionId":"0173da","runId":"post-fix","timestamp":1783913472050,"hypothesisId":"L2","location":"dataplane_wan.c:reassemble_l2","message":"l2_reassemble_pending","data":{"pkt_id":265,"frag_idx":0,"nd":1465}}
{"sessionId":"0173da","runId":"post-fix","timestamp":1783913472050,"hypothesisId":"L2","location":"dataplane_wan.c:reassemble_l2","message":"l2_reassemble_pending","data":{"pkt_id":534,"frag_idx":0,"nd":1465}}
{"sessionId":"0173da","runId":"post-fix","timestamp":1783913472050,"hypothesisId":"L2","location":"dataplane_wan.c:reassemble_l2","message":"l2_reassemble_pending","data":{"pkt_id":415,"frag_idx":0,"nd":1465}}
{"sessionId":"0173da","runId":"post-fix","timestamp":1783913472050,"hypothesisId":"L2","location":"dataplane_wan.c:reassemble_l2","message":"l2_reassemble_pending","data":{"pkt_id":652,"frag_idx":0,"nd":1465}}
{"sessionId":"0173da","runId":"post-fix","timestamp":1783913472050,"hypothesisId":"L2","location":"dataplane_wan.c:reassemble_l2","message":"l2_reassemble_pending","data":{"pkt_id":245,"frag_idx":0,"nd":1465}}
{"sessionId":"0173da","runId":"post-fix","timestamp":1783913472050,"hypothesisId":"L2","location":"dataplane_wan.c:reassemble_l2","message":"l2_reassemble_pending","data":{"pkt_id":722,"frag_idx":0,"nd":1465}}
{"sessionId":"0173da","runId":"post-fix","timestamp":1783913472050,"hypothesisId":"L2","location":"dataplane_wan.c:reassemble_l2","message":"l2_reassemble_pending","data":{"pkt_id":538,"frag_idx":0,"nd":1465}}
{"sessionId":"0173da","runId":"post-fix","timestamp":1783913472050,"hypothesisId":"L2","location":"dataplane_wan.c:reassemble_l2","message":"l2_reassemble_pending","data":{"pkt_id":417,"frag_idx":0,"nd":1465}}
{"sessionId":"0173da","runId":"post-fix","timestamp":1783913472050,"hypothesisId":"L2","location":"dataplane_wan.c:reassemble_l2","message":"l2_reassemble_pending","data":{"pkt_id":660,"frag_idx":0,"nd":1465}}
{"sessionId":"0173da","runId":"post-fix","timestamp":1783913472050,"hypothesisId":"L2","location":"dataplane_wan.c:reassemble_l2","message":"l2_reassemble_pending","data":{"pkt_id":724,"frag_idx":0,"nd":1465}}
{"sessionId":"0173da","runId":"post-fix","timestamp":1783913472050,"hypothesisId":"L2","location":"dataplane_wan.c:reassemble_l2","message":"l2_reassemble_pending","data":{"pkt_id":246,"frag_idx":0,"nd":1465}}
{"sessionId":"0173da","runId":"post-fix","timestamp":1783913472050,"hypothesisId":"L2","location":"dataplane_wan.c:reassemble_l2","message":"l2_reassemble_pending","data":{"pkt_id":544,"frag_idx":0,"nd":1465}}
{"sessionId":"0173da","runId":"post-fix","timestamp":1783913472050,"hypothesisId":"L2","location":"dataplane_wan.c:reassemble_l2","message":"l2_reassemble_pending","data":{"pkt_id":271,"frag_idx":0,"nd":1465}}
{"sessionId":"0173da","runId":"post-fix","timestamp":1783913472050,"hypothesisId":"L2","location":"dataplane_wan.c:reassemble_l2","message":"l2_reassemble_pending","data":{"pkt_id":420,"frag_idx":0,"nd":1465}}
{"sessionId":"0173da","runId":"post-fix","timestamp":1783913472050,"hypothesisId":"L2","location":"dataplane_wan.c:reassemble_l2","message":"l2_reassemble_pending","data":{"pkt_id":726,"frag_idx":0,"nd":1465}}
{"sessionId":"0173da","runId":"post-fix","timestamp":1783913472050,"hypothesisId":"L2","location":"dataplane_wan.c:reassemble_l2","message":"l2_reassemble_pending","data":{"pkt_id":647,"frag_idx":0,"nd":1465}}
{"sessionId":"0173da","runId":"post-fix","timestamp":1783913472050,"hypothesisId":"L2","location":"dataplane_wan.c:reassemble_l2","message":"l2_reassemble_pending","data":{"pkt_id":551,"frag_idx":0,"nd":1465}}
{"sessionId":"0173da","runId":"post-fix","timestamp":1783913472050,"hypothesisId":"L2","location":"dataplane_wan.c:reassemble_l2","message":"l2_reassemble_pending","data":{"pkt_id":247,"frag_idx":0,"nd":1465}}
{"sessionId":"0173da","runId":"post-fix","timestamp":1783913472050,"hypothesisId":"L2","location":"dataplane_wan.c:reassemble_l2","message":"l2_reassemble_pending","data":{"pkt_id":729,"frag_idx":0,"nd":1465}}
{"sessionId":"0173da","runId":"post-fix","timestamp":1783913472050,"hypothesisId":"L2","location":"dataplane_wan.c:reassemble_l2","message":"l2_reassemble_pending","data":{"pkt_id":656,"frag_idx":0,"nd":1465}}
{"sessionId":"0173da","runId":"post-fix","timestamp":1783913472050,"hypothesisId":"L2","location":"dataplane_wan.c:reassemble_l2","message":"l2_reassemble_pending","data":{"pkt_id":421,"frag_idx":0,"nd":1465}}
{"sessionId":"0173da","runId":"post-fix","timestamp":1783913472050,"hypothesisId":"L2","location":"dataplane_wan.c:reassemble_l2","message":"l2_reassemble_pending","data":{"pkt_id":554,"frag_idx":0,"nd":1465}}
{"sessionId":"0173da","runId":"post-fix","timestamp":1783913472050,"hypothesisId":"L2","location":"dataplane_wan.c:reassemble_l2","message":"l2_reassemble_pending","data":{"pkt_id":273,"frag_idx":0,"nd":1465}}
{"sessionId":"0173da","runId":"post-fix","timestamp":1783913472050,"hypothesisId":"L2","location":"dataplane_wan.c:reassemble_l2","message":"l2_reassemble_pending","data":{"pkt_id":249,"frag_idx":0,"nd":1465}}
{"sessionId":"0173da","runId":"post-fix","timestamp":1783913472050,"hypothesisId":"L2","location":"dataplane_wan.c:reassemble_l2","message":"l2_reassemble_pending","data":{"pkt_id":423,"frag_idx":0,"nd":1465}}
{"sessionId":"0173da","runId":"post-fix","timestamp":1783913472050,"hypothesisId":"L2","location":"dataplane_wan.c:reassemble_l2","message":"l2_reassemble_pending","data":{"pkt_id":663,"frag_idx":0,"nd":1465}}
{"sessionId":"0173da","runId":"post-fix","timestamp":1783913472050,"hypothesisId":"L2","location":"dataplane_wan.c:reassemble_l2","message":"l2_reassemble_pending","data":{"pkt_id":731,"frag_idx":0,"nd":1465}}
{"sessionId":"0173da","runId":"post-fix","timestamp":1783913472050,"hypothesisId":"L2","location":"dataplane_wan.c:reassemble_l2","message":"l2_reassemble_pending","data":{"pkt_id":556,"frag_idx":0,"nd":1465}}
{"sessionId":"0173da","runId":"post-fix","timestamp":1783913472050,"hypothesisId":"L2","location":"dataplane_wan.c:reassemble_l2","message":"l2_reassemble_pending","data":{"pkt_id":296,"frag_idx":0,"nd":1465}}
{"sessionId":"0173da","runId":"post-fix","timestamp":1783913472050,"hypothesisId":"L2","location":"dataplane_wan.c:reassemble_l2","message":"l2_reassemble_pending","data":{"pkt_id":436,"frag_idx":0,"nd":1465}}
{"sessionId":"0173da","runId":"post-fix","timestamp":1783913472050,"hypothesisId":"L2","location":"dataplane_wan.c:reassemble_l2","message":"l2_reassemble_pending","data":{"pkt_id":738,"frag_idx":0,"nd":1465}}
{"sessionId":"0173da","runId":"post-fix","timestamp":1783913472050,"hypothesisId":"L2","location":"dataplane_wan.c:reassemble_l2","message":"l2_reassemble_pending","data":{"pkt_id":665,"frag_idx":0,"nd":1465}}
{"sessionId":"0173da","runId":"post-fix","timestamp":1783913472050,"hypothesisId":"L2","location":"dataplane_wan.c:reassemble_l2","message":"l2_reassemble_pending","data":{"pkt_id":558,"frag_idx":0,"nd":1465}}
{"sessionId":"0173da","runId":"post-fix","timestamp":1783913472050,"hypothesisId":"L2","location":"dataplane_wan.c:reassemble_l2","message":"l2_reassemble_pending","data":{"pkt_id":275,"frag_idx":0,"nd":1465}}
{"sessionId":"0173da","runId":"post-fix","timestamp":1783913472050,"hypothesisId":"L2","location":"dataplane_wan.c:reassemble_l2","message":"l2_reassemble_pending","data":{"pkt_id":304,"frag_idx":0,"nd":1465}}
{"sessionId":"0173da","runId":"post-fix","timestamp":1783913472050,"hypothesisId":"L2","location":"dataplane_wan.c:reassemble_l2","message":"l2_reassemble_pending","data":{"pkt_id":742,"frag_idx":0,"nd":1465}}
{"sessionId":"0173da","runId":"post-fix","timestamp":1783913472050,"hypothesisId":"L2","location":"dataplane_wan.c:reassemble_l2","message":"l2_reassemble_pending","data":{"pkt_id":560,"frag_idx":0,"nd":1465}}
{"sessionId":"0173da","runId":"post-fix","timestamp":1783913472050,"hypothesisId":"L2","location":"dataplane_wan.c:reassemble_l2","message":"l2_reassemble_pending","data":{"pkt_id":668,"frag_idx":0,"nd":1465}}
{"sessionId":"0173da","runId":"post-fix","timestamp":1783913472050,"hypothesisId":"L2","location":"dataplane_wan.c:reassemble_l2","message":"l2_reassemble_pending","data":{"pkt_id":440,"frag_idx":0,"nd":1465}}
{"sessionId":"0173da","runId":"post-fix","timestamp":1783913472050,"hypothesisId":"L2","location":"dataplane_wan.c:reassemble_l2","message":"l2_reassemble_pending","data":{"pkt_id":307,"frag_idx":0,"nd":1465}}
{"sessionId":"0173da","runId":"post-fix","timestamp":1783913472050,"hypothesisId":"L2","location":"dataplane_wan.c:reassemble_l2","message":"l2_reassemble_pending","data":{"pkt_id":277,"frag_idx":0,"nd":1465}}
{"sessionId":"0173da","runId":"post-fix","timestamp":1783913472050,"hypothesisId":"L2","location":"dataplane_wan.c:reassemble_l2","message":"l2_reassemble_pending","data":{"pkt_id":747,"frag_idx":0,"nd":1465}}
{"sessionId":"0173da","runId":"post-fix","timestamp":1783913472050,"hypothesisId":"L2","location":"dataplane_wan.c:reassemble_l2","message":"l2_reassemble_pending","data":{"pkt_id":563,"frag_idx":0,"nd":1465}}
{"sessionId":"0173da","runId":"post-fix","timestamp":1783913472050,"hypothesisId":"L2","location":"dataplane_wan.c:reassemble_l2","message":"l2_reassemble_pending","data":{"pkt_id":670,"frag_idx":0,"nd":1465}}
{"sessionId":"0173da","runId":"post-fix","timestamp":1783913472050,"hypothesisId":"L2","location":"dataplane_wan.c:reassemble_l2","message":"l2_reassemble_pending","data":{"pkt_id":443,"frag_idx":0,"nd":1465}}
{"sessionId":"0173da","runId":"post-fix","timestamp":1783913472050,"hypothesisId":"L2","location":"dataplane_wan.c:reassemble_l2","message":"l2_reassemble_pending","data":{"pkt_id":309,"frag_idx":0,"nd":1465}}
{"sessionId":"0173da","runId":"post-fix","timestamp":1783913472050,"hypothesisId":"L2","location":"dataplane_wan.c:reassemble_l2","message":"l2_reassemble_pending","data":{"pkt_id":566,"frag_idx":0,"nd":1465}}
{"sessionId":"0173da","runId":"post-fix","timestamp":1783913472050,"hypothesisId":"L2","location":"dataplane_wan.c:reassemble_l2","message":"l2_reassemble_pending","data":{"pkt_id":672,"frag_idx":0,"nd":1465}}
{"sessionId":"0173da","runId":"post-fix","timestamp":1783913472050,"hypothesisId":"L2","location":"dataplane_wan.c:reassemble_l2","message":"l2_reassemble_pending","data":{"pkt_id":749,"frag_idx":0,"nd":1465}}
{"sessionId":"0173da","runId":"post-fix","timestamp":1783913472051,"hypothesisId":"L2","location":"dataplane_wan.c:reassemble_l2","message":"l2_reassemble_pending","data":{"pkt_id":447,"frag_idx":0,"nd":1465}}
{"sessionId":"0173da","runId":"post-fix","timestamp":1783913472051,"hypothesisId":"L2","location":"dataplane_wan.c:reassemble_l2","message":"l2_reassemble_pending","data":{"pkt_id":311,"frag_idx":0,"nd":1465}}
{"sessionId":"0173da","runId":"post-fix","timestamp":1783913472050,"hypothesisId":"L2","location":"dataplane_wan.c:reassemble_l2","message":"l2_reassemble_pending","data":{"pkt_id":279,"frag_idx":0,"nd":1465}}
{"sessionId":"0173da","runId":"post-fix","timestamp":1783913472051,"hypothesisId":"L2","location":"dataplane_wan.c:reassemble_l2","message":"l2_reassemble_pending","data":{"pkt_id":574,"frag_idx":0,"nd":1465}}
{"sessionId":"0173da","runId":"post-fix","timestamp":1783913472051,"hypothesisId":"L2","location":"dataplane_wan.c:reassemble_l2","message":"l2_reassemble_pending","data":{"pkt_id":756,"frag_idx":0,"nd":1465}}
{"sessionId":"0173da","runId":"post-fix","timestamp":1783913472051,"hypothesisId":"L2","location":"dataplane_wan.c:reassemble_l2","message":"l2_reassemble_pending","data":{"pkt_id":675,"frag_idx":0,"nd":1465}}
{"sessionId":"0173da","runId":"post-fix","timestamp":1783913472051,"hypothesisId":"L2","location":"dataplane_wan.c:reassemble_l2","message":"l2_reassemble_pending","data":{"pkt_id":578,"frag_idx":0,"nd":1465}}
{"sessionId":"0173da","runId":"post-fix","timestamp":1783913472051,"hypothesisId":"L2","location":"dataplane_wan.c:reassemble_l2","message":"l2_reassemble_pending","data":{"pkt_id":760,"frag_idx":0,"nd":1465}}
{"sessionId":"0173da","runId":"post-fix","timestamp":1783913472051,"hypothesisId":"L2","location":"dataplane_wan.c:reassemble_l2","message":"l2_reassemble_pending","data":{"pkt_id":450,"frag_idx":0,"nd":1465}}
{"sessionId":"0173da","runId":"post-fix","timestamp":1783913472051,"hypothesisId":"L2","location":"dataplane_wan.c:reassemble_l2","message":"l2_reassemble_pending","data":{"pkt_id":313,"frag_idx":0,"nd":1465}}
{"sessionId":"0173da","runId":"post-fix","timestamp":1783913472051,"hypothesisId":"L2","location":"dataplane_wan.c:reassemble_l2","message":"l2_reassemble_pending","data":{"pkt_id":288,"frag_idx":0,"nd":1465}}
{"sessionId":"0173da","runId":"post-fix","timestamp":1783913472051,"hypothesisId":"L2","location":"dataplane_wan.c:dataplane_process_wan","message":"l2_frag_pending_hold","data":{"wire_len":1500,"n":512}}
{"sessionId":"0173da","runId":"post-fix","timestamp":1783913472051,"hypothesisId":"L2","location":"dataplane_wan.c:reassemble_l2","message":"l2_reassemble_pending","data":{"pkt_id":596,"frag_idx":0,"nd":1465}}
{"sessionId":"0173da","runId":"post-fix","timestamp":1783913472051,"hypothesisId":"L2","location":"dataplane_wan.c:reassemble_l2","message":"l2_reassemble_pending","data":{"pkt_id":786,"frag_idx":0,"nd":1465}}
{"sessionId":"0173da","runId":"post-fix","timestamp":1783913472051,"hypothesisId":"L2","location":"dataplane_wan.c:reassemble_l2","message":"l2_reassemble_join_ok","data":{"pkt_id":313,"frag_idx":1,"out_len":1514,"n":512}}
{"sessionId":"0173da","runId":"post-fix","timestamp":1783913472051,"hypothesisId":"L2","location":"dataplane_wan.c:reassemble_l2","message":"l2_reassemble_pending","data":{"pkt_id":681,"frag_idx":0,"nd":1465}}
{"sessionId":"0173da","runId":"post-fix","timestamp":1783913472051,"hypothesisId":"L2","location":"dataplane_wan.c:decrypt_wan","message":"l2_frag_reassemble_ok","data":{"wire_in":98,"plain_len":1514,"pkt_id":450,"n":512}}
{"sessionId":"0173da","runId":"post-fix","timestamp":1783913472051,"hypothesisId":"L2","location":"dataplane_wan.c:reassemble_l2","message":"l2_reassemble_pending","data":{"pkt_id":602,"frag_idx":0,"nd":1465}}
{"sessionId":"0173da","runId":"post-fix","timestamp":1783913472051,"hypothesisId":"L2","location":"dataplane_wan.c:reassemble_l2","message":"l2_reassemble_pending","data":{"pkt_id":315,"frag_idx":0,"nd":1465}}
{"sessionId":"0173da","runId":"post-fix","timestamp":1783913472051,"hypothesisId":"L2","location":"dataplane_wan.c:reassemble_l2","message":"l2_reassemble_pending","data":{"pkt_id":463,"frag_idx":0,"nd":1465}}
{"sessionId":"0173da","runId":"post-fix","timestamp":1783913472051,"hypothesisId":"L2","location":"dataplane_wan.c:reassemble_l2","message":"l2_reassemble_pending","data":{"pkt_id":794,"frag_idx":0,"nd":1465}}
{"sessionId":"0173da","runId":"post-fix","timestamp":1783913472051,"hypothesisId":"L2","location":"dataplane_wan.c:reassemble_l2","message":"l2_reassemble_pending","data":{"pkt_id":292,"frag_idx":0,"nd":1465}}
{"sessionId":"0173da","runId":"post-fix","timestamp":1783913472051,"hypothesisId":"L2","location":"dataplane_wan.c:reassemble_l2","message":"l2_reassemble_pending","data":{"pkt_id":677,"frag_idx":0,"nd":1465}}
{"sessionId":"0173da","runId":"post-fix","timestamp":1783913472051,"hypothesisId":"L2","location":"dataplane_wan.c:reassemble_l2","message":"l2_reassemble_pending","data":{"pkt_id":614,"frag_idx":0,"nd":1465}}
{"sessionId":"0173da","runId":"post-fix","timestamp":1783913472051,"hypothesisId":"L2","location":"dataplane_wan.c:reassemble_l2","message":"l2_reassemble_pending","data":{"pkt_id":320,"frag_idx":0,"nd":1465}}
{"sessionId":"0173da","runId":"post-fix","timestamp":1783913472051,"hypothesisId":"L2","location":"dataplane_wan.c:reassemble_l2","message":"l2_reassemble_pending","data":{"pkt_id":799,"frag_idx":0,"nd":1465}}
{"sessionId":"0173da","runId":"post-fix","timestamp":1783913472051,"hypothesisId":"L2","location":"dataplane_wan.c:reassemble_l2","message":"l2_reassemble_pending","data":{"pkt_id":469,"frag_idx":0,"nd":1465}}
{"sessionId":"0173da","runId":"post-fix","timestamp":1783913472051,"hypothesisId":"L2","location":"dataplane_wan.c:reassemble_l2","message":"l2_reassemble_pending","data":{"pkt_id":619,"frag_idx":0,"nd":1465}}
{"sessionId":"0173da","runId":"post-fix","timestamp":1783913472051,"hypothesisId":"L2","location":"dataplane_wan.c:reassemble_l2","message":"l2_reassemble_pending","data":{"pkt_id":684,"frag_idx":0,"nd":1465}}
{"sessionId":"0173da","runId":"post-fix","timestamp":1783913472051,"hypothesisId":"L2","location":"dataplane_wan.c:reassemble_l2","message":"l2_reassemble_pending","data":{"pkt_id":308,"frag_idx":0,"nd":1465}}
{"sessionId":"0173da","runId":"post-fix","timestamp":1783913472051,"hypothesisId":"L2","location":"dataplane_wan.c:reassemble_l2","message":"l2_reassemble_pending","data":{"pkt_id":322,"frag_idx":0,"nd":1465}}
{"sessionId":"0173da","runId":"post-fix","timestamp":1783913472051,"hypothesisId":"L2","location":"dataplane_wan.c:reassemble_l2","message":"l2_reassemble_pending","data":{"pkt_id":802,"frag_idx":0,"nd":1465}}
{"sessionId":"0173da","runId":"post-fix","timestamp":1783913472051,"hypothesisId":"L2","location":"dataplane_wan.c:reassemble_l2","message":"l2_reassemble_pending","data":{"pkt_id":622,"frag_idx":0,"nd":1465}}
{"sessionId":"0173da","runId":"post-fix","timestamp":1783913472051,"hypothesisId":"L2","location":"dataplane_wan.c:reassemble_l2","message":"l2_reassemble_pending","data":{"pkt_id":687,"frag_idx":0,"nd":1465}}
{"sessionId":"0173da","runId":"post-fix","timestamp":1783913472051,"hypothesisId":"L2","location":"dataplane_wan.c:reassemble_l2","message":"l2_reassemble_pending","data":{"pkt_id":471,"frag_idx":0,"nd":1465}}
{"sessionId":"0173da","runId":"post-fix","timestamp":1783913472051,"hypothesisId":"L2","location":"dataplane_wan.c:reassemble_l2","message":"l2_reassemble_pending","data":{"pkt_id":325,"frag_idx":0,"nd":1465}}
{"sessionId":"0173da","runId":"post-fix","timestamp":1783913472051,"hypothesisId":"L2","location":"dataplane_wan.c:reassemble_l2","message":"l2_reassemble_pending","data":{"pkt_id":808,"frag_idx":0,"nd":1465}}
{"sessionId":"0173da","runId":"post-fix","timestamp":1783913472051,"hypothesisId":"L2","location":"dataplane_wan.c:reassemble_l2","message":"l2_reassemble_pending","data":{"pkt_id":299,"frag_idx":0,"nd":1465}}
{"sessionId":"0173da","runId":"post-fix","timestamp":1783913472051,"hypothesisId":"L2","location":"dataplane_wan.c:reassemble_l2","message":"l2_reassemble_pending","data":{"pkt_id":638,"frag_idx":0,"nd":1465}}
{"sessionId":"0173da","runId":"post-fix","timestamp":1783913472051,"hypothesisId":"L2","location":"dataplane_wan.c:reassemble_l2","message":"l2_reassemble_pending","data":{"pkt_id":689,"frag_idx":0,"nd":1465}}
{"sessionId":"0173da","runId":"post-fix","timestamp":1783913472051,"hypothesisId":"L2","location":"dataplane_wan.c:reassemble_l2","message":"l2_reassemble_pending","data":{"pkt_id":474,"frag_idx":0,"nd":1465}}
{"sessionId":"0173da","runId":"post-fix","timestamp":1783913472051,"hypothesisId":"L2","location":"dataplane_wan.c:reassemble_l2","message":"l2_reassemble_pending","data":{"pkt_id":327,"frag_idx":0,"nd":1465}}
{"sessionId":"0173da","runId":"post-fix","timestamp":1783913472051,"hypothesisId":"L2","location":"dataplane_wan.c:reassemble_l2","message":"l2_reassemble_pending","data":{"pkt_id":812,"frag_idx":0,"nd":1465}}
{"sessionId":"0173da","runId":"post-fix","timestamp":1783913472051,"hypothesisId":"L2","location":"dataplane_wan.c:reassemble_l2","message":"l2_reassemble_pending","data":{"pkt_id":301,"frag_idx":0,"nd":1465}}
{"sessionId":"0173da","runId":"post-fix","timestamp":1783913472051,"hypothesisId":"L2","location":"dataplane_wan.c:reassemble_l2","message":"l2_reassemble_pending","data":{"pkt_id":641,"frag_idx":0,"nd":1465}}
{"sessionId":"0173da","runId":"post-fix","timestamp":1783913472051,"hypothesisId":"L2","location":"dataplane_wan.c:reassemble_l2","message":"l2_reassemble_pending","data":{"pkt_id":727,"frag_idx":0,"nd":1465}}
{"sessionId":"0173da","runId":"post-fix","timestamp":1783913472051,"hypothesisId":"L2","location":"dataplane_wan.c:reassemble_l2","message":"l2_reassemble_pending","data":{"pkt_id":815,"frag_idx":0,"nd":1465}}
{"sessionId":"0173da","runId":"post-fix","timestamp":1783913472051,"hypothesisId":"L2","location":"dataplane_wan.c:reassemble_l2","message":"l2_reassemble_pending","data":{"pkt_id":328,"frag_idx":0,"nd":1465}}
{"sessionId":"0173da","runId":"post-fix","timestamp":1783913472051,"hypothesisId":"L2","location":"dataplane_wan.c:reassemble_l2","message":"l2_reassemble_pending","data":{"pkt_id":644,"frag_idx":0,"nd":1465}}
{"sessionId":"0173da","runId":"post-fix","timestamp":1783913472051,"hypothesisId":"L2","location":"dataplane_wan.c:reassemble_l2","message":"l2_reassemble_pending","data":{"pkt_id":477,"frag_idx":0,"nd":1465}}
{"sessionId":"0173da","runId":"post-fix","timestamp":1783913472051,"hypothesisId":"L2","location":"dataplane_wan.c:reassemble_l2","message":"l2_reassemble_pending","data":{"pkt_id":303,"frag_idx":0,"nd":1465}}
{"sessionId":"0173da","runId":"post-fix","timestamp":1783913472051,"hypothesisId":"L2","location":"dataplane_wan.c:reassemble_l2","message":"l2_reassemble_pending","data":{"pkt_id":730,"frag_idx":0,"nd":1465}}
{"sessionId":"0173da","runId":"post-fix","timestamp":1783913472051,"hypothesisId":"L2","location":"dataplane_wan.c:reassemble_l2","message":"l2_reassemble_pending","data":{"pkt_id":819,"frag_idx":0,"nd":1465}}
{"sessionId":"0173da","runId":"post-fix","timestamp":1783913472051,"hypothesisId":"L2","location":"dataplane_wan.c:reassemble_l2","message":"l2_reassemble_pending","data":{"pkt_id":683,"frag_idx":0,"nd":1465}}
{"sessionId":"0173da","runId":"post-fix","timestamp":1783913472051,"hypothesisId":"L2","location":"dataplane_wan.c:reassemble_l2","message":"l2_reassemble_pending","data":{"pkt_id":329,"frag_idx":0,"nd":1465}}
{"sessionId":"0173da","runId":"post-fix","timestamp":1783913472051,"hypothesisId":"L2","location":"dataplane_wan.c:reassemble_l2","message":"l2_reassemble_pending","data":{"pkt_id":479,"frag_idx":0,"nd":1465}}
{"sessionId":"0173da","runId":"post-fix","timestamp":1783913472051,"hypothesisId":"L2","location":"dataplane_wan.c:reassemble_l2","message":"l2_reassemble_pending","data":{"pkt_id":821,"frag_idx":0,"nd":1465}}
{"sessionId":"0173da","runId":"post-fix","timestamp":1783913472051,"hypothesisId":"L2","location":"dataplane_wan.c:reassemble_l2","message":"l2_reassemble_pending","data":{"pkt_id":688,"frag_idx":0,"nd":1465}}
{"sessionId":"0173da","runId":"post-fix","timestamp":1783913472051,"hypothesisId":"L2","location":"dataplane_wan.c:reassemble_l2","message":"l2_reassemble_pending","data":{"pkt_id":734,"frag_idx":0,"nd":1465}}
{"sessionId":"0173da","runId":"post-fix","timestamp":1783913472051,"hypothesisId":"L2","location":"dataplane_wan.c:reassemble_l2","message":"l2_reassemble_pending","data":{"pkt_id":332,"frag_idx":0,"nd":1465}}
{"sessionId":"0173da","runId":"post-fix","timestamp":1783913472051,"hypothesisId":"L2","location":"dataplane_wan.c:reassemble_l2","message":"l2_reassemble_pending","data":{"pkt_id":306,"frag_idx":0,"nd":1465}}
{"sessionId":"0173da","runId":"post-fix","timestamp":1783913472051,"hypothesisId":"L2","location":"dataplane_wan.c:reassemble_l2","message":"l2_reassemble_pending","data":{"pkt_id":484,"frag_idx":0,"nd":1465}}
{"sessionId":"0173da","runId":"post-fix","timestamp":1783913472051,"hypothesisId":"L2","location":"dataplane_wan.c:reassemble_l2","message":"l2_reassemble_pending","data":{"pkt_id":695,"frag_idx":0,"nd":1465}}
{"sessionId":"0173da","runId":"post-fix","timestamp":1783913472051,"hypothesisId":"L2","location":"dataplane_wan.c:reassemble_l2","message":"l2_reassemble_pending","data":{"pkt_id":845,"frag_idx":0,"nd":1465}}
{"sessionId":"0173da","runId":"post-fix","timestamp":1783913472051,"hypothesisId":"L2","location":"dataplane_wan.c:reassemble_l2","message":"l2_reassemble_pending","data":{"pkt_id":737,"frag_idx":0,"nd":1465}}
{"sessionId":"0173da","runId":"post-fix","timestamp":1783913472051,"hypothesisId":"L2","location":"dataplane_wan.c:reassemble_l2","message":"l2_reassemble_pending","data":{"pkt_id":350,"frag_idx":0,"nd":1465}}
{"sessionId":"0173da","runId":"post-fix","timestamp":1783913472051,"hypothesisId":"L2","location":"dataplane_wan.c:reassemble_l2","message":"l2_reassemble_pending","data":{"pkt_id":310,"frag_idx":0,"nd":1465}}
{"sessionId":"0173da","runId":"post-fix","timestamp":1783913472051,"hypothesisId":"L2","location":"dataplane_wan.c:reassemble_l2","message":"l2_reassemble_pending","data":{"pkt_id":698,"frag_idx":0,"nd":1465}}
{"sessionId":"0173da","runId":"post-fix","timestamp":1783913472051,"hypothesisId":"L2","location":"dataplane_wan.c:reassemble_l2","message":"l2_reassemble_pending","data":{"pkt_id":853,"frag_idx":0,"nd":1465}}
{"sessionId":"0173da","runId":"post-fix","timestamp":1783913472051,"hypothesisId":"L2","location":"dataplane_wan.c:reassemble_l2","message":"l2_reassemble_pending","data":{"pkt_id":490,"frag_idx":0,"nd":1465}}
{"sessionId":"0173da","runId":"post-fix","timestamp":1783913472051,"hypothesisId":"L2","location":"dataplane_wan.c:reassemble_l2","message":"l2_reassemble_pending","data":{"pkt_id":741,"frag_idx":0,"nd":1465}}
{"sessionId":"0173da","runId":"post-fix","timestamp":1783913472051,"hypothesisId":"L2","location":"dataplane_wan.c:reassemble_l2","message":"l2_reassemble_pending","data":{"pkt_id":352,"frag_idx":0,"nd":1465}}
{"sessionId":"0173da","runId":"post-fix","timestamp":1783913472051,"hypothesisId":"L2","location":"dataplane_wan.c:reassemble_l2","message":"l2_reassemble_pending","data":{"pkt_id":701,"frag_idx":0,"nd":1465}}
{"sessionId":"0173da","runId":"post-fix","timestamp":1783913472051,"hypothesisId":"L2","location":"dataplane_wan.c:reassemble_l2","message":"l2_reassemble_pending","data":{"pkt_id":857,"frag_idx":0,"nd":1465}}
{"sessionId":"0173da","runId":"post-fix","timestamp":1783913472051,"hypothesisId":"L2","location":"dataplane_wan.c:reassemble_l2","message":"l2_reassemble_pending","data":{"pkt_id":493,"frag_idx":0,"nd":1465}}
{"sessionId":"0173da","runId":"post-fix","timestamp":1783913472051,"hypothesisId":"L2","location":"dataplane_wan.c:reassemble_l2","message":"l2_reassemble_pending","data":{"pkt_id":804,"frag_idx":0,"nd":1465}}
{"sessionId":"0173da","runId":"post-fix","timestamp":1783913472051,"hypothesisId":"L2","location":"dataplane_wan.c:reassemble_l2","message":"l2_reassemble_pending","data":{"pkt_id":354,"frag_idx":0,"nd":1465}}
{"sessionId":"0173da","runId":"post-fix","timestamp":1783913472051,"hypothesisId":"L2","location":"dataplane_wan.c:reassemble_l2","message":"l2_reassemble_pending","data":{"pkt_id":316,"frag_idx":0,"nd":1465}}
{"sessionId":"0173da","runId":"post-fix","timestamp":1783913472051,"hypothesisId":"L2","location":"dataplane_wan.c:reassemble_l2","message":"l2_reassemble_pending","data":{"pkt_id":690,"frag_idx":0,"nd":1465}}
{"sessionId":"0173da","runId":"post-fix","timestamp":1783913472051,"hypothesisId":"L2","location":"dataplane_wan.c:reassemble_l2","message":"l2_reassemble_pending","data":{"pkt_id":860,"frag_idx":0,"nd":1465}}
{"sessionId":"0173da","runId":"post-fix","timestamp":1783913472051,"hypothesisId":"L2","location":"dataplane_wan.c:reassemble_l2","message":"l2_reassemble_pending","data":{"pkt_id":312,"frag_idx":0,"nd":1465}}
{"sessionId":"0173da","runId":"post-fix","timestamp":1783913472051,"hypothesisId":"L2","location":"dataplane_wan.c:reassemble_l2","message":"l2_reassemble_pending","data":{"pkt_id":497,"frag_idx":0,"nd":1465}}
{"sessionId":"0173da","runId":"post-fix","timestamp":1783913472051,"hypothesisId":"L2","location":"dataplane_wan.c:reassemble_l2","message":"l2_reassemble_pending","data":{"pkt_id":367,"frag_idx":0,"nd":1465}}
{"sessionId":"0173da","runId":"post-fix","timestamp":1783913472051,"hypothesisId":"L2","location":"dataplane_wan.c:reassemble_l2","message":"l2_reassemble_pending","data":{"pkt_id":935,"frag_idx":0,"nd":1465}}
{"sessionId":"0173da","runId":"post-fix","timestamp":1783913472051,"hypothesisId":"L2","location":"dataplane_wan.c:reassemble_l2","message":"l2_reassemble_pending","data":{"pkt_id":864,"frag_idx":0,"nd":1465}}
{"sessionId":"0173da","runId":"post-fix","timestamp":1783913472051,"hypothesisId":"L2","location":"dataplane_wan.c:reassemble_l2","message":"l2_reassemble_pending","data":{"pkt_id":357,"frag_idx":0,"nd":1465}}
{"sessionId":"0173da","runId":"post-fix","timestamp":1783913472051,"hypothesisId":"L2","location":"dataplane_wan.c:reassemble_l2","message":"l2_reassemble_pending","data":{"pkt_id":940,"frag_idx":0,"nd":1465}}
{"sessionId":"0173da","runId":"post-fix","timestamp":1783913472051,"hypothesisId":"L2","location":"dataplane_wan.c:reassemble_l2","message":"l2_reassemble_pending","data":{"pkt_id":501,"frag_idx":0,"nd":1465}}
{"sessionId":"0173da","runId":"post-fix","timestamp":1783913472051,"hypothesisId":"L2","location":"dataplane_wan.c:reassemble_l2","message":"l2_reassemble_pending","data":{"pkt_id":704,"frag_idx":0,"nd":1465}}
{"sessionId":"0173da","runId":"post-fix","timestamp":1783913472051,"hypothesisId":"L2","location":"dataplane_wan.c:reassemble_l2","message":"l2_reassemble_pending","data":{"pkt_id":868,"frag_idx":0,"nd":1465}}
{"sessionId":"0173da","runId":"post-fix","timestamp":1783913472051,"hypothesisId":"L2","location":"dataplane_wan.c:reassemble_l2","message":"l2_reassemble_pending","data":{"pkt_id":314,"frag_idx":0,"nd":1465}}
{"sessionId":"0173da","runId":"post-fix","timestamp":1783913472051,"hypothesisId":"L2","location":"dataplane_wan.c:reassemble_l2","message":"l2_reassemble_pending","data":{"pkt_id":944,"frag_idx":0,"nd":1465}}
{"sessionId":"0173da","runId":"post-fix","timestamp":1783913472051,"hypothesisId":"L2","location":"dataplane_wan.c:reassemble_l2","message":"l2_reassemble_pending","data":{"pkt_id":359,"frag_idx":0,"nd":1465}}
{"sessionId":"0173da","runId":"post-fix","timestamp":1783913472051,"hypothesisId":"L2","location":"dataplane_wan.c:reassemble_l2","message":"l2_reassemble_pending","data":{"pkt_id":507,"frag_idx":0,"nd":1465}}
{"sessionId":"0173da","runId":"post-fix","timestamp":1783913472051,"hypothesisId":"L2","location":"dataplane_wan.c:reassemble_l2","message":"l2_reassemble_pending","data":{"pkt_id":708,"frag_idx":0,"nd":1465}}
{"sessionId":"0173da","runId":"post-fix","timestamp":1783913472051,"hypothesisId":"L2","location":"dataplane_wan.c:reassemble_l2","message":"l2_reassemble_pending","data":{"pkt_id":900,"frag_idx":0,"nd":1465}}
{"sessionId":"0173da","runId":"post-fix","timestamp":1783913472051,"hypothesisId":"L2","location":"dataplane_wan.c:reassemble_l2","message":"l2_reassemble_pending","data":{"pkt_id":364,"frag_idx":0,"nd":1465}}
{"sessionId":"0173da","runId":"post-fix","timestamp":1783913472052,"hypothesisId":"L2","location":"dataplane_wan.c:reassemble_l2","message":"l2_reassemble_pending","data":{"pkt_id":709,"frag_idx":0,"nd":1465}}
{"sessionId":"0173da","runId":"post-fix","timestamp":1783913472052,"hypothesisId":"L2","location":"dataplane_wan.c:reassemble_l2","message":"l2_reassemble_pending","data":{"pkt_id":509,"frag_idx":0,"nd":1465}}
{"sessionId":"0173da","runId":"post-fix","timestamp":1783913472052,"hypothesisId":"L2","location":"dataplane_wan.c:reassemble_l2","message":"l2_reassemble_pending","data":{"pkt_id":961,"frag_idx":0,"nd":1465}}
{"sessionId":"0173da","runId":"post-fix","timestamp":1783913472052,"hypothesisId":"L2","location":"dataplane_wan.c:reassemble_l2","message":"l2_reassemble_pending","data":{"pkt_id":317,"frag_idx":0,"nd":1465}}
{"sessionId":"0173da","runId":"post-fix","timestamp":1783913472052,"hypothesisId":"L2","location":"dataplane_wan.c:reassemble_l2","message":"l2_reassemble_pending","data":{"pkt_id":904,"frag_idx":0,"nd":1465}}
{"sessionId":"0173da","runId":"post-fix","timestamp":1783913472052,"hypothesisId":"L2","location":"dataplane_wan.c:reassemble_l2","message":"l2_reassemble_pending","data":{"pkt_id":369,"frag_idx":0,"nd":1465}}
{"sessionId":"0173da","runId":"post-fix","timestamp":1783913472052,"hypothesisId":"L2","location":"dataplane_wan.c:reassemble_l2","message":"l2_reassemble_pending","data":{"pkt_id":710,"frag_idx":0,"nd":1465}}
{"sessionId":"0173da","runId":"post-fix","timestamp":1783913472052,"hypothesisId":"L2","location":"dataplane_wan.c:reassemble_l2","message":"l2_reassemble_pending","data":{"pkt_id":965,"frag_idx":0,"nd":1465}}
{"sessionId":"0173da","runId":"post-fix","timestamp":1783913472052,"hypothesisId":"L2","location":"dataplane_wan.c:reassemble_l2","message":"l2_reassemble_pending","data":{"pkt_id":907,"frag_idx":0,"nd":1465}}
{"sessionId":"0173da","runId":"post-fix","timestamp":1783913472052,"hypothesisId":"L2","location":"dataplane_wan.c:reassemble_l2","message":"l2_reassemble_pending","data":{"pkt_id":536,"frag_idx":0,"nd":1465}}
{"sessionId":"0173da","runId":"post-fix","timestamp":1783913472052,"hypothesisId":"L2","location":"dataplane_wan.c:reassemble_l2","message":"l2_reassemble_pending","data":{"pkt_id":380,"frag_idx":0,"nd":1465}}
{"sessionId":"0173da","runId":"post-fix","timestamp":1783913472052,"hypothesisId":"L2","location":"dataplane_wan.c:reassemble_l2","message":"l2_reassemble_pending","data":{"pkt_id":318,"frag_idx":0,"nd":1465}}
{"sessionId":"0173da","runId":"post-fix","timestamp":1783913472052,"hypothesisId":"L2","location":"dataplane_wan.c:reassemble_l2","message":"l2_reassemble_pending","data":{"pkt_id":711,"frag_idx":0,"nd":1465}}
{"sessionId":"0173da","runId":"post-fix","timestamp":1783913472052,"hypothesisId":"L2","location":"dataplane_wan.c:reassemble_l2","message":"l2_reassemble_pending","data":{"pkt_id":967,"frag_idx":0,"nd":1465}}
{"sessionId":"0173da","runId":"post-fix","timestamp":1783913472052,"hypothesisId":"L2","location":"dataplane_wan.c:reassemble_l2","message":"l2_reassemble_pending","data":{"pkt_id":911,"frag_idx":0,"nd":1465}}
{"sessionId":"0173da","runId":"post-fix","timestamp":1783913472052,"hypothesisId":"L2","location":"dataplane_wan.c:reassemble_l2","message":"l2_reassemble_pending","data":{"pkt_id":543,"frag_idx":0,"nd":1465}}
{"sessionId":"0173da","runId":"post-fix","timestamp":1783913472052,"hypothesisId":"L2","location":"dataplane_wan.c:reassemble_l2","message":"l2_reassemble_pending","data":{"pkt_id":382,"frag_idx":0,"nd":1465}}
{"sessionId":"0173da","runId":"post-fix","timestamp":1783913472052,"hypothesisId":"L2","location":"dataplane_wan.c:reassemble_l2","message":"l2_reassemble_pending","data":{"pkt_id":319,"frag_idx":0,"nd":1465}}
{"sessionId":"0173da","runId":"post-fix","timestamp":1783913472052,"hypothesisId":"L2","location":"dataplane_wan.c:reassemble_l2","message":"l2_reassemble_pending","data":{"pkt_id":714,"frag_idx":0,"nd":1465}}
{"sessionId":"0173da","runId":"post-fix","timestamp":1783913472052,"hypothesisId":"L2","location":"dataplane_wan.c:reassemble_l2","message":"l2_reassemble_pending","data":{"pkt_id":914,"frag_idx":0,"nd":1465}}
{"sessionId":"0173da","runId":"post-fix","timestamp":1783913472052,"hypothesisId":"L2","location":"dataplane_wan.c:reassemble_l2","message":"l2_reassemble_pending","data":{"pkt_id":970,"frag_idx":0,"nd":1465}}
{"sessionId":"0173da","runId":"post-fix","timestamp":1783913472052,"hypothesisId":"L2","location":"dataplane_wan.c:reassemble_l2","message":"l2_reassemble_pending","data":{"pkt_id":547,"frag_idx":0,"nd":1465}}
{"sessionId":"0173da","runId":"post-fix","timestamp":1783913472052,"hypothesisId":"L2","location":"dataplane_wan.c:reassemble_l2","message":"l2_reassemble_pending","data":{"pkt_id":384,"frag_idx":0,"nd":1465}}
{"sessionId":"0173da","runId":"post-fix","timestamp":1783913472052,"hypothesisId":"L2","location":"dataplane_wan.c:reassemble_l2","message":"l2_reassemble_pending","data":{"pkt_id":928,"frag_idx":0,"nd":1465}}
{"sessionId":"0173da","runId":"post-fix","timestamp":1783913472052,"hypothesisId":"L2","location":"dataplane_wan.c:reassemble_l2","message":"l2_reassemble_pending","data":{"pkt_id":712,"frag_idx":0,"nd":1465}}
{"sessionId":"0173da","runId":"post-fix","timestamp":1783913472052,"hypothesisId":"L2","location":"dataplane_wan.c:reassemble_l2","message":"l2_reassemble_pending","data":{"pkt_id":321,"frag_idx":0,"nd":1465}}
{"sessionId":"0173da","runId":"post-fix","timestamp":1783913472052,"hypothesisId":"L2","location":"dataplane_wan.c:reassemble_l2","message":"l2_reassemble_pending","data":{"pkt_id":549,"frag_idx":0,"nd":1465}}
{"sessionId":"0173da","runId":"post-fix","timestamp":1783913472052,"hypothesisId":"L2","location":"dataplane_wan.c:reassemble_l2","message":"l2_reassemble_pending","data":{"pkt_id":972,"frag_idx":0,"nd":1465}}
{"sessionId":"0173da","runId":"post-fix","timestamp":1783913472052,"hypothesisId":"L2","location":"dataplane_wan.c:reassemble_l2","message":"l2_reassemble_pending","data":{"pkt_id":385,"frag_idx":0,"nd":1465}}
{"sessionId":"0173da","runId":"post-fix","timestamp":1783913472052,"hypothesisId":"L2","location":"dataplane_wan.c:reassemble_l2","message":"l2_reassemble_pending","data":{"pkt_id":930,"frag_idx":0,"nd":1465}}
{"sessionId":"0173da","runId":"post-fix","timestamp":1783913472052,"hypothesisId":"L2","location":"dataplane_wan.c:reassemble_l2","message":"l2_reassemble_pending","data":{"pkt_id":713,"frag_idx":0,"nd":1465}}
{"sessionId":"0173da","runId":"post-fix","timestamp":1783913472052,"hypothesisId":"L2","location":"dataplane_wan.c:reassemble_l2","message":"l2_reassemble_pending","data":{"pkt_id":323,"frag_idx":0,"nd":1465}}
{"sessionId":"0173da","runId":"post-fix","timestamp":1783913472052,"hypothesisId":"L2","location":"dataplane_wan.c:reassemble_l2","message":"l2_reassemble_pending","data":{"pkt_id":553,"frag_idx":0,"nd":1465}}
{"sessionId":"0173da","runId":"post-fix","timestamp":1783913472052,"hypothesisId":"L2","location":"dataplane_wan.c:reassemble_l2","message":"l2_reassemble_pending","data":{"pkt_id":974,"frag_idx":0,"nd":1465}}
{"sessionId":"0173da","runId":"post-fix","timestamp":1783913472052,"hypothesisId":"L2","location":"dataplane_wan.c:reassemble_l2","message":"l2_reassemble_pending","data":{"pkt_id":386,"frag_idx":0,"nd":1465}}
{"sessionId":"0173da","runId":"post-fix","timestamp":1783913472052,"hypothesisId":"L2","location":"dataplane_wan.c:reassemble_l2","message":"l2_reassemble_pending","data":{"pkt_id":933,"frag_idx":0,"nd":1465}}
{"sessionId":"0173da","runId":"post-fix","timestamp":1783913472052,"hypothesisId":"L2","location":"dataplane_wan.c:reassemble_l2","message":"l2_reassemble_pending","data":{"pkt_id":715,"frag_idx":0,"nd":1465}}
{"sessionId":"0173da","runId":"post-fix","timestamp":1783913472052,"hypothesisId":"L2","location":"dataplane_wan.c:reassemble_l2","message":"l2_reassemble_pending","data":{"pkt_id":371,"frag_idx":0,"nd":1465}}
{"sessionId":"0173da","runId":"post-fix","timestamp":1783913472052,"hypothesisId":"L2","location":"dataplane_wan.c:reassemble_l2","message":"l2_reassemble_pending","data":{"pkt_id":555,"frag_idx":0,"nd":1465}}
{"sessionId":"0173da","runId":"post-fix","timestamp":1783913472052,"hypothesisId":"L2","location":"dataplane_local.c:encrypt_to_wan","message":"encrypt_l2_full_ok","data":{"plain_len":66,"wire_len":96,"mode":1,"n":512}}
{"sessionId":"0173da","runId":"post-fix","timestamp":1783913472052,"hypothesisId":"L2","location":"dataplane_wan.c:reassemble_l2","message":"l2_reassemble_pending","data":{"pkt_id":387,"frag_idx":0,"nd":1465}}
{"sessionId":"0173da","runId":"post-fix","timestamp":1783913472052,"hypothesisId":"L2","location":"dataplane_wan.c:reassemble_l2","message":"l2_reassemble_pending","data":{"pkt_id":975,"frag_idx":0,"nd":1465}}
{"sessionId":"0173da","runId":"post-fix","timestamp":1783913472052,"hypothesisId":"L2","location":"dataplane_wan.c:reassemble_l2","message":"l2_reassemble_pending","data":{"pkt_id":373,"frag_idx":0,"nd":1465}}
{"sessionId":"0173da","runId":"post-fix","timestamp":1783913472052,"hypothesisId":"L2","location":"dataplane_wan.c:reassemble_l2","message":"l2_reassemble_pending","data":{"pkt_id":716,"frag_idx":0,"nd":1465}}
{"sessionId":"0173da","runId":"post-fix","timestamp":1783913472052,"hypothesisId":"L2","location":"dataplane_wan.c:reassemble_l2","message":"l2_reassemble_pending","data":{"pkt_id":561,"frag_idx":0,"nd":1465}}
{"sessionId":"0173da","runId":"post-fix","timestamp":1783913472052,"hypothesisId":"L2","location":"dataplane_wan.c:reassemble_l2","message":"l2_reassemble_pending","data":{"pkt_id":938,"frag_idx":0,"nd":1465}}
{"sessionId":"0173da","runId":"post-fix","timestamp":1783913472052,"hypothesisId":"L2","location":"dataplane_wan.c:reassemble_l2","message":"l2_reassemble_pending","data":{"pkt_id":388,"frag_idx":0,"nd":1465}}
{"sessionId":"0173da","runId":"post-fix","timestamp":1783913472052,"hypothesisId":"L2","location":"dataplane_wan.c:reassemble_l2","message":"l2_reassemble_pending","data":{"pkt_id":978,"frag_idx":0,"nd":1465}}
{"sessionId":"0173da","runId":"post-fix","timestamp":1783913472052,"hypothesisId":"L2","location":"dataplane_wan.c:reassemble_l2","message":"l2_reassemble_pending","data":{"pkt_id":717,"frag_idx":0,"nd":1465}}
{"sessionId":"0173da","runId":"post-fix","timestamp":1783913472052,"hypothesisId":"L2","location":"dataplane_wan.c:reassemble_l2","message":"l2_reassemble_pending","data":{"pkt_id":564,"frag_idx":0,"nd":1465}}
{"sessionId":"0173da","runId":"post-fix","timestamp":1783913472052,"hypothesisId":"L2","location":"dataplane_wan.c:reassemble_l2","message":"l2_reassemble_pending","data":{"pkt_id":942,"frag_idx":0,"nd":1465}}
{"sessionId":"0173da","runId":"post-fix","timestamp":1783913472052,"hypothesisId":"L2","location":"dataplane_wan.c:reassemble_l2","message":"l2_reassemble_pending","data":{"pkt_id":389,"frag_idx":0,"nd":1465}}
{"sessionId":"0173da","runId":"post-fix","timestamp":1783913472052,"hypothesisId":"L2","location":"dataplane_wan.c:reassemble_l2","message":"l2_reassemble_pending","data":{"pkt_id":375,"frag_idx":0,"nd":1465}}
{"sessionId":"0173da","runId":"post-fix","timestamp":1783913472052,"hypothesisId":"L2","location":"dataplane_wan.c:reassemble_l2","message":"l2_reassemble_pending","data":{"pkt_id":718,"frag_idx":0,"nd":1465}}
{"sessionId":"0173da","runId":"post-fix","timestamp":1783913472052,"hypothesisId":"L2","location":"dataplane_wan.c:reassemble_l2","message":"l2_reassemble_pending","data":{"pkt_id":981,"frag_idx":0,"nd":1465}}
{"sessionId":"0173da","runId":"post-fix","timestamp":1783913472052,"hypothesisId":"L2","location":"dataplane_wan.c:reassemble_l2","message":"l2_reassemble_pending","data":{"pkt_id":567,"frag_idx":0,"nd":1465}}
{"sessionId":"0173da","runId":"post-fix","timestamp":1783913472052,"hypothesisId":"L2","location":"dataplane_wan.c:reassemble_l2","message":"l2_reassemble_pending","data":{"pkt_id":946,"frag_idx":0,"nd":1465}}
{"sessionId":"0173da","runId":"post-fix","timestamp":1783913472052,"hypothesisId":"L2","location":"dataplane_wan.c:reassemble_l2","message":"l2_reassemble_pending","data":{"pkt_id":720,"frag_idx":0,"nd":1465}}
{"sessionId":"0173da","runId":"post-fix","timestamp":1783913472052,"hypothesisId":"L2","location":"dataplane_wan.c:reassemble_l2","message":"l2_reassemble_pending","data":{"pkt_id":408,"frag_idx":0,"nd":1465}}
{"sessionId":"0173da","runId":"post-fix","timestamp":1783913472052,"hypothesisId":"L2","location":"dataplane_wan.c:reassemble_l2","message":"l2_reassemble_pending","data":{"pkt_id":985,"frag_idx":0,"nd":1465}}
{"sessionId":"0173da","runId":"post-fix","timestamp":1783913472052,"hypothesisId":"L2","location":"dataplane_wan.c:reassemble_l2","message":"l2_reassemble_pending","data":{"pkt_id":377,"frag_idx":0,"nd":1465}}
{"sessionId":"0173da","runId":"post-fix","timestamp":1783913472052,"hypothesisId":"L2","location":"dataplane_wan.c:reassemble_l2","message":"l2_reassemble_pending","data":{"pkt_id":950,"frag_idx":0,"nd":1465}}
{"sessionId":"0173da","runId":"post-fix","timestamp":1783913472052,"hypothesisId":"L2","location":"dataplane_wan.c:reassemble_l2","message":"l2_reassemble_pending","data":{"pkt_id":569,"frag_idx":0,"nd":1465}}
{"sessionId":"0173da","runId":"post-fix","timestamp":1783913472052,"hypothesisId":"L2","location":"dataplane_wan.c:reassemble_l2","message":"l2_reassemble_pending","data":{"pkt_id":723,"frag_idx":0,"nd":1465}}
{"sessionId":"0173da","runId":"post-fix","timestamp":1783913472052,"hypothesisId":"L2","location":"dataplane_wan.c:reassemble_l2","message":"l2_reassemble_pending","data":{"pkt_id":410,"frag_idx":0,"nd":1465}}
{"sessionId":"0173da","runId":"post-fix","timestamp":1783913472052,"hypothesisId":"L2","location":"dataplane_wan.c:reassemble_l2","message":"l2_reassemble_pending","data":{"pkt_id":988,"frag_idx":0,"nd":1465}}
{"sessionId":"0173da","runId":"post-fix","timestamp":1783913472052,"hypothesisId":"L2","location":"dataplane_wan.c:reassemble_l2","message":"l2_reassemble_pending","data":{"pkt_id":954,"frag_idx":0,"nd":1465}}
{"sessionId":"0173da","runId":"post-fix","timestamp":1783913472052,"hypothesisId":"L2","location":"dataplane_wan.c:reassemble_l2","message":"l2_reassemble_pending","data":{"pkt_id":572,"frag_idx":0,"nd":1465}}
{"sessionId":"0173da","runId":"post-fix","timestamp":1783913472052,"hypothesisId":"L2","location":"dataplane_wan.c:reassemble_l2","message":"l2_reassemble_pending","data":{"pkt_id":739,"frag_idx":0,"nd":1465}}
{"sessionId":"0173da","runId":"post-fix","timestamp":1783913472052,"hypothesisId":"L2","location":"dataplane_wan.c:reassemble_l2","message":"l2_reassemble_pending","data":{"pkt_id":991,"frag_idx":0,"nd":1465}}
{"sessionId":"0173da","runId":"post-fix","timestamp":1783913472052,"hypothesisId":"L2","location":"dataplane_wan.c:reassemble_l2","message":"l2_reassemble_pending","data":{"pkt_id":379,"frag_idx":0,"nd":1465}}
{"sessionId":"0173da","runId":"post-fix","timestamp":1783913472052,"hypothesisId":"L2","location":"dataplane_wan.c:reassemble_l2","message":"l2_reassemble_pending","data":{"pkt_id":412,"frag_idx":0,"nd":1465}}
{"sessionId":"0173da","runId":"post-fix","timestamp":1783913472052,"hypothesisId":"L2","location":"dataplane_wan.c:reassemble_l2","message":"l2_reassemble_pending","data":{"pkt_id":958,"frag_idx":0,"nd":1465}}
{"sessionId":"0173da","runId":"post-fix","timestamp":1783913472052,"hypothesisId":"L2","location":"dataplane_wan.c:reassemble_l2","message":"l2_reassemble_pending","data":{"pkt_id":579,"frag_idx":0,"nd":1465}}
{"sessionId":"0173da","runId":"post-fix","timestamp":1783913472052,"hypothesisId":"L2","location":"dataplane_wan.c:reassemble_l2","message":"l2_reassemble_pending","data":{"pkt_id":745,"frag_idx":0,"nd":1465}}
{"sessionId":"0173da","runId":"post-fix","timestamp":1783913472052,"hypothesisId":"L2","location":"dataplane_wan.c:reassemble_l2","message":"l2_reassemble_pending","data":{"pkt_id":960,"frag_idx":0,"nd":1465}}
{"sessionId":"0173da","runId":"post-fix","timestamp":1783913472052,"hypothesisId":"L2","location":"dataplane_wan.c:reassemble_l2","message":"l2_reassemble_pending","data":{"pkt_id":413,"frag_idx":0,"nd":1465}}
{"sessionId":"0173da","runId":"post-fix","timestamp":1783913472052,"hypothesisId":"L2","location":"dataplane_wan.c:reassemble_l2","message":"l2_reassemble_pending","data":{"pkt_id":994,"frag_idx":0,"nd":1465}}
{"sessionId":"0173da","runId":"post-fix","timestamp":1783913472052,"hypothesisId":"L2","location":"dataplane_wan.c:reassemble_l2","message":"l2_reassemble_pending","data":{"pkt_id":381,"frag_idx":0,"nd":1465}}
{"sessionId":"0173da","runId":"post-fix","timestamp":1783913472052,"hypothesisId":"L2","location":"dataplane_wan.c:reassemble_l2","message":"l2_reassemble_pending","data":{"pkt_id":750,"frag_idx":0,"nd":1465}}
{"sessionId":"0173da","runId":"post-fix","timestamp":1783913472052,"hypothesisId":"L2","location":"dataplane_wan.c:reassemble_l2","message":"l2_reassemble_pending","data":{"pkt_id":582,"frag_idx":0,"nd":1465}}
{"sessionId":"0173da","runId":"post-fix","timestamp":1783913472052,"hypothesisId":"L2","location":"dataplane_wan.c:reassemble_l2","message":"l2_reassemble_pending","data":{"pkt_id":997,"frag_idx":0,"nd":1465}}
{"sessionId":"0173da","runId":"post-fix","timestamp":1783913472052,"hypothesisId":"L2","location":"dataplane_wan.c:reassemble_l2","message":"l2_reassemble_pending","data":{"pkt_id":963,"frag_idx":0,"nd":1465}}
{"sessionId":"0173da","runId":"post-fix","timestamp":1783913472052,"hypothesisId":"L2","location":"dataplane_wan.c:reassemble_l2","message":"l2_reassemble_pending","data":{"pkt_id":416,"frag_idx":0,"nd":1465}}
{"sessionId":"0173da","runId":"post-fix","timestamp":1783913472052,"hypothesisId":"L2","location":"dataplane_wan.c:reassemble_l2","message":"l2_reassemble_pending","data":{"pkt_id":585,"frag_idx":0,"nd":1465}}
{"sessionId":"0173da","runId":"post-fix","timestamp":1783913472052,"hypothesisId":"L2","location":"dataplane_wan.c:reassemble_l2","message":"l2_reassemble_pending","data":{"pkt_id":728,"frag_idx":0,"nd":1465}}
{"sessionId":"0173da","runId":"post-fix","timestamp":1783913472052,"hypothesisId":"L2","location":"dataplane_wan.c:reassemble_l2","message":"l2_reassemble_pending","data":{"pkt_id":1003,"frag_idx":0,"nd":1465}}
{"sessionId":"0173da","runId":"post-fix","timestamp":1783913472052,"hypothesisId":"L2","location":"dataplane_wan.c:reassemble_l2","message":"l2_reassemble_pending","data":{"pkt_id":973,"frag_idx":0,"nd":1465}}
{"sessionId":"0173da","runId":"post-fix","timestamp":1783913472052,"hypothesisId":"L2","location":"dataplane_wan.c:reassemble_l2","message":"l2_reassemble_pending","data":{"pkt_id":418,"frag_idx":0,"nd":1465}}
{"sessionId":"0173da","runId":"post-fix","timestamp":1783913472052,"hypothesisId":"L2","location":"dataplane_wan.c:reassemble_l2","message":"l2_reassemble_pending","data":{"pkt_id":428,"frag_idx":0,"nd":1465}}
{"sessionId":"0173da","runId":"post-fix","timestamp":1783913472052,"hypothesisId":"L2","location":"dataplane_wan.c:reassemble_l2","message":"l2_reassemble_pending","data":{"pkt_id":1007,"frag_idx":0,"nd":1465}}
{"sessionId":"0173da","runId":"post-fix","timestamp":1783913472052,"hypothesisId":"L2","location":"dataplane_wan.c:reassemble_l2","message":"l2_reassemble_pending","data":{"pkt_id":394,"frag_idx":0,"nd":1465}}
{"sessionId":"0173da","runId":"post-fix","timestamp":1783913472053,"hypothesisId":"L2","location":"dataplane_wan.c:reassemble_l2","message":"l2_reassemble_pending","data":{"pkt_id":1014,"frag_idx":0,"nd":1465}}
{"sessionId":"0173da","runId":"post-fix","timestamp":1783913472053,"hypothesisId":"L2","location":"dataplane_wan.c:reassemble_l2","message":"l2_reassemble_pending","data":{"pkt_id":431,"frag_idx":0,"nd":1465}}
{"sessionId":"0173da","runId":"post-fix","timestamp":1783913472052,"hypothesisId":"L2","location":"dataplane_wan.c:reassemble_l2","message":"l2_reassemble_pending","data":{"pkt_id":587,"frag_idx":0,"nd":1465}}
{"sessionId":"0173da","runId":"post-fix","timestamp":1783913472052,"hypothesisId":"L2","location":"dataplane_wan.c:reassemble_l2","message":"l2_reassemble_pending","data":{"pkt_id":733,"frag_idx":0,"nd":1465}}
{"sessionId":"0173da","runId":"post-fix","timestamp":1783913472053,"hypothesisId":"L2","location":"dataplane_wan.c:reassemble_l2","message":"l2_reassemble_pending","data":{"pkt_id":977,"frag_idx":0,"nd":1465}}
{"sessionId":"0173da","runId":"post-fix","timestamp":1783913472053,"hypothesisId":"L2","location":"dataplane_wan.c:reassemble_l2","message":"l2_reassemble_pending","data":{"pkt_id":1017,"frag_idx":0,"nd":1465}}
{"sessionId":"0173da","runId":"post-fix","timestamp":1783913472053,"hypothesisId":"L2","location":"dataplane_wan.c:reassemble_l2","message":"l2_reassemble_pending","data":{"pkt_id":588,"frag_idx":0,"nd":1465}}
{"sessionId":"0173da","runId":"post-fix","timestamp":1783913472053,"hypothesisId":"L2","location":"dataplane_wan.c:reassemble_l2","message":"l2_reassemble_pending","data":{"pkt_id":1000,"frag_idx":0,"nd":1465}}
{"sessionId":"0173da","runId":"post-fix","timestamp":1783913472053,"hypothesisId":"L2","location":"dataplane_wan.c:reassemble_l2","message":"l2_reassemble_pending","data":{"pkt_id":434,"frag_idx":0,"nd":1465}}
{"sessionId":"0173da","runId":"post-fix","timestamp":1783913472053,"hypothesisId":"L2","location":"dataplane_wan.c:reassemble_l2","message":"l2_reassemble_pending","data":{"pkt_id":398,"frag_idx":0,"nd":1465}}
{"sessionId":"0173da","runId":"post-fix","timestamp":1783913472053,"hypothesisId":"L2","location":"dataplane_wan.c:reassemble_l2","message":"l2_reassemble_pending","data":{"pkt_id":735,"frag_idx":0,"nd":1465}}
{"sessionId":"0173da","runId":"post-fix","timestamp":1783913472053,"hypothesisId":"L2","location":"dataplane_wan.c:reassemble_l2","message":"l2_reassemble_pending","data":{"pkt_id":1020,"frag_idx":0,"nd":1465}}
{"sessionId":"0173da","runId":"post-fix","timestamp":1783913472053,"hypothesisId":"L2","location":"dataplane_wan.c:reassemble_l2","message":"l2_reassemble_pending","data":{"pkt_id":597,"frag_idx":0,"nd":1465}}
{"sessionId":"0173da","runId":"post-fix","timestamp":1783913472053,"hypothesisId":"L2","location":"dataplane_wan.c:reassemble_l2","message":"l2_reassemble_pending","data":{"pkt_id":1005,"frag_idx":0,"nd":1465}}
{"sessionId":"0173da","runId":"post-fix","timestamp":1783913472053,"hypothesisId":"L2","location":"dataplane_wan.c:reassemble_l2","message":"l2_reassemble_pending","data":{"pkt_id":437,"frag_idx":0,"nd":1465}}
{"sessionId":"0173da","runId":"post-fix","timestamp":1783913472053,"hypothesisId":"L2","location":"dataplane_wan.c:reassemble_l2","message":"l2_reassemble_pending","data":{"pkt_id":401,"frag_idx":0,"nd":1465}}
{"sessionId":"0173da","runId":"post-fix","timestamp":1783913472053,"hypothesisId":"L2","location":"dataplane_wan.c:reassemble_l2","message":"l2_reassemble_pending","data":{"pkt_id":744,"frag_idx":0,"nd":1465}}
{"sessionId":"0173da","runId":"post-fix","timestamp":1783913472053,"hypothesisId":"L2","location":"dataplane_wan.c:reassemble_l2","message":"l2_reassemble_pending","data":{"pkt_id":1023,"frag_idx":0,"nd":1465}}
{"sessionId":"0173da","runId":"post-fix","timestamp":1783913472053,"hypothesisId":"L2","location":"dataplane_wan.c:reassemble_l2","message":"l2_reassemble_pending","data":{"pkt_id":442,"frag_idx":0,"nd":1465}}
{"sessionId":"0173da","runId":"post-fix","timestamp":1783913472053,"hypothesisId":"L2","location":"dataplane_wan.c:reassemble_l2","message":"l2_reassemble_pending","data":{"pkt_id":1011,"frag_idx":0,"nd":1465}}
{"sessionId":"0173da","runId":"post-fix","timestamp":1783913472053,"hypothesisId":"L2","location":"dataplane_wan.c:reassemble_l2","message":"l2_reassemble_pending","data":{"pkt_id":607,"frag_idx":0,"nd":1465}}
{"sessionId":"0173da","runId":"post-fix","timestamp":1783913472053,"hypothesisId":"L2","location":"dataplane_wan.c:reassemble_l2","message":"l2_reassemble_pending","data":{"pkt_id":404,"frag_idx":0,"nd":1465}}
{"sessionId":"0173da","runId":"post-fix","timestamp":1783913472053,"hypothesisId":"L2","location":"dataplane_wan.c:reassemble_l2","message":"l2_reassemble_pending","data":{"pkt_id":1027,"frag_idx":0,"nd":1465}}
{"sessionId":"0173da","runId":"post-fix","timestamp":1783913472053,"hypothesisId":"L2","location":"dataplane_wan.c:reassemble_l2","message":"l2_reassemble_pending","data":{"pkt_id":748,"frag_idx":0,"nd":1465}}
{"sessionId":"0173da","runId":"post-fix","timestamp":1783913472053,"hypothesisId":"L2","location":"dataplane_wan.c:reassemble_l2","message":"l2_reassemble_pending","data":{"pkt_id":540,"frag_idx":0,"nd":1465}}
{"sessionId":"0173da","runId":"post-fix","timestamp":1783913472053,"hypothesisId":"L2","location":"dataplane_wan.c:reassemble_l2","message":"l2_reassemble_pending","data":{"pkt_id":1013,"frag_idx":0,"nd":1465}}
{"sessionId":"0173da","runId":"post-fix","timestamp":1783913472053,"hypothesisId":"L2","location":"dataplane_wan.c:reassemble_l2","message":"l2_reassemble_pending","data":{"pkt_id":610,"frag_idx":0,"nd":1465}}
{"sessionId":"0173da","runId":"post-fix","timestamp":1783913472053,"hypothesisId":"L2","location":"dataplane_wan.c:reassemble_l2","message":"l2_reassemble_pending","data":{"pkt_id":405,"frag_idx":0,"nd":1465}}
{"sessionId":"0173da","runId":"post-fix","timestamp":1783913472053,"hypothesisId":"L2","location":"dataplane_wan.c:reassemble_l2","message":"l2_reassemble_pending","data":{"pkt_id":1030,"frag_idx":0,"nd":1465}}
{"sessionId":"0173da","runId":"post-fix","timestamp":1783913472053,"hypothesisId":"L2","location":"dataplane_wan.c:reassemble_l2","message":"l2_reassemble_pending","data":{"pkt_id":755,"frag_idx":0,"nd":1465}}
{"sessionId":"0173da","runId":"post-fix","timestamp":1783913472053,"hypothesisId":"L2","location":"dataplane_wan.c:reassemble_l2","message":"l2_reassemble_pending","data":{"pkt_id":542,"frag_idx":0,"nd":1465}}
{"sessionId":"0173da","runId":"post-fix","timestamp":1783913472053,"hypothesisId":"L2","location":"dataplane_wan.c:reassemble_l2","message":"l2_reassemble_pending","data":{"pkt_id":1016,"frag_idx":0,"nd":1465}}
{"sessionId":"0173da","runId":"post-fix","timestamp":1783913472053,"hypothesisId":"L2","location":"dataplane_wan.c:dataplane_process_wan","message":"wan_l2_forward_ok","data":{"wire_in":98,"plain_len":1514,"n":1024}}
{"sessionId":"0173da","runId":"post-fix","timestamp":1783913472053,"hypothesisId":"L2","location":"dataplane_wan.c:reassemble_l2","message":"l2_reassemble_pending","data":{"pkt_id":613,"frag_idx":0,"nd":1465}}
{"sessionId":"0173da","runId":"post-fix","timestamp":1783913472053,"hypothesisId":"L2","location":"dataplane_wan.c:reassemble_l2","message":"l2_reassemble_pending","data":{"pkt_id":758,"frag_idx":0,"nd":1465}}
{"sessionId":"0173da","runId":"post-fix","timestamp":1783913472053,"hypothesisId":"L2","location":"dataplane_wan.c:reassemble_l2","message":"l2_reassemble_pending","data":{"pkt_id":1109,"frag_idx":0,"nd":1465}}
{"sessionId":"0173da","runId":"post-fix","timestamp":1783913472053,"hypothesisId":"L2","location":"dataplane_wan.c:reassemble_l2","message":"l2_reassemble_pending","data":{"pkt_id":546,"frag_idx":0,"nd":1465}}
{"sessionId":"0173da","runId":"post-fix","timestamp":1783913472053,"hypothesisId":"L2","location":"dataplane_wan.c:reassemble_l2","message":"l2_reassemble_pending","data":{"pkt_id":1038,"frag_idx":0,"nd":1465}}
{"sessionId":"0173da","runId":"post-fix","timestamp":1783913472053,"hypothesisId":"L2","location":"dataplane_wan.c:reassemble_l2","message":"l2_reassemble_pending","data":{"pkt_id":767,"frag_idx":0,"nd":1465}}
{"sessionId":"0173da","runId":"post-fix","timestamp":1783913472053,"hypothesisId":"L2","location":"dataplane_wan.c:reassemble_l2","message":"l2_reassemble_pending","data":{"pkt_id":406,"frag_idx":0,"nd":1465}}
{"sessionId":"0173da","runId":"post-fix","timestamp":1783913472053,"hypothesisId":"L2","location":"dataplane_wan.c:reassemble_l2","message":"l2_reassemble_pending","data":{"pkt_id":617,"frag_idx":0,"nd":1465}}
{"sessionId":"0173da","runId":"post-fix","timestamp":1783913472053,"hypothesisId":"L2","location":"dataplane_wan.c:reassemble_l2","message":"l2_reassemble_pending","data":{"pkt_id":1112,"frag_idx":0,"nd":1465}}
{"sessionId":"0173da","runId":"post-fix","timestamp":1783913472053,"hypothesisId":"L2","location":"dataplane_wan.c:reassemble_l2","message":"l2_reassemble_pending","data":{"pkt_id":1058,"frag_idx":0,"nd":1465}}
{"sessionId":"0173da","runId":"post-fix","timestamp":1783913472053,"hypothesisId":"L2","location":"dataplane_wan.c:reassemble_l2","message":"l2_reassemble_pending","data":{"pkt_id":550,"frag_idx":0,"nd":1465}}
{"sessionId":"0173da","runId":"post-fix","timestamp":1783913472053,"hypothesisId":"L2","location":"dataplane_wan.c:reassemble_l2","message":"l2_reassemble_pending","data":{"pkt_id":621,"frag_idx":0,"nd":1465}}
{"sessionId":"0173da","runId":"post-fix","timestamp":1783913472053,"hypothesisId":"L2","location":"dataplane_wan.c:reassemble_l2","message":"l2_reassemble_pending","data":{"pkt_id":1117,"frag_idx":0,"nd":1465}}
{"sessionId":"0173da","runId":"post-fix","timestamp":1783913472053,"hypothesisId":"L2","location":"dataplane_wan.c:reassemble_l2","message":"l2_reassemble_pending","data":{"pkt_id":772,"frag_idx":0,"nd":1465}}
{"sessionId":"0173da","runId":"post-fix","timestamp":1783913472053,"hypothesisId":"L2","location":"dataplane_wan.c:reassemble_l2","message":"l2_reassemble_pending","data":{"pkt_id":1061,"frag_idx":0,"nd":1465}}
{"sessionId":"0173da","runId":"post-fix","timestamp":1783913472053,"hypothesisId":"L2","location":"dataplane_wan.c:reassemble_l2","message":"l2_reassemble_pending","data":{"pkt_id":557,"frag_idx":0,"nd":1465}}
{"sessionId":"0173da","runId":"post-fix","timestamp":1783913472053,"hypothesisId":"L2","location":"dataplane_wan.c:reassemble_l2","message":"l2_reassemble_pending","data":{"pkt_id":624,"frag_idx":0,"nd":1465}}
{"sessionId":"0173da","runId":"post-fix","timestamp":1783913472053,"hypothesisId":"L2","location":"dataplane_wan.c:reassemble_l2","message":"l2_reassemble_pending","data":{"pkt_id":422,"frag_idx":0,"nd":1465}}
{"sessionId":"0173da","runId":"post-fix","timestamp":1783913472053,"hypothesisId":"L2","location":"dataplane_wan.c:reassemble_l2","message":"l2_reassemble_pending","data":{"pkt_id":1064,"frag_idx":0,"nd":1465}}
{"sessionId":"0173da","runId":"post-fix","timestamp":1783913472053,"hypothesisId":"L2","location":"dataplane_wan.c:reassemble_l2","message":"l2_reassemble_pending","data":{"pkt_id":1143,"frag_idx":0,"nd":1465}}
{"sessionId":"0173da","runId":"post-fix","timestamp":1783913472053,"hypothesisId":"L2","location":"dataplane_wan.c:reassemble_l2","message":"l2_reassemble_pending","data":{"pkt_id":775,"frag_idx":0,"nd":1465}}
{"sessionId":"0173da","runId":"post-fix","timestamp":1783913472053,"hypothesisId":"L2","location":"dataplane_wan.c:reassemble_l2","message":"l2_reassemble_pending","data":{"pkt_id":559,"frag_idx":0,"nd":1465}}
{"sessionId":"0173da","runId":"post-fix","timestamp":1783913472053,"hypothesisId":"L2","location":"dataplane_wan.c:reassemble_l2","message":"l2_reassemble_pending","data":{"pkt_id":649,"frag_idx":0,"nd":1465}}
{"sessionId":"0173da","runId":"post-fix","timestamp":1783913472053,"hypothesisId":"L2","location":"dataplane_wan.c:reassemble_l2","message":"l2_reassemble_pending","data":{"pkt_id":1065,"frag_idx":0,"nd":1465}}
{"sessionId":"0173da","runId":"post-fix","timestamp":1783913472053,"hypothesisId":"L2","location":"dataplane_wan.c:reassemble_l2","message":"l2_reassemble_pending","data":{"pkt_id":1145,"frag_idx":0,"nd":1465}}
{"sessionId":"0173da","runId":"post-fix","timestamp":1783913472053,"hypothesisId":"L2","location":"dataplane_wan.c:reassemble_l2","message":"l2_reassemble_pending","data":{"pkt_id":425,"frag_idx":0,"nd":1465}}
{"sessionId":"0173da","runId":"post-fix","timestamp":1783913472053,"hypothesisId":"L2","location":"dataplane_wan.c:reassemble_l2","message":"l2_reassemble_pending","data":{"pkt_id":777,"frag_idx":0,"nd":1465}}
{"sessionId":"0173da","runId":"post-fix","timestamp":1783913472053,"hypothesisId":"L2","location":"dataplane_wan.c:reassemble_l2","message":"l2_reassemble_pending","data":{"pkt_id":562,"frag_idx":0,"nd":1465}}
{"sessionId":"0173da","runId":"post-fix","timestamp":1783913472053,"hypothesisId":"L2","location":"dataplane_wan.c:reassemble_l2","message":"l2_reassemble_pending","data":{"pkt_id":655,"frag_idx":0,"nd":1465}}
{"sessionId":"0173da","runId":"post-fix","timestamp":1783913472053,"hypothesisId":"L2","location":"dataplane_wan.c:reassemble_l2","message":"l2_reassemble_pending","data":{"pkt_id":1067,"frag_idx":0,"nd":1465}}
{"sessionId":"0173da","runId":"post-fix","timestamp":1783913472053,"hypothesisId":"L2","location":"dataplane_wan.c:reassemble_l2","message":"l2_reassemble_pending","data":{"pkt_id":1149,"frag_idx":0,"nd":1465}}
{"sessionId":"0173da","runId":"post-fix","timestamp":1783913472053,"hypothesisId":"L2","location":"dataplane_wan.c:reassemble_l2","message":"l2_reassemble_pending","data":{"pkt_id":426,"frag_idx":0,"nd":1465}}
{"sessionId":"0173da","runId":"post-fix","timestamp":1783913472053,"hypothesisId":"L2","location":"dataplane_wan.c:reassemble_l2","message":"l2_reassemble_pending","data":{"pkt_id":778,"frag_idx":0,"nd":1465}}
{"sessionId":"0173da","runId":"post-fix","timestamp":1783913472053,"hypothesisId":"L2","location":"dataplane_wan.c:reassemble_l2","message":"l2_reassemble_pending","data":{"pkt_id":658,"frag_idx":0,"nd":1465}}
{"sessionId":"0173da","runId":"post-fix","timestamp":1783913472053,"hypothesisId":"L2","location":"dataplane_wan.c:reassemble_l2","message":"l2_reassemble_pending","data":{"pkt_id":565,"frag_idx":0,"nd":1465}}
{"sessionId":"0173da","runId":"post-fix","timestamp":1783913472053,"hypothesisId":"L2","location":"dataplane_wan.c:reassemble_l2","message":"l2_reassemble_pending","data":{"pkt_id":1070,"frag_idx":0,"nd":1465}}
{"sessionId":"0173da","runId":"post-fix","timestamp":1783913472053,"hypothesisId":"L2","location":"dataplane_wan.c:reassemble_l2","message":"l2_reassemble_pending","data":{"pkt_id":1153,"frag_idx":0,"nd":1465}}
{"sessionId":"0173da","runId":"post-fix","timestamp":1783913472053,"hypothesisId":"L2","location":"dataplane_wan.c:reassemble_l2","message":"l2_reassemble_pending","data":{"pkt_id":568,"frag_idx":0,"nd":1465}}
{"sessionId":"0173da","runId":"post-fix","timestamp":1783913472053,"hypothesisId":"L2","location":"dataplane_wan.c:reassemble_l2","message":"l2_reassemble_pending","data":{"pkt_id":779,"frag_idx":0,"nd":1465}}
{"sessionId":"0173da","runId":"post-fix","timestamp":1783913472053,"hypothesisId":"L2","location":"dataplane_wan.c:reassemble_l2","message":"l2_reassemble_pending","data":{"pkt_id":662,"frag_idx":0,"nd":1465}}
{"sessionId":"0173da","runId":"post-fix","timestamp":1783913472053,"hypothesisId":"L2","location":"dataplane_wan.c:reassemble_l2","message":"l2_reassemble_pending","data":{"pkt_id":1046,"frag_idx":0,"nd":1465}}
{"sessionId":"0173da","runId":"post-fix","timestamp":1783913472053,"hypothesisId":"L2","location":"dataplane_wan.c:reassemble_l2","message":"l2_reassemble_pending","data":{"pkt_id":1157,"frag_idx":0,"nd":1465}}
{"sessionId":"0173da","runId":"post-fix","timestamp":1783913472053,"hypothesisId":"L2","location":"dataplane_wan.c:reassemble_l2","message":"l2_reassemble_pending","data":{"pkt_id":570,"frag_idx":0,"nd":1465}}
{"sessionId":"0173da","runId":"post-fix","timestamp":1783913472053,"hypothesisId":"L2","location":"dataplane_wan.c:reassemble_l2","message":"l2_reassemble_pending","data":{"pkt_id":781,"frag_idx":0,"nd":1465}}
{"sessionId":"0173da","runId":"post-fix","timestamp":1783913472053,"hypothesisId":"L2","location":"dataplane_wan.c:reassemble_l2","message":"l2_reassemble_pending","data":{"pkt_id":430,"frag_idx":0,"nd":1465}}
{"sessionId":"0173da","runId":"post-fix","timestamp":1783913472053,"hypothesisId":"L2","location":"dataplane_wan.c:reassemble_l2","message":"l2_reassemble_pending","data":{"pkt_id":667,"frag_idx":0,"nd":1465}}
{"sessionId":"0173da","runId":"post-fix","timestamp":1783913472053,"hypothesisId":"L2","location":"dataplane_wan.c:reassemble_l2","message":"l2_reassemble_pending","data":{"pkt_id":1052,"frag_idx":0,"nd":1465}}
{"sessionId":"0173da","runId":"post-fix","timestamp":1783913472053,"hypothesisId":"L2","location":"dataplane_wan.c:reassemble_l2","message":"l2_reassemble_pending","data":{"pkt_id":1160,"frag_idx":0,"nd":1465}}
{"sessionId":"0173da","runId":"post-fix","timestamp":1783913472053,"hypothesisId":"L2","location":"dataplane_wan.c:reassemble_l2","message":"l2_reassemble_pending","data":{"pkt_id":573,"frag_idx":0,"nd":1465}}
{"sessionId":"0173da","runId":"post-fix","timestamp":1783913472053,"hypothesisId":"L2","location":"dataplane_wan.c:dataplane_process_wan","message":"l2_frag_pending_hold","data":{"wire_len":1500,"n":768}}
{"sessionId":"0173da","runId":"post-fix","timestamp":1783913472053,"hypothesisId":"L2","location":"dataplane_wan.c:reassemble_l2","message":"l2_reassemble_pending","data":{"pkt_id":785,"frag_idx":0,"nd":1465}}
{"sessionId":"0173da","runId":"post-fix","timestamp":1783913472053,"hypothesisId":"L2","location":"dataplane_wan.c:reassemble_l2","message":"l2_reassemble_pending","data":{"pkt_id":1055,"frag_idx":0,"nd":1465}}
{"sessionId":"0173da","runId":"post-fix","timestamp":1783913472053,"hypothesisId":"L2","location":"dataplane_wan.c:reassemble_l2","message":"l2_reassemble_pending","data":{"pkt_id":752,"frag_idx":0,"nd":1465}}
{"sessionId":"0173da","runId":"post-fix","timestamp":1783913472053,"hypothesisId":"L2","location":"dataplane_wan.c:reassemble_l2","message":"l2_reassemble_join_ok","data":{"pkt_id":573,"frag_idx":1,"out_len":1514,"n":768}}
{"sessionId":"0173da","runId":"post-fix","timestamp":1783913472053,"hypothesisId":"L2","location":"dataplane_wan.c:decrypt_wan","message":"l2_frag_reassemble_ok","data":{"wire_in":98,"plain_len":1514,"pkt_id":1160,"n":768}}
{"sessionId":"0173da","runId":"post-fix","timestamp":1783913472053,"hypothesisId":"L2","location":"dataplane_wan.c:reassemble_l2","message":"l2_reassemble_pending","data":{"pkt_id":790,"frag_idx":0,"nd":1465}}
{"sessionId":"0173da","runId":"post-fix","timestamp":1783913472053,"hypothesisId":"L2","location":"dataplane_wan.c:reassemble_l2","message":"l2_reassemble_pending","data":{"pkt_id":432,"frag_idx":0,"nd":1465}}
{"sessionId":"0173da","runId":"post-fix","timestamp":1783913472053,"hypothesisId":"L2","location":"dataplane_wan.c:reassemble_l2","message":"l2_reassemble_pending","data":{"pkt_id":576,"frag_idx":0,"nd":1465}}
{"sessionId":"0173da","runId":"post-fix","timestamp":1783913472053,"hypothesisId":"L2","location":"dataplane_wan.c:reassemble_l2","message":"l2_reassemble_pending","data":{"pkt_id":1075,"frag_idx":0,"nd":1465}}
{"sessionId":"0173da","runId":"post-fix","timestamp":1783913472053,"hypothesisId":"L2","location":"dataplane_wan.c:reassemble_l2","message":"l2_reassemble_pending","data":{"pkt_id":754,"frag_idx":0,"nd":1465}}
{"sessionId":"0173da","runId":"post-fix","timestamp":1783913472053,"hypothesisId":"L2","location":"dataplane_wan.c:reassemble_l2","message":"l2_reassemble_pending","data":{"pkt_id":1162,"frag_idx":0,"nd":1465}}
{"sessionId":"0173da","runId":"post-fix","timestamp":1783913472053,"hypothesisId":"L2","location":"dataplane_wan.c:reassemble_l2","message":"l2_reassemble_pending","data":{"pkt_id":795,"frag_idx":0,"nd":1465}}
{"sessionId":"0173da","runId":"post-fix","timestamp":1783913472053,"hypothesisId":"L2","location":"dataplane_wan.c:reassemble_l2","message":"l2_reassemble_pending","data":{"pkt_id":462,"frag_idx":0,"nd":1465}}
{"sessionId":"0173da","runId":"post-fix","timestamp":1783913472053,"hypothesisId":"L2","location":"dataplane_wan.c:reassemble_l2","message":"l2_reassemble_pending","data":{"pkt_id":577,"frag_idx":0,"nd":1465}}
{"sessionId":"0173da","runId":"post-fix","timestamp":1783913472053,"hypothesisId":"L2","location":"dataplane_wan.c:reassemble_l2","message":"l2_reassemble_pending","data":{"pkt_id":1079,"frag_idx":0,"nd":1465}}
{"sessionId":"0173da","runId":"post-fix","timestamp":1783913472053,"hypothesisId":"L2","location":"dataplane_wan.c:reassemble_l2","message":"l2_reassemble_pending","data":{"pkt_id":759,"frag_idx":0,"nd":1465}}
{"sessionId":"0173da","runId":"post-fix","timestamp":1783913472054,"hypothesisId":"L2","location":"dataplane_wan.c:reassemble_l2","message":"l2_reassemble_pending","data":{"pkt_id":810,"frag_idx":0,"nd":1465}}
{"sessionId":"0173da","runId":"post-fix","timestamp":1783913472054,"hypothesisId":"L2","location":"dataplane_wan.c:reassemble_l2","message":"l2_reassemble_pending","data":{"pkt_id":1163,"frag_idx":0,"nd":1465}}
{"sessionId":"0173da","runId":"post-fix","timestamp":1783913472054,"hypothesisId":"L2","location":"dataplane_wan.c:reassemble_l2","message":"l2_reassemble_pending","data":{"pkt_id":581,"frag_idx":0,"nd":1465}}
{"sessionId":"0173da","runId":"post-fix","timestamp":1783913472054,"hypothesisId":"L2","location":"dataplane_wan.c:reassemble_l2","message":"l2_reassemble_pending","data":{"pkt_id":467,"frag_idx":0,"nd":1465}}
{"sessionId":"0173da","runId":"post-fix","timestamp":1783913472054,"hypothesisId":"L2","location":"dataplane_wan.c:reassemble_l2","message":"l2_reassemble_pending","data":{"pkt_id":1085,"frag_idx":0,"nd":1465}}
{"sessionId":"0173da","runId":"post-fix","timestamp":1783913472054,"hypothesisId":"L2","location":"dataplane_wan.c:reassemble_l2","message":"l2_reassemble_pending","data":{"pkt_id":763,"frag_idx":0,"nd":1465}}
{"sessionId":"0173da","runId":"post-fix","timestamp":1783913472054,"hypothesisId":"L2","location":"dataplane_wan.c:reassemble_l2","message":"l2_reassemble_pending","data":{"pkt_id":817,"frag_idx":0,"nd":1465}}
{"sessionId":"0173da","runId":"post-fix","timestamp":1783913472054,"hypothesisId":"L2","location":"dataplane_wan.c:reassemble_l2","message":"l2_reassemble_pending","data":{"pkt_id":1164,"frag_idx":0,"nd":1465}}
{"sessionId":"0173da","runId":"post-fix","timestamp":1783913472054,"hypothesisId":"L2","location":"dataplane_wan.c:reassemble_l2","message":"l2_reassemble_pending","data":{"pkt_id":584,"frag_idx":0,"nd":1465}}
{"sessionId":"0173da","runId":"post-fix","timestamp":1783913472054,"hypothesisId":"L2","location":"dataplane_wan.c:reassemble_l2","message":"l2_reassemble_pending","data":{"pkt_id":1087,"frag_idx":0,"nd":1465}}
{"sessionId":"0173da","runId":"post-fix","timestamp":1783913472054,"hypothesisId":"L2","location":"dataplane_wan.c:reassemble_l2","message":"l2_reassemble_pending","data":{"pkt_id":764,"frag_idx":0,"nd":1465}}
{"sessionId":"0173da","runId":"post-fix","timestamp":1783913472054,"hypothesisId":"L2","location":"dataplane_wan.c:reassemble_l2","message":"l2_reassemble_pending","data":{"pkt_id":470,"frag_idx":0,"nd":1465}}
{"sessionId":"0173da","runId":"post-fix","timestamp":1783913472054,"hypothesisId":"L2","location":"dataplane_wan.c:reassemble_l2","message":"l2_reassemble_pending","data":{"pkt_id":822,"frag_idx":0,"nd":1465}}
{"sessionId":"0173da","runId":"post-fix","timestamp":1783913472054,"hypothesisId":"L2","location":"dataplane_wan.c:reassemble_l2","message":"l2_reassemble_pending","data":{"pkt_id":1165,"frag_idx":0,"nd":1465}}
{"sessionId":"0173da","runId":"post-fix","timestamp":1783913472054,"hypothesisId":"L2","location":"dataplane_wan.c:reassemble_l2","message":"l2_reassemble_pending","data":{"pkt_id":591,"frag_idx":0,"nd":1465}}
{"sessionId":"0173da","runId":"post-fix","timestamp":1783913472054,"hypothesisId":"L2","location":"dataplane_wan.c:reassemble_l2","message":"l2_reassemble_pending","data":{"pkt_id":1090,"frag_idx":0,"nd":1465}}
{"sessionId":"0173da","runId":"post-fix","timestamp":1783913472054,"hypothesisId":"L2","location":"dataplane_wan.c:reassemble_l2","message":"l2_reassemble_pending","data":{"pkt_id":766,"frag_idx":0,"nd":1465}}
{"sessionId":"0173da","runId":"post-fix","timestamp":1783913472054,"hypothesisId":"L2","location":"dataplane_wan.c:reassemble_l2","message":"l2_reassemble_pending","data":{"pkt_id":824,"frag_idx":0,"nd":1465}}
{"sessionId":"0173da","runId":"post-fix","timestamp":1783913472054,"hypothesisId":"L2","location":"dataplane_wan.c:reassemble_l2","message":"l2_reassemble_pending","data":{"pkt_id":1166,"frag_idx":0,"nd":1465}}
{"sessionId":"0173da","runId":"post-fix","timestamp":1783913472054,"hypothesisId":"L2","location":"dataplane_wan.c:reassemble_l2","message":"l2_reassemble_pending","data":{"pkt_id":595,"frag_idx":0,"nd":1465}}
{"sessionId":"0173da","runId":"post-fix","timestamp":1783913472054,"hypothesisId":"L2","location":"dataplane_wan.c:reassemble_l2","message":"l2_reassemble_pending","data":{"pkt_id":473,"frag_idx":0,"nd":1465}}
{"sessionId":"0173da","runId":"post-fix","timestamp":1783913472054,"hypothesisId":"L2","location":"dataplane_wan.c:reassemble_l2","message":"l2_reassemble_pending","data":{"pkt_id":1095,"frag_idx":0,"nd":1465}}
{"sessionId":"0173da","runId":"post-fix","timestamp":1783913472054,"hypothesisId":"L2","location":"dataplane_wan.c:reassemble_l2","message":"l2_reassemble_pending","data":{"pkt_id":769,"frag_idx":0,"nd":1465}}
{"sessionId":"0173da","runId":"post-fix","timestamp":1783913472054,"hypothesisId":"L2","location":"dataplane_wan.c:reassemble_l2","message":"l2_reassemble_pending","data":{"pkt_id":829,"frag_idx":0,"nd":1465}}
{"sessionId":"0173da","runId":"post-fix","timestamp":1783913472054,"hypothesisId":"L2","location":"dataplane_wan.c:reassemble_l2","message":"l2_reassemble_pending","data":{"pkt_id":1178,"frag_idx":0,"nd":1465}}
{"sessionId":"0173da","runId":"post-fix","timestamp":1783913472054,"hypothesisId":"L2","location":"dataplane_wan.c:reassemble_l2","message":"l2_reassemble_pending","data":{"pkt_id":601,"frag_idx":0,"nd":1465}}
{"sessionId":"0173da","runId":"post-fix","timestamp":1783913472054,"hypothesisId":"L2","location":"dataplane_wan.c:reassemble_l2","message":"l2_reassemble_pending","data":{"pkt_id":1099,"frag_idx":0,"nd":1465}}
{"sessionId":"0173da","runId":"post-fix","timestamp":1783913472054,"hypothesisId":"L2","location":"dataplane_wan.c:reassemble_l2","message":"l2_reassemble_pending","data":{"pkt_id":503,"frag_idx":0,"nd":1465}}
{"sessionId":"0173da","runId":"post-fix","timestamp":1783913472054,"hypothesisId":"L2","location":"dataplane_wan.c:reassemble_l2","message":"l2_reassemble_pending","data":{"pkt_id":770,"frag_idx":0,"nd":1465}}
{"sessionId":"0173da","runId":"post-fix","timestamp":1783913472054,"hypothesisId":"L2","location":"dataplane_wan.c:reassemble_l2","message":"l2_reassemble_pending","data":{"pkt_id":606,"frag_idx":0,"nd":1465}}
{"sessionId":"0173da","runId":"post-fix","timestamp":1783913472054,"hypothesisId":"L2","location":"dataplane_wan.c:reassemble_l2","message":"l2_reassemble_pending","data":{"pkt_id":832,"frag_idx":0,"nd":1465}}
{"sessionId":"0173da","runId":"post-fix","timestamp":1783913472054,"hypothesisId":"L2","location":"dataplane_wan.c:reassemble_l2","message":"l2_reassemble_pending","data":{"pkt_id":1184,"frag_idx":0,"nd":1465}}
{"sessionId":"0173da","runId":"post-fix","timestamp":1783913472054,"hypothesisId":"L2","location":"dataplane_wan.c:reassemble_l2","message":"l2_reassemble_pending","data":{"pkt_id":1197,"frag_idx":0,"nd":1465}}
{"sessionId":"0173da","runId":"post-fix","timestamp":1783913472054,"hypothesisId":"L2","location":"dataplane_wan.c:reassemble_l2","message":"l2_reassemble_pending","data":{"pkt_id":508,"frag_idx":0,"nd":1465}}
{"sessionId":"0173da","runId":"post-fix","timestamp":1783913472054,"hypothesisId":"L2","location":"dataplane_wan.c:reassemble_l2","message":"l2_reassemble_pending","data":{"pkt_id":609,"frag_idx":0,"nd":1465}}
{"sessionId":"0173da","runId":"post-fix","timestamp":1783913472054,"hypothesisId":"L2","location":"dataplane_wan.c:reassemble_l2","message":"l2_reassemble_pending","data":{"pkt_id":773,"frag_idx":0,"nd":1465}}
{"sessionId":"0173da","runId":"post-fix","timestamp":1783913472054,"hypothesisId":"L2","location":"dataplane_wan.c:reassemble_l2","message":"l2_reassemble_pending","data":{"pkt_id":836,"frag_idx":0,"nd":1465}}
{"sessionId":"0173da","runId":"post-fix","timestamp":1783913472054,"hypothesisId":"L2","location":"dataplane_wan.c:reassemble_l2","message":"l2_reassemble_pending","data":{"pkt_id":1187,"frag_idx":0,"nd":1465}}
{"sessionId":"0173da","runId":"post-fix","timestamp":1783913472054,"hypothesisId":"L2","location":"dataplane_wan.c:reassemble_l2","message":"l2_reassemble_pending","data":{"pkt_id":1201,"frag_idx":0,"nd":1465}}
{"sessionId":"0173da","runId":"post-fix","timestamp":1783913472054,"hypothesisId":"L2","location":"dataplane_wan.c:reassemble_l2","message":"l2_reassemble_pending","data":{"pkt_id":615,"frag_idx":0,"nd":1465}}
{"sessionId":"0173da","runId":"post-fix","timestamp":1783913472054,"hypothesisId":"L2","location":"dataplane_wan.c:reassemble_l2","message":"l2_reassemble_pending","data":{"pkt_id":780,"frag_idx":0,"nd":1465}}
{"sessionId":"0173da","runId":"post-fix","timestamp":1783913472054,"hypothesisId":"L2","location":"dataplane_wan.c:reassemble_l2","message":"l2_reassemble_pending","data":{"pkt_id":839,"frag_idx":0,"nd":1465}}
{"sessionId":"0173da","runId":"post-fix","timestamp":1783913472054,"hypothesisId":"L2","location":"dataplane_wan.c:reassemble_l2","message":"l2_reassemble_pending","data":{"pkt_id":510,"frag_idx":0,"nd":1465}}
{"sessionId":"0173da","runId":"post-fix","timestamp":1783913472054,"hypothesisId":"L2","location":"dataplane_wan.c:reassemble_l2","message":"l2_reassemble_pending","data":{"pkt_id":1189,"frag_idx":0,"nd":1465}}
{"sessionId":"0173da","runId":"post-fix","timestamp":1783913472054,"hypothesisId":"L2","location":"dataplane_wan.c:reassemble_l2","message":"l2_reassemble_pending","data":{"pkt_id":1204,"frag_idx":0,"nd":1465}}
{"sessionId":"0173da","runId":"post-fix","timestamp":1783913472054,"hypothesisId":"L2","location":"dataplane_wan.c:reassemble_l2","message":"l2_reassemble_pending","data":{"pkt_id":618,"frag_idx":0,"nd":1465}}
{"sessionId":"0173da","runId":"post-fix","timestamp":1783913472054,"hypothesisId":"L2","location":"dataplane_wan.c:reassemble_l2","message":"l2_reassemble_pending","data":{"pkt_id":854,"frag_idx":0,"nd":1465}}
{"sessionId":"0173da","runId":"post-fix","timestamp":1783913472054,"hypothesisId":"L2","location":"dataplane_wan.c:reassemble_l2","message":"l2_reassemble_pending","data":{"pkt_id":784,"frag_idx":0,"nd":1465}}
{"sessionId":"0173da","runId":"post-fix","timestamp":1783913472054,"hypothesisId":"L2","location":"dataplane_wan.c:reassemble_l2","message":"l2_reassemble_pending","data":{"pkt_id":1195,"frag_idx":0,"nd":1465}}
{"sessionId":"0173da","runId":"post-fix","timestamp":1783913472054,"hypothesisId":"L2","location":"dataplane_wan.c:reassemble_l2","message":"l2_reassemble_pending","data":{"pkt_id":1208,"frag_idx":0,"nd":1465}}
{"sessionId":"0173da","runId":"post-fix","timestamp":1783913472054,"hypothesisId":"L2","location":"dataplane_wan.c:reassemble_l2","message":"l2_reassemble_pending","data":{"pkt_id":512,"frag_idx":0,"nd":1465}}
{"sessionId":"0173da","runId":"post-fix","timestamp":1783913472054,"hypothesisId":"L2","location":"dataplane_wan.c:reassemble_l2","message":"l2_reassemble_pending","data":{"pkt_id":620,"frag_idx":0,"nd":1465}}
{"sessionId":"0173da","runId":"post-fix","timestamp":1783913472054,"hypothesisId":"L2","location":"dataplane_wan.c:reassemble_l2","message":"l2_reassemble_pending","data":{"pkt_id":789,"frag_idx":0,"nd":1465}}
{"sessionId":"0173da","runId":"post-fix","timestamp":1783913472054,"hypothesisId":"L2","location":"dataplane_wan.c:reassemble_l2","message":"l2_reassemble_pending","data":{"pkt_id":858,"frag_idx":0,"nd":1465}}
{"sessionId":"0173da","runId":"post-fix","timestamp":1783913472054,"hypothesisId":"L2","location":"dataplane_wan.c:reassemble_l2","message":"l2_reassemble_pending","data":{"pkt_id":1199,"frag_idx":0,"nd":1465}}
{"sessionId":"0173da","runId":"post-fix","timestamp":1783913472054,"hypothesisId":"L2","location":"dataplane_wan.c:reassemble_l2","message":"l2_reassemble_pending","data":{"pkt_id":519,"frag_idx":0,"nd":1465}}
{"sessionId":"0173da","runId":"post-fix","timestamp":1783913472054,"hypothesisId":"L2","location":"dataplane_wan.c:reassemble_l2","message":"l2_reassemble_pending","data":{"pkt_id":623,"frag_idx":0,"nd":1465}}
{"sessionId":"0173da","runId":"post-fix","timestamp":1783913472054,"hypothesisId":"L2","location":"dataplane_wan.c:reassemble_l2","message":"l2_reassemble_pending","data":{"pkt_id":1214,"frag_idx":0,"nd":1465}}
{"sessionId":"0173da","runId":"post-fix","timestamp":1783913472054,"hypothesisId":"L2","location":"dataplane_wan.c:reassemble_l2","message":"l2_reassemble_pending","data":{"pkt_id":797,"frag_idx":0,"nd":1465}}
{"sessionId":"0173da","runId":"post-fix","timestamp":1783913472054,"hypothesisId":"L2","location":"dataplane_wan.c:reassemble_l2","message":"l2_reassemble_pending","data":{"pkt_id":862,"frag_idx":0,"nd":1465}}
{"sessionId":"0173da","runId":"post-fix","timestamp":1783913472054,"hypothesisId":"L2","location":"dataplane_wan.c:reassemble_l2","message":"l2_reassemble_pending","data":{"pkt_id":1202,"frag_idx":0,"nd":1465}}
{"sessionId":"0173da","runId":"post-fix","timestamp":1783913472054,"hypothesisId":"L2","location":"dataplane_wan.c:reassemble_l2","message":"l2_reassemble_pending","data":{"pkt_id":625,"frag_idx":0,"nd":1465}}
{"sessionId":"0173da","runId":"post-fix","timestamp":1783913472054,"hypothesisId":"L2","location":"dataplane_wan.c:reassemble_l2","message":"l2_reassemble_pending","data":{"pkt_id":522,"frag_idx":0,"nd":1465}}
{"sessionId":"0173da","runId":"post-fix","timestamp":1783913472054,"hypothesisId":"L2","location":"dataplane_wan.c:reassemble_l2","message":"l2_reassemble_pending","data":{"pkt_id":1207,"frag_idx":0,"nd":1465}}
{"sessionId":"0173da","runId":"post-fix","timestamp":1783913472054,"hypothesisId":"L2","location":"dataplane_wan.c:reassemble_l2","message":"l2_reassemble_pending","data":{"pkt_id":1216,"frag_idx":0,"nd":1465}}
{"sessionId":"0173da","runId":"post-fix","timestamp":1783913472054,"hypothesisId":"L2","location":"dataplane_wan.c:reassemble_l2","message":"l2_reassemble_pending","data":{"pkt_id":800,"frag_idx":0,"nd":1465}}
{"sessionId":"0173da","runId":"post-fix","timestamp":1783913472054,"hypothesisId":"L2","location":"dataplane_wan.c:reassemble_l2","message":"l2_reassemble_pending","data":{"pkt_id":866,"frag_idx":0,"nd":1465}}
{"sessionId":"0173da","runId":"post-fix","timestamp":1783913472054,"hypothesisId":"L2","location":"dataplane_wan.c:reassemble_l2","message":"l2_reassemble_pending","data":{"pkt_id":627,"frag_idx":0,"nd":1465}}
{"sessionId":"0173da","runId":"post-fix","timestamp":1783913472054,"hypothesisId":"L2","location":"dataplane_wan.c:reassemble_l2","message":"l2_reassemble_pending","data":{"pkt_id":1224,"frag_idx":0,"nd":1465}}
{"sessionId":"0173da","runId":"post-fix","timestamp":1783913472054,"hypothesisId":"L2","location":"dataplane_wan.c:reassemble_l2","message":"l2_reassemble_pending","data":{"pkt_id":1218,"frag_idx":0,"nd":1465}}
{"sessionId":"0173da","runId":"post-fix","timestamp":1783913472054,"hypothesisId":"L2","location":"dataplane_wan.c:reassemble_l2","message":"l2_reassemble_pending","data":{"pkt_id":871,"frag_idx":0,"nd":1465}}
{"sessionId":"0173da","runId":"post-fix","timestamp":1783913472054,"hypothesisId":"L2","location":"dataplane_wan.c:reassemble_l2","message":"l2_reassemble_pending","data":{"pkt_id":629,"frag_idx":0,"nd":1465}}
{"sessionId":"0173da","runId":"post-fix","timestamp":1783913472054,"hypothesisId":"L2","location":"dataplane_wan.c:reassemble_l2","message":"l2_reassemble_pending","data":{"pkt_id":803,"frag_idx":0,"nd":1465}}
{"sessionId":"0173da","runId":"post-fix","timestamp":1783913472054,"hypothesisId":"L2","location":"dataplane_wan.c:reassemble_l2","message":"l2_reassemble_pending","data":{"pkt_id":590,"frag_idx":0,"nd":1465}}
{"sessionId":"0173da","runId":"post-fix","timestamp":1783913472054,"hypothesisId":"L2","location":"dataplane_wan.c:reassemble_l2","message":"l2_reassemble_pending","data":{"pkt_id":1229,"frag_idx":0,"nd":1465}}
{"sessionId":"0173da","runId":"post-fix","timestamp":1783913472054,"hypothesisId":"L2","location":"dataplane_wan.c:reassemble_l2","message":"l2_reassemble_pending","data":{"pkt_id":873,"frag_idx":0,"nd":1465}}
{"sessionId":"0173da","runId":"post-fix","timestamp":1783913472054,"hypothesisId":"L2","location":"dataplane_wan.c:reassemble_l2","message":"l2_reassemble_pending","data":{"pkt_id":1220,"frag_idx":0,"nd":1465}}
{"sessionId":"0173da","runId":"post-fix","timestamp":1783913472054,"hypothesisId":"L2","location":"dataplane_wan.c:reassemble_l2","message":"l2_reassemble_pending","data":{"pkt_id":631,"frag_idx":0,"nd":1465}}
{"sessionId":"0173da","runId":"post-fix","timestamp":1783913472054,"hypothesisId":"L2","location":"dataplane_wan.c:reassemble_l2","message":"l2_reassemble_pending","data":{"pkt_id":806,"frag_idx":0,"nd":1465}}
{"sessionId":"0173da","runId":"post-fix","timestamp":1783913472054,"hypothesisId":"L2","location":"dataplane_wan.c:reassemble_l2","message":"l2_reassemble_pending","data":{"pkt_id":593,"frag_idx":0,"nd":1465}}
{"sessionId":"0173da","runId":"post-fix","timestamp":1783913472054,"hypothesisId":"L2","location":"dataplane_wan.c:reassemble_l2","message":"l2_reassemble_pending","data":{"pkt_id":875,"frag_idx":0,"nd":1465}}
{"sessionId":"0173da","runId":"post-fix","timestamp":1783913472054,"hypothesisId":"L2","location":"dataplane_wan.c:reassemble_l2","message":"l2_reassemble_pending","data":{"pkt_id":1222,"frag_idx":0,"nd":1465}}
{"sessionId":"0173da","runId":"post-fix","timestamp":1783913472054,"hypothesisId":"L2","location":"dataplane_wan.c:reassemble_l2","message":"l2_reassemble_pending","data":{"pkt_id":1236,"frag_idx":0,"nd":1465}}
{"sessionId":"0173da","runId":"post-fix","timestamp":1783913472054,"hypothesisId":"L2","location":"dataplane_wan.c:reassemble_l2","message":"l2_reassemble_pending","data":{"pkt_id":632,"frag_idx":0,"nd":1465}}
{"sessionId":"0173da","runId":"post-fix","timestamp":1783913472054,"hypothesisId":"L2","location":"dataplane_wan.c:reassemble_l2","message":"l2_reassemble_pending","data":{"pkt_id":849,"frag_idx":0,"nd":1465}}
{"sessionId":"0173da","runId":"post-fix","timestamp":1783913472054,"hypothesisId":"L2","location":"dataplane_wan.c:reassemble_l2","message":"l2_reassemble_pending","data":{"pkt_id":1239,"frag_idx":0,"nd":1465}}
{"sessionId":"0173da","runId":"post-fix","timestamp":1783913472054,"hypothesisId":"L2","location":"dataplane_wan.c:reassemble_l2","message":"l2_reassemble_pending","data":{"pkt_id":879,"frag_idx":0,"nd":1465}}
{"sessionId":"0173da","runId":"post-fix","timestamp":1783913472054,"hypothesisId":"L2","location":"dataplane_wan.c:reassemble_l2","message":"l2_reassemble_pending","data":{"pkt_id":598,"frag_idx":0,"nd":1465}}
{"sessionId":"0173da","runId":"post-fix","timestamp":1783913472054,"hypothesisId":"L2","location":"dataplane_wan.c:reassemble_l2","message":"l2_reassemble_pending","data":{"pkt_id":1241,"frag_idx":0,"nd":1465}}
{"sessionId":"0173da","runId":"post-fix","timestamp":1783913472054,"hypothesisId":"L2","location":"dataplane_wan.c:reassemble_l2","message":"l2_reassemble_pending","data":{"pkt_id":633,"frag_idx":0,"nd":1465}}
{"sessionId":"0173da","runId":"post-fix","timestamp":1783913472054,"hypothesisId":"L2","location":"dataplane_wan.c:reassemble_l2","message":"l2_reassemble_pending","data":{"pkt_id":847,"frag_idx":0,"nd":1465}}
{"sessionId":"0173da","runId":"post-fix","timestamp":1783913472054,"hypothesisId":"L2","location":"dataplane_wan.c:reassemble_l2","message":"l2_reassemble_pending","data":{"pkt_id":1226,"frag_idx":0,"nd":1465}}
{"sessionId":"0173da","runId":"post-fix","timestamp":1783913472054,"hypothesisId":"L2","location":"dataplane_wan.c:reassemble_l2","message":"l2_reassemble_pending","data":{"pkt_id":882,"frag_idx":0,"nd":1465}}
{"sessionId":"0173da","runId":"post-fix","timestamp":1783913472054,"hypothesisId":"L2","location":"dataplane_wan.c:reassemble_l2","message":"l2_reassemble_pending","data":{"pkt_id":571,"frag_idx":0,"nd":1465}}
{"sessionId":"0173da","runId":"post-fix","timestamp":1783913472054,"hypothesisId":"L2","location":"dataplane_wan.c:reassemble_l2","message":"l2_reassemble_pending","data":{"pkt_id":634,"frag_idx":0,"nd":1465}}
{"sessionId":"0173da","runId":"post-fix","timestamp":1783913472054,"hypothesisId":"L2","location":"dataplane_wan.c:reassemble_l2","message":"l2_reassemble_pending","data":{"pkt_id":1252,"frag_idx":0,"nd":1465}}
{"sessionId":"0173da","runId":"post-fix","timestamp":1783913472055,"hypothesisId":"L2","location":"dataplane_wan.c:reassemble_l2","message":"l2_reassemble_pending","data":{"pkt_id":852,"frag_idx":0,"nd":1465}}
{"sessionId":"0173da","runId":"post-fix","timestamp":1783913472055,"hypothesisId":"L2","location":"dataplane_wan.c:reassemble_l2","message":"l2_reassemble_pending","data":{"pkt_id":884,"frag_idx":0,"nd":1465}}
{"sessionId":"0173da","runId":"post-fix","timestamp":1783913472055,"hypothesisId":"L2","location":"dataplane_wan.c:reassemble_l2","message":"l2_reassemble_pending","data":{"pkt_id":1317,"frag_idx":0,"nd":1465}}
{"sessionId":"0173da","runId":"post-fix","timestamp":1783913472055,"hypothesisId":"L2","location":"dataplane_wan.c:reassemble_l2","message":"l2_reassemble_pending","data":{"pkt_id":893,"frag_idx":0,"nd":1465}}
{"sessionId":"0173da","runId":"post-fix","timestamp":1783913472055,"hypothesisId":"L2","location":"dataplane_wan.c:reassemble_l2","message":"l2_reassemble_pending","data":{"pkt_id":648,"frag_idx":0,"nd":1465}}
{"sessionId":"0173da","runId":"post-fix","timestamp":1783913472055,"hypothesisId":"L2","location":"dataplane_wan.c:reassemble_l2","message":"l2_reassemble_pending","data":{"pkt_id":1243,"frag_idx":0,"nd":1465}}
{"sessionId":"0173da","runId":"post-fix","timestamp":1783913472055,"hypothesisId":"L2","location":"dataplane_wan.c:reassemble_l2","message":"l2_reassemble_pending","data":{"pkt_id":580,"frag_idx":0,"nd":1465}}
{"sessionId":"0173da","runId":"post-fix","timestamp":1783913472055,"hypothesisId":"L2","location":"dataplane_wan.c:reassemble_l2","message":"l2_reassemble_pending","data":{"pkt_id":887,"frag_idx":0,"nd":1465}}
{"sessionId":"0173da","runId":"post-fix","timestamp":1783913472055,"hypothesisId":"L2","location":"dataplane_wan.c:reassemble_l2","message":"l2_reassemble_pending","data":{"pkt_id":1322,"frag_idx":0,"nd":1465}}
{"sessionId":"0173da","runId":"post-fix","timestamp":1783913472055,"hypothesisId":"L2","location":"dataplane_wan.c:reassemble_l2","message":"l2_reassemble_pending","data":{"pkt_id":653,"frag_idx":0,"nd":1465}}
{"sessionId":"0173da","runId":"post-fix","timestamp":1783913472055,"hypothesisId":"L2","location":"dataplane_wan.c:reassemble_l2","message":"l2_reassemble_pending","data":{"pkt_id":898,"frag_idx":0,"nd":1465}}
{"sessionId":"0173da","runId":"post-fix","timestamp":1783913472055,"hypothesisId":"L2","location":"dataplane_wan.c:reassemble_l2","message":"l2_reassemble_pending","data":{"pkt_id":1244,"frag_idx":0,"nd":1465}}
{"sessionId":"0173da","runId":"post-fix","timestamp":1783913472055,"hypothesisId":"L2","location":"dataplane_wan.c:reassemble_l2","message":"l2_reassemble_pending","data":{"pkt_id":903,"frag_idx":0,"nd":1465}}
{"sessionId":"0173da","runId":"post-fix","timestamp":1783913472055,"hypothesisId":"L2","location":"dataplane_wan.c:reassemble_l2","message":"l2_reassemble_pending","data":{"pkt_id":1329,"frag_idx":0,"nd":1465}}
{"sessionId":"0173da","runId":"post-fix","timestamp":1783913472055,"hypothesisId":"L2","location":"dataplane_wan.c:reassemble_l2","message":"l2_reassemble_pending","data":{"pkt_id":575,"frag_idx":0,"nd":1465}}
{"sessionId":"0173da","runId":"post-fix","timestamp":1783913472055,"hypothesisId":"L2","location":"dataplane_wan.c:reassemble_l2","message":"l2_reassemble_pending","data":{"pkt_id":896,"frag_idx":0,"nd":1465}}
{"sessionId":"0173da","runId":"post-fix","timestamp":1783913472055,"hypothesisId":"L2","location":"dataplane_wan.c:reassemble_l2","message":"l2_reassemble_pending","data":{"pkt_id":657,"frag_idx":0,"nd":1465}}
{"sessionId":"0173da","runId":"post-fix","timestamp":1783913472055,"hypothesisId":"L2","location":"dataplane_wan.c:reassemble_l2","message":"l2_reassemble_pending","data":{"pkt_id":890,"frag_idx":0,"nd":1465}}
{"sessionId":"0173da","runId":"post-fix","timestamp":1783913472055,"hypothesisId":"L2","location":"dataplane_wan.c:reassemble_l2","message":"l2_reassemble_pending","data":{"pkt_id":1245,"frag_idx":0,"nd":1465}}
{"sessionId":"0173da","runId":"post-fix","timestamp":1783913472055,"hypothesisId":"L2","location":"dataplane_wan.c:reassemble_l2","message":"l2_reassemble_pending","data":{"pkt_id":1332,"frag_idx":0,"nd":1465}}
{"sessionId":"0173da","runId":"post-fix","timestamp":1783913472055,"hypothesisId":"L2","location":"dataplane_wan.c:reassemble_l2","message":"l2_reassemble_pending","data":{"pkt_id":583,"frag_idx":0,"nd":1465}}
{"sessionId":"0173da","runId":"post-fix","timestamp":1783913472055,"hypothesisId":"L2","location":"dataplane_wan.c:reassemble_l2","message":"l2_reassemble_pending","data":{"pkt_id":666,"frag_idx":0,"nd":1465}}
{"sessionId":"0173da","runId":"post-fix","timestamp":1783913472055,"hypothesisId":"L2","location":"dataplane_wan.c:reassemble_l2","message":"l2_reassemble_pending","data":{"pkt_id":910,"frag_idx":0,"nd":1465}}
{"sessionId":"0173da","runId":"post-fix","timestamp":1783913472055,"hypothesisId":"L2","location":"dataplane_wan.c:reassemble_l2","message":"l2_reassemble_pending","data":{"pkt_id":901,"frag_idx":0,"nd":1465}}
{"sessionId":"0173da","runId":"post-fix","timestamp":1783913472055,"hypothesisId":"L2","location":"dataplane_wan.c:reassemble_l2","message":"l2_reassemble_pending","data":{"pkt_id":1355,"frag_idx":0,"nd":1465}}
{"sessionId":"0173da","runId":"post-fix","timestamp":1783913472055,"hypothesisId":"L2","location":"dataplane_wan.c:reassemble_l2","message":"l2_reassemble_pending","data":{"pkt_id":1246,"frag_idx":0,"nd":1465}}
{"sessionId":"0173da","runId":"post-fix","timestamp":1783913472055,"hypothesisId":"L2","location":"dataplane_wan.c:reassemble_l2","message":"l2_reassemble_pending","data":{"pkt_id":669,"frag_idx":0,"nd":1465}}
{"sessionId":"0173da","runId":"post-fix","timestamp":1783913472055,"hypothesisId":"L2","location":"dataplane_wan.c:reassemble_l2","message":"l2_reassemble_pending","data":{"pkt_id":913,"frag_idx":0,"nd":1465}}
{"sessionId":"0173da","runId":"post-fix","timestamp":1783913472055,"hypothesisId":"L2","location":"dataplane_wan.c:reassemble_l2","message":"l2_reassemble_pending","data":{"pkt_id":906,"frag_idx":0,"nd":1465}}
{"sessionId":"0173da","runId":"post-fix","timestamp":1783913472055,"hypothesisId":"L2","location":"dataplane_wan.c:reassemble_l2","message":"l2_reassemble_pending","data":{"pkt_id":586,"frag_idx":0,"nd":1465}}
{"sessionId":"0173da","runId":"post-fix","timestamp":1783913472055,"hypothesisId":"L2","location":"dataplane_wan.c:reassemble_l2","message":"l2_reassemble_pending","data":{"pkt_id":1358,"frag_idx":0,"nd":1465}}
{"sessionId":"0173da","runId":"post-fix","timestamp":1783913472055,"hypothesisId":"L2","location":"dataplane_wan.c:reassemble_l2","message":"l2_reassemble_pending","data":{"pkt_id":671,"frag_idx":0,"nd":1465}}
{"sessionId":"0173da","runId":"post-fix","timestamp":1783913472055,"hypothesisId":"L2","location":"dataplane_wan.c:reassemble_l2","message":"l2_reassemble_pending","data":{"pkt_id":1248,"frag_idx":0,"nd":1465}}
{"sessionId":"0173da","runId":"post-fix","timestamp":1783913472055,"hypothesisId":"L2","location":"dataplane_wan.c:reassemble_l2","message":"l2_reassemble_pending","data":{"pkt_id":918,"frag_idx":0,"nd":1465}}
{"sessionId":"0173da","runId":"post-fix","timestamp":1783913472055,"hypothesisId":"L2","location":"dataplane_wan.c:reassemble_l2","message":"l2_reassemble_pending","data":{"pkt_id":909,"frag_idx":0,"nd":1465}}
{"sessionId":"0173da","runId":"post-fix","timestamp":1783913472055,"hypothesisId":"L2","location":"dataplane_wan.c:reassemble_l2","message":"l2_reassemble_pending","data":{"pkt_id":1361,"frag_idx":0,"nd":1465}}
{"sessionId":"0173da","runId":"post-fix","timestamp":1783913472055,"hypothesisId":"L2","location":"dataplane_wan.c:reassemble_l2","message":"l2_reassemble_pending","data":{"pkt_id":603,"frag_idx":0,"nd":1465}}
{"sessionId":"0173da","runId":"post-fix","timestamp":1783913472055,"hypothesisId":"L2","location":"dataplane_wan.c:reassemble_l2","message":"l2_reassemble_pending","data":{"pkt_id":637,"frag_idx":0,"nd":1465}}
{"sessionId":"0173da","runId":"post-fix","timestamp":1783913472055,"hypothesisId":"L2","location":"dataplane_wan.c:reassemble_l2","message":"l2_reassemble_pending","data":{"pkt_id":1250,"frag_idx":0,"nd":1465}}
{"sessionId":"0173da","runId":"post-fix","timestamp":1783913472055,"hypothesisId":"L2","location":"dataplane_wan.c:reassemble_l2","message":"l2_reassemble_pending","data":{"pkt_id":927,"frag_idx":0,"nd":1465}}
{"sessionId":"0173da","runId":"post-fix","timestamp":1783913472055,"hypothesisId":"L2","location":"dataplane_wan.c:reassemble_l2","message":"l2_reassemble_pending","data":{"pkt_id":1363,"frag_idx":0,"nd":1465}}
{"sessionId":"0173da","runId":"post-fix","timestamp":1783913472055,"hypothesisId":"L2","location":"dataplane_wan.c:reassemble_l2","message":"l2_reassemble_pending","data":{"pkt_id":912,"frag_idx":0,"nd":1465}}
{"sessionId":"0173da","runId":"post-fix","timestamp":1783913472055,"hypothesisId":"L2","location":"dataplane_wan.c:reassemble_l2","message":"l2_reassemble_pending","data":{"pkt_id":636,"frag_idx":0,"nd":1465}}
{"sessionId":"0173da","runId":"post-fix","timestamp":1783913472055,"hypothesisId":"L2","location":"dataplane_wan.c:reassemble_l2","message":"l2_reassemble_pending","data":{"pkt_id":640,"frag_idx":0,"nd":1465}}
{"sessionId":"0173da","runId":"post-fix","timestamp":1783913472055,"hypothesisId":"L2","location":"dataplane_wan.c:reassemble_l2","message":"l2_reassemble_pending","data":{"pkt_id":929,"frag_idx":0,"nd":1465}}
{"sessionId":"0173da","runId":"post-fix","timestamp":1783913472055,"hypothesisId":"L2","location":"dataplane_wan.c:reassemble_l2","message":"l2_reassemble_pending","data":{"pkt_id":673,"frag_idx":0,"nd":1465}}
{"sessionId":"0173da","runId":"post-fix","timestamp":1783913472055,"hypothesisId":"L2","location":"dataplane_wan.c:reassemble_l2","message":"l2_reassemble_pending","data":{"pkt_id":1382,"frag_idx":0,"nd":1465}}
{"sessionId":"0173da","runId":"post-fix","timestamp":1783913472055,"hypothesisId":"L2","location":"dataplane_wan.c:reassemble_l2","message":"l2_reassemble_pending","data":{"pkt_id":915,"frag_idx":0,"nd":1465}}
{"sessionId":"0173da","runId":"post-fix","timestamp":1783913472055,"hypothesisId":"L2","location":"dataplane_wan.c:reassemble_l2","message":"l2_reassemble_pending","data":{"pkt_id":1253,"frag_idx":0,"nd":1465}}
{"sessionId":"0173da","runId":"post-fix","timestamp":1783913472055,"hypothesisId":"L2","location":"dataplane_wan.c:reassemble_l2","message":"l2_reassemble_pending","data":{"pkt_id":651,"frag_idx":0,"nd":1465}}
{"sessionId":"0173da","runId":"post-fix","timestamp":1783913472055,"hypothesisId":"L2","location":"dataplane_wan.c:reassemble_l2","message":"l2_reassemble_pending","data":{"pkt_id":931,"frag_idx":0,"nd":1465}}
{"sessionId":"0173da","runId":"post-fix","timestamp":1783913472055,"hypothesisId":"L2","location":"dataplane_wan.c:reassemble_l2","message":"l2_reassemble_pending","data":{"pkt_id":1384,"frag_idx":0,"nd":1465}}
{"sessionId":"0173da","runId":"post-fix","timestamp":1783913472055,"hypothesisId":"L2","location":"dataplane_wan.c:reassemble_l2","message":"l2_reassemble_pending","data":{"pkt_id":674,"frag_idx":0,"nd":1465}}
{"sessionId":"0173da","runId":"post-fix","timestamp":1783913472055,"hypothesisId":"L2","location":"dataplane_wan.c:reassemble_l2","message":"l2_reassemble_pending","data":{"pkt_id":1255,"frag_idx":0,"nd":1465}}
{"sessionId":"0173da","runId":"post-fix","timestamp":1783913472055,"hypothesisId":"L2","location":"dataplane_wan.c:reassemble_l2","message":"l2_reassemble_pending","data":{"pkt_id":917,"frag_idx":0,"nd":1465}}
{"sessionId":"0173da","runId":"post-fix","timestamp":1783913472055,"hypothesisId":"L2","location":"dataplane_wan.c:reassemble_l2","message":"l2_reassemble_pending","data":{"pkt_id":934,"frag_idx":0,"nd":1465}}
{"sessionId":"0173da","runId":"post-fix","timestamp":1783913472055,"hypothesisId":"L2","location":"dataplane_wan.c:reassemble_l2","message":"l2_reassemble_pending","data":{"pkt_id":1386,"frag_idx":0,"nd":1465}}
{"sessionId":"0173da","runId":"post-fix","timestamp":1783913472055,"hypothesisId":"L2","location":"dataplane_wan.c:reassemble_l2","message":"l2_reassemble_pending","data":{"pkt_id":920,"frag_idx":0,"nd":1465}}
{"sessionId":"0173da","runId":"post-fix","timestamp":1783913472055,"hypothesisId":"L2","location":"dataplane_wan.c:reassemble_l2","message":"l2_reassemble_pending","data":{"pkt_id":676,"frag_idx":0,"nd":1465}}
{"sessionId":"0173da","runId":"post-fix","timestamp":1783913472055,"hypothesisId":"L2","location":"dataplane_wan.c:reassemble_l2","message":"l2_reassemble_pending","data":{"pkt_id":1256,"frag_idx":0,"nd":1465}}
{"sessionId":"0173da","runId":"post-fix","timestamp":1783913472055,"hypothesisId":"L2","location":"dataplane_wan.c:reassemble_l2","message":"l2_reassemble_pending","data":{"pkt_id":659,"frag_idx":0,"nd":1465}}
{"sessionId":"0173da","runId":"post-fix","timestamp":1783913472055,"hypothesisId":"L2","location":"dataplane_wan.c:reassemble_l2","message":"l2_reassemble_pending","data":{"pkt_id":945,"frag_idx":0,"nd":1465}}
{"sessionId":"0173da","runId":"post-fix","timestamp":1783913472055,"hypothesisId":"L2","location":"dataplane_wan.c:reassemble_l2","message":"l2_reassemble_pending","data":{"pkt_id":1388,"frag_idx":0,"nd":1465}}
{"sessionId":"0173da","runId":"post-fix","timestamp":1783913472055,"hypothesisId":"L2","location":"dataplane_wan.c:reassemble_l2","message":"l2_reassemble_pending","data":{"pkt_id":678,"frag_idx":0,"nd":1465}}
{"sessionId":"0173da","runId":"post-fix","timestamp":1783913472055,"hypothesisId":"L2","location":"dataplane_wan.c:reassemble_l2","message":"l2_reassemble_pending","data":{"pkt_id":939,"frag_idx":0,"nd":1465}}
{"sessionId":"0173da","runId":"post-fix","timestamp":1783913472055,"hypothesisId":"L2","location":"dataplane_wan.c:reassemble_l2","message":"l2_reassemble_pending","data":{"pkt_id":1257,"frag_idx":0,"nd":1465}}
{"sessionId":"0173da","runId":"post-fix","timestamp":1783913472055,"hypothesisId":"L2","location":"dataplane_wan.c:reassemble_l2","message":"l2_reassemble_pending","data":{"pkt_id":949,"frag_idx":0,"nd":1465}}
{"sessionId":"0173da","runId":"post-fix","timestamp":1783913472055,"hypothesisId":"L2","location":"dataplane_wan.c:reassemble_l2","message":"l2_reassemble_pending","data":{"pkt_id":1391,"frag_idx":0,"nd":1465}}
{"sessionId":"0173da","runId":"post-fix","timestamp":1783913472055,"hypothesisId":"L2","location":"dataplane_wan.c:reassemble_l2","message":"l2_reassemble_pending","data":{"pkt_id":679,"frag_idx":0,"nd":1465}}
{"sessionId":"0173da","runId":"post-fix","timestamp":1783913472055,"hypothesisId":"L2","location":"dataplane_wan.c:reassemble_l2","message":"l2_reassemble_pending","data":{"pkt_id":664,"frag_idx":0,"nd":1465}}
{"sessionId":"0173da","runId":"post-fix","timestamp":1783913472055,"hypothesisId":"L2","location":"dataplane_wan.c:reassemble_l2","message":"l2_reassemble_pending","data":{"pkt_id":1259,"frag_idx":0,"nd":1465}}
{"sessionId":"0173da","runId":"post-fix","timestamp":1783913472055,"hypothesisId":"L2","location":"dataplane_wan.c:reassemble_l2","message":"l2_reassemble_pending","data":{"pkt_id":948,"frag_idx":0,"nd":1465}}
{"sessionId":"0173da","runId":"post-fix","timestamp":1783913472055,"hypothesisId":"L2","location":"dataplane_wan.c:reassemble_l2","message":"l2_reassemble_pending","data":{"pkt_id":953,"frag_idx":0,"nd":1465}}
{"sessionId":"0173da","runId":"post-fix","timestamp":1783913472055,"hypothesisId":"L2","location":"dataplane_wan.c:reassemble_l2","message":"l2_reassemble_pending","data":{"pkt_id":1393,"frag_idx":0,"nd":1465}}
{"sessionId":"0173da","runId":"post-fix","timestamp":1783913472055,"hypothesisId":"L2","location":"dataplane_wan.c:reassemble_l2","message":"l2_reassemble_pending","data":{"pkt_id":680,"frag_idx":0,"nd":1465}}
{"sessionId":"0173da","runId":"post-fix","timestamp":1783913472055,"hypothesisId":"L2","location":"dataplane_wan.c:reassemble_l2","message":"l2_reassemble_pending","data":{"pkt_id":943,"frag_idx":0,"nd":1465}}
{"sessionId":"0173da","runId":"post-fix","timestamp":1783913472055,"hypothesisId":"L2","location":"dataplane_wan.c:reassemble_l2","message":"l2_reassemble_pending","data":{"pkt_id":1262,"frag_idx":0,"nd":1465}}
{"sessionId":"0173da","runId":"post-fix","timestamp":1783913472055,"hypothesisId":"L2","location":"dataplane_wan.c:reassemble_l2","message":"l2_reassemble_pending","data":{"pkt_id":959,"frag_idx":0,"nd":1465}}
{"sessionId":"0173da","runId":"post-fix","timestamp":1783913472055,"hypothesisId":"L2","location":"dataplane_wan.c:reassemble_l2","message":"l2_reassemble_pending","data":{"pkt_id":746,"frag_idx":0,"nd":1465}}
{"sessionId":"0173da","runId":"post-fix","timestamp":1783913472055,"hypothesisId":"L2","location":"dataplane_wan.c:reassemble_l2","message":"l2_reassemble_pending","data":{"pkt_id":1396,"frag_idx":0,"nd":1465}}
{"sessionId":"0173da","runId":"post-fix","timestamp":1783913472055,"hypothesisId":"L2","location":"dataplane_wan.c:reassemble_l2","message":"l2_reassemble_pending","data":{"pkt_id":682,"frag_idx":0,"nd":1465}}
{"sessionId":"0173da","runId":"post-fix","timestamp":1783913472055,"hypothesisId":"L2","location":"dataplane_wan.c:reassemble_l2","message":"l2_reassemble_pending","data":{"pkt_id":952,"frag_idx":0,"nd":1465}}
{"sessionId":"0173da","runId":"post-fix","timestamp":1783913472055,"hypothesisId":"L2","location":"dataplane_wan.c:reassemble_l2","message":"l2_reassemble_pending","data":{"pkt_id":1265,"frag_idx":0,"nd":1465}}
{"sessionId":"0173da","runId":"post-fix","timestamp":1783913472055,"hypothesisId":"L2","location":"dataplane_wan.c:reassemble_l2","message":"l2_reassemble_pending","data":{"pkt_id":957,"frag_idx":0,"nd":1465}}
{"sessionId":"0173da","runId":"post-fix","timestamp":1783913472055,"hypothesisId":"L2","location":"dataplane_wan.c:reassemble_l2","message":"l2_reassemble_pending","data":{"pkt_id":1405,"frag_idx":0,"nd":1465}}
{"sessionId":"0173da","runId":"post-fix","timestamp":1783913472055,"hypothesisId":"L2","location":"dataplane_wan.c:reassemble_l2","message":"l2_reassemble_pending","data":{"pkt_id":685,"frag_idx":0,"nd":1465}}
{"sessionId":"0173da","runId":"post-fix","timestamp":1783913472055,"hypothesisId":"L2","location":"dataplane_wan.c:reassemble_l2","message":"l2_reassemble_pending","data":{"pkt_id":962,"frag_idx":0,"nd":1465}}
{"sessionId":"0173da","runId":"post-fix","timestamp":1783913472055,"hypothesisId":"L2","location":"dataplane_wan.c:reassemble_l2","message":"l2_reassemble_pending","data":{"pkt_id":1268,"frag_idx":0,"nd":1465}}
{"sessionId":"0173da","runId":"post-fix","timestamp":1783913472055,"hypothesisId":"L2","location":"dataplane_wan.c:reassemble_l2","message":"l2_reassemble_pending","data":{"pkt_id":751,"frag_idx":0,"nd":1465}}
{"sessionId":"0173da","runId":"post-fix","timestamp":1783913472055,"hypothesisId":"L2","location":"dataplane_wan.c:reassemble_l2","message":"l2_reassemble_pending","data":{"pkt_id":1402,"frag_idx":0,"nd":1465}}
{"sessionId":"0173da","runId":"post-fix","timestamp":1783913472055,"hypothesisId":"L2","location":"dataplane_wan.c:reassemble_l2","message":"l2_reassemble_pending","data":{"pkt_id":976,"frag_idx":0,"nd":1465}}
{"sessionId":"0173da","runId":"post-fix","timestamp":1783913472055,"hypothesisId":"L2","location":"dataplane_wan.c:reassemble_l2","message":"l2_reassemble_pending","data":{"pkt_id":691,"frag_idx":0,"nd":1465}}
{"sessionId":"0173da","runId":"post-fix","timestamp":1783913472055,"hypothesisId":"L2","location":"dataplane_wan.c:reassemble_l2","message":"l2_reassemble_pending","data":{"pkt_id":1271,"frag_idx":0,"nd":1465}}
{"sessionId":"0173da","runId":"post-fix","timestamp":1783913472055,"hypothesisId":"L2","location":"dataplane_wan.c:reassemble_l2","message":"l2_reassemble_pending","data":{"pkt_id":964,"frag_idx":0,"nd":1465}}
{"sessionId":"0173da","runId":"post-fix","timestamp":1783913472055,"hypothesisId":"L2","location":"dataplane_wan.c:reassemble_l2","message":"l2_reassemble_pending","data":{"pkt_id":1407,"frag_idx":0,"nd":1465}}
{"sessionId":"0173da","runId":"post-fix","timestamp":1783913472055,"hypothesisId":"L2","location":"dataplane_wan.c:reassemble_l2","message":"l2_reassemble_pending","data":{"pkt_id":980,"frag_idx":0,"nd":1465}}
{"sessionId":"0173da","runId":"post-fix","timestamp":1783913472056,"hypothesisId":"L2","location":"dataplane_wan.c:reassemble_l2","message":"l2_reassemble_pending","data":{"pkt_id":692,"frag_idx":0,"nd":1465}}
{"sessionId":"0173da","runId":"post-fix","timestamp":1783913472056,"hypothesisId":"L2","location":"dataplane_wan.c:reassemble_l2","message":"l2_reassemble_pending","data":{"pkt_id":753,"frag_idx":0,"nd":1465}}
{"sessionId":"0173da","runId":"post-fix","timestamp":1783913472056,"hypothesisId":"L2","location":"dataplane_wan.c:reassemble_l2","message":"l2_reassemble_pending","data":{"pkt_id":966,"frag_idx":0,"nd":1465}}
{"sessionId":"0173da","runId":"post-fix","timestamp":1783913472056,"hypothesisId":"L2","location":"dataplane_wan.c:reassemble_l2","message":"l2_reassemble_pending","data":{"pkt_id":1276,"frag_idx":0,"nd":1465}}
{"sessionId":"0173da","runId":"post-fix","timestamp":1783913472056,"hypothesisId":"L2","location":"dataplane_wan.c:reassemble_l2","message":"l2_reassemble_pending","data":{"pkt_id":694,"frag_idx":0,"nd":1465}}
{"sessionId":"0173da","runId":"post-fix","timestamp":1783913472056,"hypothesisId":"L2","location":"dataplane_wan.c:reassemble_l2","message":"l2_reassemble_pending","data":{"pkt_id":1415,"frag_idx":0,"nd":1465}}
{"sessionId":"0173da","runId":"post-fix","timestamp":1783913472056,"hypothesisId":"L2","location":"dataplane_wan.c:reassemble_l2","message":"l2_reassemble_pending","data":{"pkt_id":984,"frag_idx":0,"nd":1465}}
{"sessionId":"0173da","runId":"post-fix","timestamp":1783913472056,"hypothesisId":"L2","location":"dataplane_wan.c:reassemble_l2","message":"l2_reassemble_pending","data":{"pkt_id":968,"frag_idx":0,"nd":1465}}
{"sessionId":"0173da","runId":"post-fix","timestamp":1783913472056,"hypothesisId":"L2","location":"dataplane_wan.c:reassemble_l2","message":"l2_reassemble_pending","data":{"pkt_id":1288,"frag_idx":0,"nd":1465}}
{"sessionId":"0173da","runId":"post-fix","timestamp":1783913472056,"hypothesisId":"L2","location":"dataplane_wan.c:reassemble_l2","message":"l2_reassemble_pending","data":{"pkt_id":697,"frag_idx":0,"nd":1465}}
{"sessionId":"0173da","runId":"post-fix","timestamp":1783913472056,"hypothesisId":"L2","location":"dataplane_wan.c:reassemble_l2","message":"l2_reassemble_pending","data":{"pkt_id":1420,"frag_idx":0,"nd":1465}}
{"sessionId":"0173da","runId":"post-fix","timestamp":1783913472056,"hypothesisId":"L2","location":"dataplane_wan.c:reassemble_l2","message":"l2_reassemble_pending","data":{"pkt_id":987,"frag_idx":0,"nd":1465}}
{"sessionId":"0173da","runId":"post-fix","timestamp":1783913472056,"hypothesisId":"L2","location":"dataplane_wan.c:reassemble_l2","message":"l2_reassemble_pending","data":{"pkt_id":757,"frag_idx":0,"nd":1465}}
{"sessionId":"0173da","runId":"post-fix","timestamp":1783913472056,"hypothesisId":"L2","location":"dataplane_wan.c:reassemble_l2","message":"l2_reassemble_pending","data":{"pkt_id":969,"frag_idx":0,"nd":1465}}
{"sessionId":"0173da","runId":"post-fix","timestamp":1783913472056,"hypothesisId":"L2","location":"dataplane_wan.c:reassemble_l2","message":"l2_reassemble_pending","data":{"pkt_id":1291,"frag_idx":0,"nd":1465}}
{"sessionId":"0173da","runId":"post-fix","timestamp":1783913472056,"hypothesisId":"L2","location":"dataplane_wan.c:reassemble_l2","message":"l2_reassemble_pending","data":{"pkt_id":700,"frag_idx":0,"nd":1465}}
{"sessionId":"0173da","runId":"post-fix","timestamp":1783913472056,"hypothesisId":"L2","location":"dataplane_wan.c:reassemble_l2","message":"l2_reassemble_pending","data":{"pkt_id":1425,"frag_idx":0,"nd":1465}}
{"sessionId":"0173da","runId":"post-fix","timestamp":1783913472056,"hypothesisId":"L2","location":"dataplane_wan.c:reassemble_l2","message":"l2_reassemble_pending","data":{"pkt_id":992,"frag_idx":0,"nd":1465}}
{"sessionId":"0173da","runId":"post-fix","timestamp":1783913472056,"hypothesisId":"L2","location":"dataplane_wan.c:reassemble_l2","message":"l2_reassemble_pending","data":{"pkt_id":956,"frag_idx":0,"nd":1465}}
{"sessionId":"0173da","runId":"post-fix","timestamp":1783913472056,"hypothesisId":"L2","location":"dataplane_wan.c:reassemble_l2","message":"l2_reassemble_pending","data":{"pkt_id":762,"frag_idx":0,"nd":1465}}
{"sessionId":"0173da","runId":"post-fix","timestamp":1783913472056,"hypothesisId":"L2","location":"dataplane_wan.c:reassemble_l2","message":"l2_reassemble_pending","data":{"pkt_id":703,"frag_idx":0,"nd":1465}}
{"sessionId":"0173da","runId":"post-fix","timestamp":1783913472056,"hypothesisId":"L2","location":"dataplane_wan.c:reassemble_l2","message":"l2_reassemble_pending","data":{"pkt_id":1428,"frag_idx":0,"nd":1465}}
{"sessionId":"0173da","runId":"post-fix","timestamp":1783913472056,"hypothesisId":"L2","location":"dataplane_wan.c:reassemble_l2","message":"l2_reassemble_pending","data":{"pkt_id":1292,"frag_idx":0,"nd":1465}}
{"sessionId":"0173da","runId":"post-fix","timestamp":1783913472056,"hypothesisId":"L2","location":"dataplane_wan.c:reassemble_l2","message":"l2_reassemble_pending","data":{"pkt_id":996,"frag_idx":0,"nd":1465}}
{"sessionId":"0173da","runId":"post-fix","timestamp":1783913472056,"hypothesisId":"L2","location":"dataplane_wan.c:reassemble_l2","message":"l2_reassemble_pending","data":{"pkt_id":971,"frag_idx":0,"nd":1465}}
{"sessionId":"0173da","runId":"post-fix","timestamp":1783913472056,"hypothesisId":"L2","location":"dataplane_wan.c:reassemble_l2","message":"l2_reassemble_pending","data":{"pkt_id":705,"frag_idx":0,"nd":1465}}
{"sessionId":"0173da","runId":"post-fix","timestamp":1783913472056,"hypothesisId":"L2","location":"dataplane_wan.c:reassemble_l2","message":"l2_reassemble_pending","data":{"pkt_id":1430,"frag_idx":0,"nd":1465}}
{"sessionId":"0173da","runId":"post-fix","timestamp":1783913472056,"hypothesisId":"L2","location":"dataplane_wan.c:reassemble_l2","message":"l2_reassemble_pending","data":{"pkt_id":1293,"frag_idx":0,"nd":1465}}
{"sessionId":"0173da","runId":"post-fix","timestamp":1783913472056,"hypothesisId":"L2","location":"dataplane_wan.c:reassemble_l2","message":"l2_reassemble_pending","data":{"pkt_id":776,"frag_idx":0,"nd":1465}}
{"sessionId":"0173da","runId":"post-fix","timestamp":1783913472056,"hypothesisId":"L2","location":"dataplane_wan.c:reassemble_l2","message":"l2_reassemble_pending","data":{"pkt_id":1002,"frag_idx":0,"nd":1465}}
{"sessionId":"0173da","runId":"post-fix","timestamp":1783913472056,"hypothesisId":"L2","location":"dataplane_wan.c:reassemble_l2","message":"l2_reassemble_pending","data":{"pkt_id":983,"frag_idx":0,"nd":1465}}
{"sessionId":"0173da","runId":"post-fix","timestamp":1783913472056,"hypothesisId":"L2","location":"dataplane_wan.c:reassemble_l2","message":"l2_reassemble_pending","data":{"pkt_id":707,"frag_idx":0,"nd":1465}}
{"sessionId":"0173da","runId":"post-fix","timestamp":1783913472056,"hypothesisId":"L2","location":"dataplane_wan.c:reassemble_l2","message":"l2_reassemble_pending","data":{"pkt_id":1296,"frag_idx":0,"nd":1465}}
{"sessionId":"0173da","runId":"post-fix","timestamp":1783913472056,"hypothesisId":"L2","location":"dataplane_wan.c:reassemble_l2","message":"l2_reassemble_pending","data":{"pkt_id":1434,"frag_idx":0,"nd":1465}}
{"sessionId":"0173da","runId":"post-fix","timestamp":1783913472056,"hypothesisId":"L2","location":"dataplane_wan.c:reassemble_l2","message":"l2_reassemble_pending","data":{"pkt_id":993,"frag_idx":0,"nd":1465}}
{"sessionId":"0173da","runId":"post-fix","timestamp":1783913472056,"hypothesisId":"L2","location":"dataplane_wan.c:reassemble_l2","message":"l2_reassemble_pending","data":{"pkt_id":1006,"frag_idx":0,"nd":1465}}
{"sessionId":"0173da","runId":"post-fix","timestamp":1783913472056,"hypothesisId":"L2","location":"dataplane_wan.c:reassemble_l2","message":"l2_reassemble_pending","data":{"pkt_id":725,"frag_idx":0,"nd":1465}}
{"sessionId":"0173da","runId":"post-fix","timestamp":1783913472056,"hypothesisId":"L2","location":"dataplane_wan.c:reassemble_l2","message":"l2_reassemble_pending","data":{"pkt_id":765,"frag_idx":0,"nd":1465}}
{"sessionId":"0173da","runId":"post-fix","timestamp":1783913472056,"hypothesisId":"L2","location":"dataplane_wan.c:reassemble_l2","message":"l2_reassemble_pending","data":{"pkt_id":1435,"frag_idx":0,"nd":1465}}
{"sessionId":"0173da","runId":"post-fix","timestamp":1783913472056,"hypothesisId":"L2","location":"dataplane_wan.c:reassemble_l2","message":"l2_reassemble_pending","data":{"pkt_id":998,"frag_idx":0,"nd":1465}}
{"sessionId":"0173da","runId":"post-fix","timestamp":1783913472056,"hypothesisId":"L2","location":"dataplane_wan.c:reassemble_l2","message":"l2_reassemble_pending","data":{"pkt_id":1019,"frag_idx":0,"nd":1465}}
{"sessionId":"0173da","runId":"post-fix","timestamp":1783913472056,"hypothesisId":"L2","location":"dataplane_wan.c:reassemble_l2","message":"l2_reassemble_pending","data":{"pkt_id":1304,"frag_idx":0,"nd":1465}}
{"sessionId":"0173da","runId":"post-fix","timestamp":1783913472056,"hypothesisId":"L2","location":"dataplane_wan.c:reassemble_l2","message":"l2_reassemble_pending","data":{"pkt_id":732,"frag_idx":0,"nd":1465}}
{"sessionId":"0173da","runId":"post-fix","timestamp":1783913472056,"hypothesisId":"L2","location":"dataplane_wan.c:reassemble_l2","message":"l2_reassemble_pending","data":{"pkt_id":1436,"frag_idx":0,"nd":1465}}
{"sessionId":"0173da","runId":"post-fix","timestamp":1783913472056,"hypothesisId":"L2","location":"dataplane_wan.c:reassemble_l2","message":"l2_reassemble_pending","data":{"pkt_id":768,"frag_idx":0,"nd":1465}}
{"sessionId":"0173da","runId":"post-fix","timestamp":1783913472056,"hypothesisId":"L2","location":"dataplane_wan.c:reassemble_l2","message":"l2_reassemble_pending","data":{"pkt_id":1008,"frag_idx":0,"nd":1465}}
{"sessionId":"0173da","runId":"post-fix","timestamp":1783913472056,"hypothesisId":"L2","location":"dataplane_wan.c:reassemble_l2","message":"l2_reassemble_pending","data":{"pkt_id":1300,"frag_idx":0,"nd":1465}}
{"sessionId":"0173da","runId":"post-fix","timestamp":1783913472056,"hypothesisId":"L2","location":"dataplane_wan.c:reassemble_l2","message":"l2_reassemble_pending","data":{"pkt_id":736,"frag_idx":0,"nd":1465}}
{"sessionId":"0173da","runId":"post-fix","timestamp":1783913472056,"hypothesisId":"L2","location":"dataplane_wan.c:reassemble_l2","message":"l2_reassemble_pending","data":{"pkt_id":1454,"frag_idx":0,"nd":1465}}
{"sessionId":"0173da","runId":"post-fix","timestamp":1783913472056,"hypothesisId":"L2","location":"dataplane_wan.c:reassemble_l2","message":"l2_reassemble_pending","data":{"pkt_id":1026,"frag_idx":0,"nd":1465}}
{"sessionId":"0173da","runId":"post-fix","timestamp":1783913472056,"hypothesisId":"L2","location":"dataplane_wan.c:reassemble_l2","message":"l2_reassemble_pending","data":{"pkt_id":1015,"frag_idx":0,"nd":1465}}
{"sessionId":"0173da","runId":"post-fix","timestamp":1783913472056,"hypothesisId":"L2","location":"dataplane_wan.c:dataplane_process_wan","message":"l2_frag_pending_hold","data":{"wire_len":1500,"n":1024}}
{"sessionId":"0173da","runId":"post-fix","timestamp":1783913472056,"hypothesisId":"L2","location":"dataplane_wan.c:reassemble_l2","message":"l2_reassemble_pending","data":{"pkt_id":1307,"frag_idx":0,"nd":1465}}
{"sessionId":"0173da","runId":"post-fix","timestamp":1783913472056,"hypothesisId":"L2","location":"dataplane_wan.c:reassemble_l2","message":"l2_reassemble_pending","data":{"pkt_id":740,"frag_idx":0,"nd":1465}}
{"sessionId":"0173da","runId":"post-fix","timestamp":1783913472056,"hypothesisId":"L2","location":"dataplane_wan.c:reassemble_l2","message":"l2_reassemble_join_ok","data":{"pkt_id":1026,"frag_idx":1,"out_len":1514,"n":1024}}
{"sessionId":"0173da","runId":"post-fix","timestamp":1783913472056,"hypothesisId":"L2","location":"dataplane_wan.c:reassemble_l2","message":"l2_reassemble_pending","data":{"pkt_id":771,"frag_idx":0,"nd":1465}}
{"sessionId":"0173da","runId":"post-fix","timestamp":1783913472056,"hypothesisId":"L2","location":"dataplane_wan.c:decrypt_wan","message":"l2_frag_reassemble_ok","data":{"wire_in":98,"plain_len":1514,"pkt_id":1015,"n":1024}}
{"sessionId":"0173da","runId":"post-fix","timestamp":1783913472056,"hypothesisId":"L2","location":"dataplane_wan.c:reassemble_l2","message":"l2_reassemble_pending","data":{"pkt_id":1458,"frag_idx":0,"nd":1465}}
{"sessionId":"0173da","runId":"post-fix","timestamp":1783913472056,"hypothesisId":"L2","location":"dataplane_wan.c:reassemble_l2","message":"l2_reassemble_pending","data":{"pkt_id":1310,"frag_idx":0,"nd":1465}}
{"sessionId":"0173da","runId":"post-fix","timestamp":1783913472056,"hypothesisId":"L2","location":"dataplane_wan.c:reassemble_l2","message":"l2_reassemble_pending","data":{"pkt_id":1018,"frag_idx":0,"nd":1465}}
{"sessionId":"0173da","runId":"post-fix","timestamp":1783913472056,"hypothesisId":"L2","location":"dataplane_wan.c:reassemble_l2","message":"l2_reassemble_pending","data":{"pkt_id":1032,"frag_idx":0,"nd":1465}}
{"sessionId":"0173da","runId":"post-fix","timestamp":1783913472056,"hypothesisId":"L2","location":"dataplane_wan.c:reassemble_l2","message":"l2_reassemble_pending","data":{"pkt_id":774,"frag_idx":0,"nd":1465}}
{"sessionId":"0173da","runId":"post-fix","timestamp":1783913472056,"hypothesisId":"L2","location":"dataplane_wan.c:reassemble_l2","message":"l2_reassemble_pending","data":{"pkt_id":743,"frag_idx":0,"nd":1465}}
{"sessionId":"0173da","runId":"post-fix","timestamp":1783913472056,"hypothesisId":"L2","location":"dataplane_wan.c:reassemble_l2","message":"l2_reassemble_pending","data":{"pkt_id":1460,"frag_idx":0,"nd":1465}}
{"sessionId":"0173da","runId":"post-fix","timestamp":1783913472056,"hypothesisId":"L2","location":"dataplane_wan.c:reassemble_l2","message":"l2_reassemble_pending","data":{"pkt_id":1312,"frag_idx":0,"nd":1465}}
{"sessionId":"0173da","runId":"post-fix","timestamp":1783913472056,"hypothesisId":"L2","location":"dataplane_wan.c:reassemble_l2","message":"l2_reassemble_pending","data":{"pkt_id":1053,"frag_idx":0,"nd":1465}}
{"sessionId":"0173da","runId":"post-fix","timestamp":1783913472056,"hypothesisId":"L2","location":"dataplane_wan.c:reassemble_l2","message":"l2_reassemble_pending","data":{"pkt_id":1021,"frag_idx":0,"nd":1465}}
{"sessionId":"0173da","runId":"post-fix","timestamp":1783913472056,"hypothesisId":"L2","location":"dataplane_wan.c:reassemble_l2","message":"l2_reassemble_pending","data":{"pkt_id":761,"frag_idx":0,"nd":1465}}
{"sessionId":"0173da","runId":"post-fix","timestamp":1783913472056,"hypothesisId":"L2","location":"dataplane_wan.c:reassemble_l2","message":"l2_reassemble_pending","data":{"pkt_id":1464,"frag_idx":0,"nd":1465}}
{"sessionId":"0173da","runId":"post-fix","timestamp":1783913472056,"hypothesisId":"L2","location":"dataplane_wan.c:reassemble_l2","message":"l2_reassemble_pending","data":{"pkt_id":782,"frag_idx":0,"nd":1465}}
{"sessionId":"0173da","runId":"post-fix","timestamp":1783913472056,"hypothesisId":"L2","location":"dataplane_wan.c:reassemble_l2","message":"l2_reassemble_pending","data":{"pkt_id":1314,"frag_idx":0,"nd":1465}}
{"sessionId":"0173da","runId":"post-fix","timestamp":1783913472056,"hypothesisId":"L2","location":"dataplane_wan.c:reassemble_l2","message":"l2_reassemble_pending","data":{"pkt_id":989,"frag_idx":0,"nd":1465}}
{"sessionId":"0173da","runId":"post-fix","timestamp":1783913472056,"hypothesisId":"L2","location":"dataplane_wan.c:reassemble_l2","message":"l2_reassemble_pending","data":{"pkt_id":1468,"frag_idx":0,"nd":1465}}
{"sessionId":"0173da","runId":"post-fix","timestamp":1783913472056,"hypothesisId":"L2","location":"dataplane_wan.c:reassemble_l2","message":"l2_reassemble_pending","data":{"pkt_id":1036,"frag_idx":0,"nd":1465}}
{"sessionId":"0173da","runId":"post-fix","timestamp":1783913472056,"hypothesisId":"L2","location":"dataplane_wan.c:reassemble_l2","message":"l2_reassemble_pending","data":{"pkt_id":783,"frag_idx":0,"nd":1465}}
{"sessionId":"0173da","runId":"post-fix","timestamp":1783913472056,"hypothesisId":"L2","location":"dataplane_wan.c:reassemble_l2","message":"l2_reassemble_pending","data":{"pkt_id":787,"frag_idx":0,"nd":1465}}
{"sessionId":"0173da","runId":"post-fix","timestamp":1783913472056,"hypothesisId":"L2","location":"dataplane_wan.c:reassemble_l2","message":"l2_reassemble_pending","data":{"pkt_id":1318,"frag_idx":0,"nd":1465}}
{"sessionId":"0173da","runId":"post-fix","timestamp":1783913472056,"hypothesisId":"L2","location":"dataplane_wan.c:reassemble_l2","message":"l2_reassemble_pending","data":{"pkt_id":1012,"frag_idx":0,"nd":1465}}
{"sessionId":"0173da","runId":"post-fix","timestamp":1783913472056,"hypothesisId":"L2","location":"dataplane_wan.c:reassemble_l2","message":"l2_reassemble_pending","data":{"pkt_id":1472,"frag_idx":0,"nd":1465}}
{"sessionId":"0173da","runId":"post-fix","timestamp":1783913472056,"hypothesisId":"L2","location":"dataplane_wan.c:reassemble_l2","message":"l2_reassemble_pending","data":{"pkt_id":788,"frag_idx":0,"nd":1465}}
{"sessionId":"0173da","runId":"post-fix","timestamp":1783913472056,"hypothesisId":"L2","location":"dataplane_wan.c:reassemble_l2","message":"l2_reassemble_pending","data":{"pkt_id":792,"frag_idx":0,"nd":1465}}
{"sessionId":"0173da","runId":"post-fix","timestamp":1783913472056,"hypothesisId":"L2","location":"dataplane_wan.c:reassemble_l2","message":"l2_reassemble_pending","data":{"pkt_id":1321,"frag_idx":0,"nd":1465}}
{"sessionId":"0173da","runId":"post-fix","timestamp":1783913472056,"hypothesisId":"L2","location":"dataplane_wan.c:reassemble_l2","message":"l2_reassemble_pending","data":{"pkt_id":1043,"frag_idx":0,"nd":1465}}
{"sessionId":"0173da","runId":"post-fix","timestamp":1783913472056,"hypothesisId":"L2","location":"dataplane_wan.c:reassemble_l2","message":"l2_reassemble_pending","data":{"pkt_id":1040,"frag_idx":0,"nd":1465}}
{"sessionId":"0173da","runId":"post-fix","timestamp":1783913472056,"hypothesisId":"L2","location":"dataplane_wan.c:reassemble_l2","message":"l2_reassemble_pending","data":{"pkt_id":791,"frag_idx":0,"nd":1465}}
{"sessionId":"0173da","runId":"post-fix","timestamp":1783913472056,"hypothesisId":"L2","location":"dataplane_wan.c:reassemble_l2","message":"l2_reassemble_pending","data":{"pkt_id":796,"frag_idx":0,"nd":1465}}
{"sessionId":"0173da","runId":"post-fix","timestamp":1783913472056,"hypothesisId":"L2","location":"dataplane_wan.c:reassemble_l2","message":"l2_reassemble_pending","data":{"pkt_id":1324,"frag_idx":0,"nd":1465}}
{"sessionId":"0173da","runId":"post-fix","timestamp":1783913472056,"hypothesisId":"L2","location":"dataplane_wan.c:reassemble_l2","message":"l2_reassemble_pending","data":{"pkt_id":1475,"frag_idx":0,"nd":1465}}
{"sessionId":"0173da","runId":"post-fix","timestamp":1783913472056,"hypothesisId":"L2","location":"dataplane_wan.c:reassemble_l2","message":"l2_reassemble_pending","data":{"pkt_id":1044,"frag_idx":0,"nd":1465}}
{"sessionId":"0173da","runId":"post-fix","timestamp":1783913472056,"hypothesisId":"L2","location":"dataplane_wan.c:reassemble_l2","message":"l2_reassemble_pending","data":{"pkt_id":1045,"frag_idx":0,"nd":1465}}
{"sessionId":"0173da","runId":"post-fix","timestamp":1783913472056,"hypothesisId":"L2","location":"dataplane_wan.c:reassemble_l2","message":"l2_reassemble_pending","data":{"pkt_id":1047,"frag_idx":0,"nd":1465}}
{"sessionId":"0173da","runId":"post-fix","timestamp":1783913472056,"hypothesisId":"L2","location":"dataplane_wan.c:reassemble_l2","message":"l2_reassemble_pending","data":{"pkt_id":1327,"frag_idx":0,"nd":1465}}
{"sessionId":"0173da","runId":"post-fix","timestamp":1783913472056,"hypothesisId":"L2","location":"dataplane_wan.c:reassemble_l2","message":"l2_reassemble_pending","data":{"pkt_id":1048,"frag_idx":0,"nd":1465}}
{"sessionId":"0173da","runId":"post-fix","timestamp":1783913472056,"hypothesisId":"L2","location":"dataplane_wan.c:reassemble_l2","message":"l2_reassemble_pending","data":{"pkt_id":793,"frag_idx":0,"nd":1465}}
{"sessionId":"0173da","runId":"post-fix","timestamp":1783913472056,"hypothesisId":"L2","location":"dataplane_wan.c:reassemble_l2","message":"l2_reassemble_pending","data":{"pkt_id":809,"frag_idx":0,"nd":1465}}
{"sessionId":"0173da","runId":"post-fix","timestamp":1783913472056,"hypothesisId":"L2","location":"dataplane_wan.c:reassemble_l2","message":"l2_reassemble_pending","data":{"pkt_id":1481,"frag_idx":0,"nd":1465}}
{"sessionId":"0173da","runId":"post-fix","timestamp":1783913472057,"hypothesisId":"L2","location":"dataplane_wan.c:reassemble_l2","message":"l2_reassemble_pending","data":{"pkt_id":1330,"frag_idx":0,"nd":1465}}
{"sessionId":"0173da","runId":"post-fix","timestamp":1783913472057,"hypothesisId":"L2","location":"dataplane_wan.c:reassemble_l2","message":"l2_reassemble_pending","data":{"pkt_id":1050,"frag_idx":0,"nd":1465}}
{"sessionId":"0173da","runId":"post-fix","timestamp":1783913472057,"hypothesisId":"L2","location":"dataplane_wan.c:reassemble_l2","message":"l2_reassemble_pending","data":{"pkt_id":1022,"frag_idx":0,"nd":1465}}
{"sessionId":"0173da","runId":"post-fix","timestamp":1783913472057,"hypothesisId":"L2","location":"dataplane_wan.c:reassemble_l2","message":"l2_reassemble_pending","data":{"pkt_id":813,"frag_idx":0,"nd":1465}}
{"sessionId":"0173da","runId":"post-fix","timestamp":1783913472057,"hypothesisId":"L2","location":"dataplane_wan.c:reassemble_l2","message":"l2_reassemble_pending","data":{"pkt_id":798,"frag_idx":0,"nd":1465}}
{"sessionId":"0173da","runId":"post-fix","timestamp":1783913472057,"hypothesisId":"L2","location":"dataplane_wan.c:reassemble_l2","message":"l2_reassemble_pending","data":{"pkt_id":1440,"frag_idx":0,"nd":1465}}
{"sessionId":"0173da","runId":"post-fix","timestamp":1783913472057,"hypothesisId":"L2","location":"dataplane_wan.c:reassemble_l2","message":"l2_reassemble_pending","data":{"pkt_id":1073,"frag_idx":0,"nd":1465}}
{"sessionId":"0173da","runId":"post-fix","timestamp":1783913472057,"hypothesisId":"L2","location":"dataplane_wan.c:reassemble_l2","message":"l2_reassemble_pending","data":{"pkt_id":1484,"frag_idx":0,"nd":1465}}
{"sessionId":"0173da","runId":"post-fix","timestamp":1783913472057,"hypothesisId":"L2","location":"dataplane_wan.c:reassemble_l2","message":"l2_reassemble_pending","data":{"pkt_id":1035,"frag_idx":0,"nd":1465}}
{"sessionId":"0173da","runId":"post-fix","timestamp":1783913472057,"hypothesisId":"L2","location":"dataplane_wan.c:reassemble_l2","message":"l2_reassemble_pending","data":{"pkt_id":1486,"frag_idx":0,"nd":1465}}
{"sessionId":"0173da","runId":"post-fix","timestamp":1783913472057,"hypothesisId":"L2","location":"dataplane_wan.c:reassemble_l2","message":"l2_reassemble_pending","data":{"pkt_id":823,"frag_idx":0,"nd":1465}}
{"sessionId":"0173da","runId":"post-fix","timestamp":1783913472057,"hypothesisId":"L2","location":"dataplane_wan.c:reassemble_l2","message":"l2_reassemble_pending","data":{"pkt_id":818,"frag_idx":0,"nd":1465}}
{"sessionId":"0173da","runId":"post-fix","timestamp":1783913472057,"hypothesisId":"L2","location":"dataplane_wan.c:reassemble_l2","message":"l2_reassemble_pending","data":{"pkt_id":1443,"frag_idx":0,"nd":1465}}
{"sessionId":"0173da","runId":"post-fix","timestamp":1783913472057,"hypothesisId":"L2","location":"dataplane_wan.c:reassemble_l2","message":"l2_reassemble_pending","data":{"pkt_id":1077,"frag_idx":0,"nd":1465}}
{"sessionId":"0173da","runId":"post-fix","timestamp":1783913472057,"hypothesisId":"L2","location":"dataplane_wan.c:reassemble_l2","message":"l2_reassemble_pending","data":{"pkt_id":1039,"frag_idx":0,"nd":1465}}
{"sessionId":"0173da","runId":"post-fix","timestamp":1783913472057,"hypothesisId":"L2","location":"dataplane_wan.c:reassemble_l2","message":"l2_reassemble_pending","data":{"pkt_id":1489,"frag_idx":0,"nd":1465}}
{"sessionId":"0173da","runId":"post-fix","timestamp":1783913472057,"hypothesisId":"L2","location":"dataplane_wan.c:reassemble_l2","message":"l2_reassemble_pending","data":{"pkt_id":807,"frag_idx":0,"nd":1465}}
{"sessionId":"0173da","runId":"post-fix","timestamp":1783913472057,"hypothesisId":"L2","location":"dataplane_wan.c:reassemble_l2","message":"l2_reassemble_pending","data":{"pkt_id":1444,"frag_idx":0,"nd":1465}}
{"sessionId":"0173da","runId":"post-fix","timestamp":1783913472057,"hypothesisId":"L2","location":"dataplane_wan.c:reassemble_l2","message":"l2_reassemble_pending","data":{"pkt_id":801,"frag_idx":0,"nd":1465}}
{"sessionId":"0173da","runId":"post-fix","timestamp":1783913472057,"hypothesisId":"L2","location":"dataplane_wan.c:reassemble_l2","message":"l2_reassemble_pending","data":{"pkt_id":1041,"frag_idx":0,"nd":1465}}
{"sessionId":"0173da","runId":"post-fix","timestamp":1783913472057,"hypothesisId":"L2","location":"dataplane_wan.c:reassemble_l2","message":"l2_reassemble_pending","data":{"pkt_id":1080,"frag_idx":0,"nd":1465}}
{"sessionId":"0173da","runId":"post-fix","timestamp":1783913472057,"hypothesisId":"L2","location":"dataplane_wan.c:reassemble_l2","message":"l2_reassemble_pending","data":{"pkt_id":1492,"frag_idx":0,"nd":1465}}
{"sessionId":"0173da","runId":"post-fix","timestamp":1783913472057,"hypothesisId":"L2","location":"dataplane_wan.c:reassemble_l2","message":"l2_reassemble_pending","data":{"pkt_id":811,"frag_idx":0,"nd":1465}}
{"sessionId":"0173da","runId":"post-fix","timestamp":1783913472057,"hypothesisId":"L2","location":"dataplane_wan.c:reassemble_l2","message":"l2_reassemble_pending","data":{"pkt_id":1449,"frag_idx":0,"nd":1465}}
{"sessionId":"0173da","runId":"post-fix","timestamp":1783913472057,"hypothesisId":"L2","location":"dataplane_wan.c:reassemble_l2","message":"l2_reassemble_pending","data":{"pkt_id":805,"frag_idx":0,"nd":1465}}
{"sessionId":"0173da","runId":"post-fix","timestamp":1783913472057,"hypothesisId":"L2","location":"dataplane_wan.c:reassemble_l2","message":"l2_reassemble_pending","data":{"pkt_id":1054,"frag_idx":0,"nd":1465}}
{"sessionId":"0173da","runId":"post-fix","timestamp":1783913472057,"hypothesisId":"L2","location":"dataplane_wan.c:reassemble_l2","message":"l2_reassemble_pending","data":{"pkt_id":1082,"frag_idx":0,"nd":1465}}
{"sessionId":"0173da","runId":"post-fix","timestamp":1783913472057,"hypothesisId":"L2","location":"dataplane_wan.c:reassemble_l2","message":"l2_reassemble_pending","data":{"pkt_id":814,"frag_idx":0,"nd":1465}}
{"sessionId":"0173da","runId":"post-fix","timestamp":1783913472057,"hypothesisId":"L2","location":"dataplane_wan.c:reassemble_l2","message":"l2_reassemble_pending","data":{"pkt_id":1453,"frag_idx":0,"nd":1465}}
{"sessionId":"0173da","runId":"post-fix","timestamp":1783913472057,"hypothesisId":"L2","location":"dataplane_wan.c:reassemble_l2","message":"l2_reassemble_pending","data":{"pkt_id":831,"frag_idx":0,"nd":1465}}
{"sessionId":"0173da","runId":"post-fix","timestamp":1783913472057,"hypothesisId":"L2","location":"dataplane_wan.c:reassemble_l2","message":"l2_reassemble_pending","data":{"pkt_id":1497,"frag_idx":0,"nd":1465}}
{"sessionId":"0173da","runId":"post-fix","timestamp":1783913472057,"hypothesisId":"L2","location":"dataplane_wan.c:reassemble_l2","message":"l2_reassemble_pending","data":{"pkt_id":1072,"frag_idx":0,"nd":1465}}
{"sessionId":"0173da","runId":"post-fix","timestamp":1783913472057,"hypothesisId":"L2","location":"dataplane_wan.c:reassemble_l2","message":"l2_reassemble_pending","data":{"pkt_id":1083,"frag_idx":0,"nd":1465}}
{"sessionId":"0173da","runId":"post-fix","timestamp":1783913472057,"hypothesisId":"L2","location":"dataplane_wan.c:reassemble_l2","message":"l2_reassemble_pending","data":{"pkt_id":816,"frag_idx":0,"nd":1465}}
{"sessionId":"0173da","runId":"post-fix","timestamp":1783913472057,"hypothesisId":"L2","location":"dataplane_wan.c:reassemble_l2","message":"l2_reassemble_pending","data":{"pkt_id":1457,"frag_idx":0,"nd":1465}}
{"sessionId":"0173da","runId":"post-fix","timestamp":1783913472057,"hypothesisId":"L2","location":"dataplane_wan.c:reassemble_l2","message":"l2_reassemble_pending","data":{"pkt_id":1057,"frag_idx":0,"nd":1465}}
{"sessionId":"0173da","runId":"post-fix","timestamp":1783913472057,"hypothesisId":"L2","location":"dataplane_wan.c:reassemble_l2","message":"l2_reassemble_pending","data":{"pkt_id":820,"frag_idx":0,"nd":1465}}
{"sessionId":"0173da","runId":"post-fix","timestamp":1783913472057,"hypothesisId":"L2","location":"dataplane_wan.c:reassemble_l2","message":"l2_reassemble_pending","data":{"pkt_id":1502,"frag_idx":0,"nd":1465}}
{"sessionId":"0173da","runId":"post-fix","timestamp":1783913472057,"hypothesisId":"L2","location":"dataplane_wan.c:reassemble_l2","message":"l2_reassemble_pending","data":{"pkt_id":825,"frag_idx":0,"nd":1465}}
{"sessionId":"0173da","runId":"post-fix","timestamp":1783913472057,"hypothesisId":"L2","location":"dataplane_wan.c:reassemble_l2","message":"l2_reassemble_pending","data":{"pkt_id":1098,"frag_idx":0,"nd":1465}}
{"sessionId":"0173da","runId":"post-fix","timestamp":1783913472057,"hypothesisId":"L2","location":"dataplane_wan.c:reassemble_l2","message":"l2_reassemble_pending","data":{"pkt_id":1493,"frag_idx":0,"nd":1465}}
{"sessionId":"0173da","runId":"post-fix","timestamp":1783913472057,"hypothesisId":"L2","location":"dataplane_wan.c:reassemble_l2","message":"l2_reassemble_pending","data":{"pkt_id":826,"frag_idx":0,"nd":1465}}
{"sessionId":"0173da","runId":"post-fix","timestamp":1783913472057,"hypothesisId":"L2","location":"dataplane_wan.c:reassemble_l2","message":"l2_reassemble_pending","data":{"pkt_id":1060,"frag_idx":0,"nd":1465}}
{"sessionId":"0173da","runId":"post-fix","timestamp":1783913472057,"hypothesisId":"L2","location":"dataplane_wan.c:reassemble_l2","message":"l2_reassemble_pending","data":{"pkt_id":827,"frag_idx":0,"nd":1465}}
{"sessionId":"0173da","runId":"post-fix","timestamp":1783913472057,"hypothesisId":"L2","location":"dataplane_wan.c:reassemble_l2","message":"l2_reassemble_pending","data":{"pkt_id":1507,"frag_idx":0,"nd":1465}}
{"sessionId":"0173da","runId":"post-fix","timestamp":1783913472057,"hypothesisId":"L2","location":"dataplane_wan.c:reassemble_l2","message":"l2_reassemble_pending","data":{"pkt_id":1088,"frag_idx":0,"nd":1465}}
{"sessionId":"0173da","runId":"post-fix","timestamp":1783913472057,"hypothesisId":"L2","location":"dataplane_wan.c:reassemble_l2","message":"l2_reassemble_pending","data":{"pkt_id":1501,"frag_idx":0,"nd":1465}}
{"sessionId":"0173da","runId":"post-fix","timestamp":1783913472057,"hypothesisId":"L2","location":"dataplane_wan.c:reassemble_l2","message":"l2_reassemble_pending","data":{"pkt_id":828,"frag_idx":0,"nd":1465}}
{"sessionId":"0173da","runId":"post-fix","timestamp":1783913472057,"hypothesisId":"L2","location":"dataplane_wan.c:reassemble_l2","message":"l2_reassemble_pending","data":{"pkt_id":830,"frag_idx":0,"nd":1465}}
{"sessionId":"0173da","runId":"post-fix","timestamp":1783913472057,"hypothesisId":"L2","location":"dataplane_wan.c:reassemble_l2","message":"l2_reassemble_pending","data":{"pkt_id":1076,"frag_idx":0,"nd":1465}}
{"sessionId":"0173da","runId":"post-fix","timestamp":1783913472057,"hypothesisId":"L2","location":"dataplane_wan.c:reassemble_l2","message":"l2_reassemble_pending","data":{"pkt_id":1512,"frag_idx":0,"nd":1465}}
{"sessionId":"0173da","runId":"post-fix","timestamp":1783913472057,"hypothesisId":"L2","location":"dataplane_wan.c:reassemble_l2","message":"l2_reassemble_pending","data":{"pkt_id":1506,"frag_idx":0,"nd":1465}}
{"sessionId":"0173da","runId":"post-fix","timestamp":1783913472057,"hypothesisId":"L2","location":"dataplane_wan.c:reassemble_l2","message":"l2_reassemble_pending","data":{"pkt_id":1091,"frag_idx":0,"nd":1465}}
{"sessionId":"0173da","runId":"post-fix","timestamp":1783913472057,"hypothesisId":"L2","location":"dataplane_wan.c:reassemble_l2","message":"l2_reassemble_pending","data":{"pkt_id":844,"frag_idx":0,"nd":1465}}
{"sessionId":"0173da","runId":"post-fix","timestamp":1783913472057,"hypothesisId":"L2","location":"dataplane_wan.c:reassemble_l2","message":"l2_reassemble_pending","data":{"pkt_id":1084,"frag_idx":0,"nd":1465}}
{"sessionId":"0173da","runId":"post-fix","timestamp":1783913472057,"hypothesisId":"L2","location":"dataplane_wan.c:reassemble_l2","message":"l2_reassemble_pending","data":{"pkt_id":1514,"frag_idx":0,"nd":1465}}
{"sessionId":"0173da","runId":"post-fix","timestamp":1783913472057,"hypothesisId":"L2","location":"dataplane_wan.c:reassemble_l2","message":"l2_reassemble_pending","data":{"pkt_id":835,"frag_idx":0,"nd":1465}}
{"sessionId":"0173da","runId":"post-fix","timestamp":1783913472057,"hypothesisId":"L2","location":"dataplane_wan.c:reassemble_l2","message":"l2_reassemble_pending","data":{"pkt_id":1511,"frag_idx":0,"nd":1465}}
{"sessionId":"0173da","runId":"post-fix","timestamp":1783913472057,"hypothesisId":"L2","location":"dataplane_wan.c:reassemble_l2","message":"l2_reassemble_pending","data":{"pkt_id":1093,"frag_idx":0,"nd":1465}}
{"sessionId":"0173da","runId":"post-fix","timestamp":1783913472057,"hypothesisId":"L2","location":"dataplane_wan.c:reassemble_l2","message":"l2_reassemble_pending","data":{"pkt_id":834,"frag_idx":0,"nd":1465}}
{"sessionId":"0173da","runId":"post-fix","timestamp":1783913472057,"hypothesisId":"L2","location":"dataplane_wan.c:reassemble_l2","message":"l2_reassemble_pending","data":{"pkt_id":1086,"frag_idx":0,"nd":1465}}
{"sessionId":"0173da","runId":"post-fix","timestamp":1783913472057,"hypothesisId":"L2","location":"dataplane_wan.c:reassemble_l2","message":"l2_reassemble_pending","data":{"pkt_id":1517,"frag_idx":0,"nd":1465}}
{"sessionId":"0173da","runId":"post-fix","timestamp":1783913472057,"hypothesisId":"L2","location":"dataplane_wan.c:reassemble_l2","message":"l2_reassemble_pending","data":{"pkt_id":1592,"frag_idx":0,"nd":1465}}
{"sessionId":"0173da","runId":"post-fix","timestamp":1783913472057,"hypothesisId":"L2","location":"dataplane_wan.c:reassemble_l2","message":"l2_reassemble_pending","data":{"pkt_id":833,"frag_idx":0,"nd":1465}}
{"sessionId":"0173da","runId":"post-fix","timestamp":1783913472057,"hypothesisId":"L2","location":"dataplane_wan.c:reassemble_l2","message":"l2_reassemble_pending","data":{"pkt_id":837,"frag_idx":0,"nd":1465}}
{"sessionId":"0173da","runId":"post-fix","timestamp":1783913472057,"hypothesisId":"L2","location":"dataplane_wan.c:reassemble_l2","message":"l2_reassemble_pending","data":{"pkt_id":1128,"frag_idx":0,"nd":1465}}
{"sessionId":"0173da","runId":"post-fix","timestamp":1783913472057,"hypothesisId":"L2","location":"dataplane_wan.c:reassemble_l2","message":"l2_reassemble_pending","data":{"pkt_id":1089,"frag_idx":0,"nd":1465}}
{"sessionId":"0173da","runId":"post-fix","timestamp":1783913472057,"hypothesisId":"L2","location":"dataplane_wan.c:reassemble_l2","message":"l2_reassemble_pending","data":{"pkt_id":1520,"frag_idx":0,"nd":1465}}
{"sessionId":"0173da","runId":"post-fix","timestamp":1783913472057,"hypothesisId":"L2","location":"dataplane_wan.c:reassemble_l2","message":"l2_reassemble_pending","data":{"pkt_id":1596,"frag_idx":0,"nd":1465}}
{"sessionId":"0173da","runId":"post-fix","timestamp":1783913472057,"hypothesisId":"L2","location":"dataplane_wan.c:reassemble_l2","message":"l2_reassemble_pending","data":{"pkt_id":840,"frag_idx":0,"nd":1465}}
{"sessionId":"0173da","runId":"post-fix","timestamp":1783913472057,"hypothesisId":"L2","location":"dataplane_wan.c:reassemble_l2","message":"l2_reassemble_pending","data":{"pkt_id":1132,"frag_idx":0,"nd":1465}}
{"sessionId":"0173da","runId":"post-fix","timestamp":1783913472057,"hypothesisId":"L2","location":"dataplane_wan.c:reassemble_l2","message":"l2_reassemble_pending","data":{"pkt_id":851,"frag_idx":0,"nd":1465}}
{"sessionId":"0173da","runId":"post-fix","timestamp":1783913472057,"hypothesisId":"L2","location":"dataplane_wan.c:reassemble_l2","message":"l2_reassemble_pending","data":{"pkt_id":1092,"frag_idx":0,"nd":1465}}
{"sessionId":"0173da","runId":"post-fix","timestamp":1783913472057,"hypothesisId":"L2","location":"dataplane_wan.c:reassemble_l2","message":"l2_reassemble_pending","data":{"pkt_id":1522,"frag_idx":0,"nd":1465}}
{"sessionId":"0173da","runId":"post-fix","timestamp":1783913472057,"hypothesisId":"L2","location":"dataplane_wan.c:reassemble_l2","message":"l2_reassemble_pending","data":{"pkt_id":1599,"frag_idx":0,"nd":1465}}
{"sessionId":"0173da","runId":"post-fix","timestamp":1783913472057,"hypothesisId":"L2","location":"dataplane_wan.c:reassemble_l2","message":"l2_reassemble_pending","data":{"pkt_id":842,"frag_idx":0,"nd":1465}}
{"sessionId":"0173da","runId":"post-fix","timestamp":1783913472057,"hypothesisId":"L2","location":"dataplane_wan.c:reassemble_l2","message":"l2_reassemble_pending","data":{"pkt_id":1134,"frag_idx":0,"nd":1465}}
{"sessionId":"0173da","runId":"post-fix","timestamp":1783913472057,"hypothesisId":"L2","location":"dataplane_wan.c:reassemble_l2","message":"l2_reassemble_pending","data":{"pkt_id":1094,"frag_idx":0,"nd":1465}}
{"sessionId":"0173da","runId":"post-fix","timestamp":1783913472057,"hypothesisId":"L2","location":"dataplane_wan.c:reassemble_l2","message":"l2_reassemble_pending","data":{"pkt_id":856,"frag_idx":0,"nd":1465}}
{"sessionId":"0173da","runId":"post-fix","timestamp":1783913472057,"hypothesisId":"L2","location":"dataplane_wan.c:reassemble_l2","message":"l2_reassemble_pending","data":{"pkt_id":1525,"frag_idx":0,"nd":1465}}
{"sessionId":"0173da","runId":"post-fix","timestamp":1783913472057,"hypothesisId":"L2","location":"dataplane_wan.c:reassemble_l2","message":"l2_reassemble_pending","data":{"pkt_id":1606,"frag_idx":0,"nd":1465}}
{"sessionId":"0173da","runId":"post-fix","timestamp":1783913472057,"hypothesisId":"L2","location":"dataplane_wan.c:reassemble_l2","message":"l2_reassemble_pending","data":{"pkt_id":1096,"frag_idx":0,"nd":1465}}
{"sessionId":"0173da","runId":"post-fix","timestamp":1783913472057,"hypothesisId":"L2","location":"dataplane_wan.c:reassemble_l2","message":"l2_reassemble_pending","data":{"pkt_id":850,"frag_idx":0,"nd":1465}}
{"sessionId":"0173da","runId":"post-fix","timestamp":1783913472057,"hypothesisId":"L2","location":"dataplane_wan.c:reassemble_l2","message":"l2_reassemble_pending","data":{"pkt_id":1139,"frag_idx":0,"nd":1465}}
{"sessionId":"0173da","runId":"post-fix","timestamp":1783913472057,"hypothesisId":"L2","location":"dataplane_wan.c:reassemble_l2","message":"l2_reassemble_pending","data":{"pkt_id":1527,"frag_idx":0,"nd":1465}}
{"sessionId":"0173da","runId":"post-fix","timestamp":1783913472057,"hypothesisId":"L2","location":"dataplane_wan.c:reassemble_l2","message":"l2_reassemble_pending","data":{"pkt_id":1654,"frag_idx":0,"nd":1465}}
{"sessionId":"0173da","runId":"post-fix","timestamp":1783913472057,"hypothesisId":"L2","location":"dataplane_wan.c:reassemble_l2","message":"l2_reassemble_pending","data":{"pkt_id":838,"frag_idx":0,"nd":1465}}
{"sessionId":"0173da","runId":"post-fix","timestamp":1783913472057,"hypothesisId":"L2","location":"dataplane_wan.c:reassemble_l2","message":"l2_reassemble_pending","data":{"pkt_id":1101,"frag_idx":0,"nd":1465}}
{"sessionId":"0173da","runId":"post-fix","timestamp":1783913472057,"hypothesisId":"L2","location":"dataplane_wan.c:reassemble_l2","message":"l2_reassemble_pending","data":{"pkt_id":1529,"frag_idx":0,"nd":1465}}
{"sessionId":"0173da","runId":"post-fix","timestamp":1783913472057,"hypothesisId":"L2","location":"dataplane_wan.c:reassemble_l2","message":"l2_reassemble_pending","data":{"pkt_id":867,"frag_idx":0,"nd":1465}}
{"sessionId":"0173da","runId":"post-fix","timestamp":1783913472057,"hypothesisId":"L2","location":"dataplane_wan.c:reassemble_l2","message":"l2_reassemble_pending","data":{"pkt_id":1142,"frag_idx":0,"nd":1465}}
{"sessionId":"0173da","runId":"post-fix","timestamp":1783913472057,"hypothesisId":"L2","location":"dataplane_wan.c:reassemble_l2","message":"l2_reassemble_pending","data":{"pkt_id":1666,"frag_idx":0,"nd":1465}}
{"sessionId":"0173da","runId":"post-fix","timestamp":1783913472057,"hypothesisId":"L2","location":"dataplane_wan.c:reassemble_l2","message":"l2_reassemble_pending","data":{"pkt_id":1103,"frag_idx":0,"nd":1465}}
{"sessionId":"0173da","runId":"post-fix","timestamp":1783913472057,"hypothesisId":"L2","location":"dataplane_wan.c:reassemble_l2","message":"l2_reassemble_pending","data":{"pkt_id":841,"frag_idx":0,"nd":1465}}
{"sessionId":"0173da","runId":"post-fix","timestamp":1783913472057,"hypothesisId":"L2","location":"dataplane_wan.c:reassemble_l2","message":"l2_reassemble_pending","data":{"pkt_id":855,"frag_idx":0,"nd":1465}}
{"sessionId":"0173da","runId":"post-fix","timestamp":1783913472057,"hypothesisId":"L2","location":"dataplane_wan.c:reassemble_l2","message":"l2_reassemble_pending","data":{"pkt_id":1656,"frag_idx":0,"nd":1465}}
{"sessionId":"0173da","runId":"post-fix","timestamp":1783913472057,"hypothesisId":"L2","location":"dataplane_wan.c:reassemble_l2","message":"l2_reassemble_pending","data":{"pkt_id":1531,"frag_idx":0,"nd":1465}}
{"sessionId":"0173da","runId":"post-fix","timestamp":1783913472057,"hypothesisId":"L2","location":"dataplane_wan.c:reassemble_l2","message":"l2_reassemble_pending","data":{"pkt_id":1147,"frag_idx":0,"nd":1465}}
{"sessionId":"0173da","runId":"post-fix","timestamp":1783913472057,"hypothesisId":"L2","location":"dataplane_wan.c:reassemble_l2","message":"l2_reassemble_pending","data":{"pkt_id":1106,"frag_idx":0,"nd":1465}}
{"sessionId":"0173da","runId":"post-fix","timestamp":1783913472058,"hypothesisId":"L2","location":"dataplane_wan.c:reassemble_l2","message":"l2_reassemble_pending","data":{"pkt_id":1535,"frag_idx":0,"nd":1465}}
{"sessionId":"0173da","runId":"post-fix","timestamp":1783913472058,"hypothesisId":"L2","location":"dataplane_wan.c:reassemble_l2","message":"l2_reassemble_pending","data":{"pkt_id":843,"frag_idx":0,"nd":1465}}
{"sessionId":"0173da","runId":"post-fix","timestamp":1783913472058,"hypothesisId":"L2","location":"dataplane_wan.c:reassemble_l2","message":"l2_reassemble_pending","data":{"pkt_id":1151,"frag_idx":0,"nd":1465}}
{"sessionId":"0173da","runId":"post-fix","timestamp":1783913472058,"hypothesisId":"L2","location":"dataplane_wan.c:reassemble_l2","message":"l2_reassemble_pending","data":{"pkt_id":1636,"frag_idx":0,"nd":1465}}
{"sessionId":"0173da","runId":"post-fix","timestamp":1783913472058,"hypothesisId":"L2","location":"dataplane_wan.c:reassemble_l2","message":"l2_reassemble_pending","data":{"pkt_id":859,"frag_idx":0,"nd":1465}}
{"sessionId":"0173da","runId":"post-fix","timestamp":1783913472058,"hypothesisId":"L2","location":"dataplane_wan.c:reassemble_l2","message":"l2_reassemble_pending","data":{"pkt_id":1110,"frag_idx":0,"nd":1465}}
{"sessionId":"0173da","runId":"post-fix","timestamp":1783913472058,"hypothesisId":"L2","location":"dataplane_wan.c:reassemble_l2","message":"l2_reassemble_pending","data":{"pkt_id":1537,"frag_idx":0,"nd":1465}}
{"sessionId":"0173da","runId":"post-fix","timestamp":1783913472058,"hypothesisId":"L2","location":"dataplane_wan.c:reassemble_l2","message":"l2_reassemble_pending","data":{"pkt_id":1155,"frag_idx":0,"nd":1465}}
{"sessionId":"0173da","runId":"post-fix","timestamp":1783913472058,"hypothesisId":"L2","location":"dataplane_wan.c:reassemble_l2","message":"l2_reassemble_pending","data":{"pkt_id":846,"frag_idx":0,"nd":1465}}
{"sessionId":"0173da","runId":"post-fix","timestamp":1783913472058,"hypothesisId":"L2","location":"dataplane_wan.c:reassemble_l2","message":"l2_reassemble_pending","data":{"pkt_id":1639,"frag_idx":0,"nd":1465}}
{"sessionId":"0173da","runId":"post-fix","timestamp":1783913472058,"hypothesisId":"L2","location":"dataplane_wan.c:reassemble_l2","message":"l2_reassemble_pending","data":{"pkt_id":863,"frag_idx":0,"nd":1465}}
{"sessionId":"0173da","runId":"post-fix","timestamp":1783913472058,"hypothesisId":"L2","location":"dataplane_wan.c:reassemble_l2","message":"l2_reassemble_pending","data":{"pkt_id":1113,"frag_idx":0,"nd":1465}}
{"sessionId":"0173da","runId":"post-fix","timestamp":1783913472058,"hypothesisId":"L2","location":"dataplane_wan.c:reassemble_l2","message":"l2_reassemble_pending","data":{"pkt_id":1544,"frag_idx":0,"nd":1465}}
{"sessionId":"0173da","runId":"post-fix","timestamp":1783913472058,"hypothesisId":"L2","location":"dataplane_wan.c:reassemble_l2","message":"l2_reassemble_pending","data":{"pkt_id":1158,"frag_idx":0,"nd":1465}}
{"sessionId":"0173da","runId":"post-fix","timestamp":1783913472058,"hypothesisId":"L2","location":"dataplane_wan.c:reassemble_l2","message":"l2_reassemble_pending","data":{"pkt_id":878,"frag_idx":0,"nd":1465}}
{"sessionId":"0173da","runId":"post-fix","timestamp":1783913472058,"hypothesisId":"L2","location":"dataplane_wan.c:reassemble_l2","message":"l2_reassemble_pending","data":{"pkt_id":1114,"frag_idx":0,"nd":1465}}
{"sessionId":"0173da","runId":"post-fix","timestamp":1783913472058,"hypothesisId":"L2","location":"dataplane_wan.c:reassemble_l2","message":"l2_reassemble_pending","data":{"pkt_id":1642,"frag_idx":0,"nd":1465}}
{"sessionId":"0173da","runId":"post-fix","timestamp":1783913472058,"hypothesisId":"L2","location":"dataplane_wan.c:reassemble_l2","message":"l2_reassemble_pending","data":{"pkt_id":848,"frag_idx":0,"nd":1465}}
{"sessionId":"0173da","runId":"post-fix","timestamp":1783913472058,"hypothesisId":"L2","location":"dataplane_wan.c:reassemble_l2","message":"l2_reassemble_pending","data":{"pkt_id":1539,"frag_idx":0,"nd":1465}}
{"sessionId":"0173da","runId":"post-fix","timestamp":1783913472058,"hypothesisId":"L2","location":"dataplane_wan.c:reassemble_l2","message":"l2_reassemble_pending","data":{"pkt_id":1168,"frag_idx":0,"nd":1465}}
{"sessionId":"0173da","runId":"post-fix","timestamp":1783913472058,"hypothesisId":"L2","location":"dataplane_wan.c:reassemble_l2","message":"l2_reassemble_pending","data":{"pkt_id":1115,"frag_idx":0,"nd":1465}}
{"sessionId":"0173da","runId":"post-fix","timestamp":1783913472058,"hypothesisId":"L2","location":"dataplane_wan.c:reassemble_l2","message":"l2_reassemble_pending","data":{"pkt_id":881,"frag_idx":0,"nd":1465}}
{"sessionId":"0173da","runId":"post-fix","timestamp":1783913472058,"hypothesisId":"L2","location":"dataplane_wan.c:reassemble_l2","message":"l2_reassemble_pending","data":{"pkt_id":1646,"frag_idx":0,"nd":1465}}
{"sessionId":"0173da","runId":"post-fix","timestamp":1783913472058,"hypothesisId":"L2","location":"dataplane_wan.c:reassemble_l2","message":"l2_reassemble_pending","data":{"pkt_id":1542,"frag_idx":0,"nd":1465}}
{"sessionId":"0173da","runId":"post-fix","timestamp":1783913472058,"hypothesisId":"L2","location":"dataplane_wan.c:reassemble_l2","message":"l2_reassemble_pending","data":{"pkt_id":861,"frag_idx":0,"nd":1465}}
{"sessionId":"0173da","runId":"post-fix","timestamp":1783913472058,"hypothesisId":"L2","location":"dataplane_wan.c:reassemble_l2","message":"l2_reassemble_pending","data":{"pkt_id":1172,"frag_idx":0,"nd":1465}}
{"sessionId":"0173da","runId":"post-fix","timestamp":1783913472058,"hypothesisId":"L2","location":"dataplane_wan.c:reassemble_l2","message":"l2_reassemble_pending","data":{"pkt_id":1118,"frag_idx":0,"nd":1465}}
{"sessionId":"0173da","runId":"post-fix","timestamp":1783913472058,"hypothesisId":"L2","location":"dataplane_wan.c:reassemble_l2","message":"l2_reassemble_pending","data":{"pkt_id":865,"frag_idx":0,"nd":1465}}
{"sessionId":"0173da","runId":"post-fix","timestamp":1783913472058,"hypothesisId":"L2","location":"dataplane_wan.c:reassemble_l2","message":"l2_reassemble_pending","data":{"pkt_id":1651,"frag_idx":0,"nd":1465}}
{"sessionId":"0173da","runId":"post-fix","timestamp":1783913472058,"hypothesisId":"L2","location":"dataplane_wan.c:reassemble_l2","message":"l2_reassemble_pending","data":{"pkt_id":886,"frag_idx":0,"nd":1465}}
{"sessionId":"0173da","runId":"post-fix","timestamp":1783913472058,"hypothesisId":"L2","location":"dataplane_wan.c:reassemble_l2","message":"l2_reassemble_pending","data":{"pkt_id":1546,"frag_idx":0,"nd":1465}}
{"sessionId":"0173da","runId":"post-fix","timestamp":1783913472058,"hypothesisId":"L2","location":"dataplane_wan.c:reassemble_l2","message":"l2_reassemble_pending","data":{"pkt_id":1180,"frag_idx":0,"nd":1465}}
{"sessionId":"0173da","runId":"post-fix","timestamp":1783913472058,"hypothesisId":"L2","location":"dataplane_wan.c:reassemble_l2","message":"l2_reassemble_pending","data":{"pkt_id":1121,"frag_idx":0,"nd":1465}}
{"sessionId":"0173da","runId":"post-fix","timestamp":1783913472058,"hypothesisId":"L2","location":"dataplane_wan.c:reassemble_l2","message":"l2_reassemble_pending","data":{"pkt_id":899,"frag_idx":0,"nd":1465}}
{"sessionId":"0173da","runId":"post-fix","timestamp":1783913472058,"hypothesisId":"L2","location":"dataplane_wan.c:reassemble_l2","message":"l2_reassemble_pending","data":{"pkt_id":1653,"frag_idx":0,"nd":1465}}
{"sessionId":"0173da","runId":"post-fix","timestamp":1783913472058,"hypothesisId":"L2","location":"dataplane_wan.c:reassemble_l2","message":"l2_reassemble_pending","data":{"pkt_id":1550,"frag_idx":0,"nd":1465}}
{"sessionId":"0173da","runId":"post-fix","timestamp":1783913472058,"hypothesisId":"L2","location":"dataplane_wan.c:reassemble_l2","message":"l2_reassemble_pending","data":{"pkt_id":883,"frag_idx":0,"nd":1465}}
{"sessionId":"0173da","runId":"post-fix","timestamp":1783913472058,"hypothesisId":"L2","location":"dataplane_wan.c:reassemble_l2","message":"l2_reassemble_pending","data":{"pkt_id":1122,"frag_idx":0,"nd":1465}}
{"sessionId":"0173da","runId":"post-fix","timestamp":1783913472058,"hypothesisId":"L2","location":"dataplane_wan.c:reassemble_l2","message":"l2_reassemble_pending","data":{"pkt_id":1176,"frag_idx":0,"nd":1465}}
{"sessionId":"0173da","runId":"post-fix","timestamp":1783913472058,"hypothesisId":"L2","location":"dataplane_wan.c:reassemble_l2","message":"l2_reassemble_pending","data":{"pkt_id":1669,"frag_idx":0,"nd":1465}}
{"sessionId":"0173da","runId":"post-fix","timestamp":1783913472058,"hypothesisId":"L2","location":"dataplane_wan.c:reassemble_l2","message":"l2_reassemble_pending","data":{"pkt_id":889,"frag_idx":0,"nd":1465}}
{"sessionId":"0173da","runId":"post-fix","timestamp":1783913472058,"hypothesisId":"L2","location":"dataplane_wan.c:reassemble_l2","message":"l2_reassemble_pending","data":{"pkt_id":885,"frag_idx":0,"nd":1465}}
{"sessionId":"0173da","runId":"post-fix","timestamp":1783913472058,"hypothesisId":"L2","location":"dataplane_wan.c:reassemble_l2","message":"l2_reassemble_pending","data":{"pkt_id":1124,"frag_idx":0,"nd":1465}}
{"sessionId":"0173da","runId":"post-fix","timestamp":1783913472058,"hypothesisId":"L2","location":"dataplane_wan.c:reassemble_l2","message":"l2_reassemble_pending","data":{"pkt_id":1554,"frag_idx":0,"nd":1465}}
{"sessionId":"0173da","runId":"post-fix","timestamp":1783913472058,"hypothesisId":"L2","location":"dataplane_wan.c:reassemble_l2","message":"l2_reassemble_pending","data":{"pkt_id":1182,"frag_idx":0,"nd":1465}}
{"sessionId":"0173da","runId":"post-fix","timestamp":1783913472058,"hypothesisId":"L2","location":"dataplane_wan.c:reassemble_l2","message":"l2_reassemble_pending","data":{"pkt_id":1671,"frag_idx":0,"nd":1465}}
{"sessionId":"0173da","runId":"post-fix","timestamp":1783913472058,"hypothesisId":"L2","location":"dataplane_wan.c:reassemble_l2","message":"l2_reassemble_pending","data":{"pkt_id":1126,"frag_idx":0,"nd":1465}}
{"sessionId":"0173da","runId":"post-fix","timestamp":1783913472058,"hypothesisId":"L2","location":"dataplane_wan.c:reassemble_l2","message":"l2_reassemble_pending","data":{"pkt_id":1188,"frag_idx":0,"nd":1465}}
{"sessionId":"0173da","runId":"post-fix","timestamp":1783913472058,"hypothesisId":"L2","location":"dataplane_wan.c:reassemble_l2","message":"l2_reassemble_pending","data":{"pkt_id":1552,"frag_idx":0,"nd":1465}}
{"sessionId":"0173da","runId":"post-fix","timestamp":1783913472058,"hypothesisId":"L2","location":"dataplane_wan.c:reassemble_l2","message":"l2_reassemble_pending","data":{"pkt_id":870,"frag_idx":0,"nd":1465}}
{"sessionId":"0173da","runId":"post-fix","timestamp":1783913472058,"hypothesisId":"L2","location":"dataplane_wan.c:reassemble_l2","message":"l2_reassemble_pending","data":{"pkt_id":895,"frag_idx":0,"nd":1465}}
{"sessionId":"0173da","runId":"post-fix","timestamp":1783913472058,"hypothesisId":"L2","location":"dataplane_wan.c:reassemble_l2","message":"l2_reassemble_pending","data":{"pkt_id":1129,"frag_idx":0,"nd":1465}}
{"sessionId":"0173da","runId":"post-fix","timestamp":1783913472058,"hypothesisId":"L2","location":"dataplane_wan.c:reassemble_l2","message":"l2_reassemble_pending","data":{"pkt_id":1698,"frag_idx":0,"nd":1465}}
{"sessionId":"0173da","runId":"post-fix","timestamp":1783913472058,"hypothesisId":"L2","location":"dataplane_wan.c:reassemble_l2","message":"l2_reassemble_pending","data":{"pkt_id":1192,"frag_idx":0,"nd":1465}}
{"sessionId":"0173da","runId":"post-fix","timestamp":1783913472058,"hypothesisId":"L2","location":"dataplane_wan.c:reassemble_l2","message":"l2_reassemble_pending","data":{"pkt_id":1556,"frag_idx":0,"nd":1465}}
{"sessionId":"0173da","runId":"post-fix","timestamp":1783913472058,"hypothesisId":"L2","location":"dataplane_wan.c:reassemble_l2","message":"l2_reassemble_pending","data":{"pkt_id":872,"frag_idx":0,"nd":1465}}
{"sessionId":"0173da","runId":"post-fix","timestamp":1783913472058,"hypothesisId":"L2","location":"dataplane_wan.c:reassemble_l2","message":"l2_reassemble_pending","data":{"pkt_id":1131,"frag_idx":0,"nd":1465}}
{"sessionId":"0173da","runId":"post-fix","timestamp":1783913472058,"hypothesisId":"L2","location":"dataplane_wan.c:reassemble_l2","message":"l2_reassemble_pending","data":{"pkt_id":888,"frag_idx":0,"nd":1465}}
{"sessionId":"0173da","runId":"post-fix","timestamp":1783913472058,"hypothesisId":"L2","location":"dataplane_wan.c:reassemble_l2","message":"l2_reassemble_pending","data":{"pkt_id":1704,"frag_idx":0,"nd":1465}}
{"sessionId":"0173da","runId":"post-fix","timestamp":1783913472058,"hypothesisId":"L2","location":"dataplane_wan.c:reassemble_l2","message":"l2_reassemble_pending","data":{"pkt_id":1557,"frag_idx":0,"nd":1465}}
{"sessionId":"0173da","runId":"post-fix","timestamp":1783913472058,"hypothesisId":"L2","location":"dataplane_wan.c:reassemble_l2","message":"l2_reassemble_pending","data":{"pkt_id":1196,"frag_idx":0,"nd":1465}}
{"sessionId":"0173da","runId":"post-fix","timestamp":1783913472058,"hypothesisId":"L2","location":"dataplane_wan.c:reassemble_l2","message":"l2_reassemble_pending","data":{"pkt_id":874,"frag_idx":0,"nd":1465}}
{"sessionId":"0173da","runId":"post-fix","timestamp":1783913472058,"hypothesisId":"L2","location":"dataplane_wan.c:reassemble_l2","message":"l2_reassemble_pending","data":{"pkt_id":1138,"frag_idx":0,"nd":1465}}
{"sessionId":"0173da","runId":"post-fix","timestamp":1783913472058,"hypothesisId":"L2","location":"dataplane_wan.c:dataplane_process_wan","message":"wan_l2_forward_ok","data":{"wire_in":98,"plain_len":1514,"n":1536}}
{"sessionId":"0173da","runId":"post-fix","timestamp":1783913472058,"hypothesisId":"L2","location":"dataplane_wan.c:reassemble_l2","message":"l2_reassemble_pending","data":{"pkt_id":1563,"frag_idx":0,"nd":1465}}
{"sessionId":"0173da","runId":"post-fix","timestamp":1783913472058,"hypothesisId":"L2","location":"dataplane_wan.c:reassemble_l2","message":"l2_reassemble_pending","data":{"pkt_id":1186,"frag_idx":0,"nd":1465}}
{"sessionId":"0173da","runId":"post-fix","timestamp":1783913472058,"hypothesisId":"L2","location":"dataplane_wan.c:reassemble_l2","message":"l2_reassemble_pending","data":{"pkt_id":876,"frag_idx":0,"nd":1465}}
{"sessionId":"0173da","runId":"post-fix","timestamp":1783913472058,"hypothesisId":"L2","location":"dataplane_wan.c:reassemble_l2","message":"l2_reassemble_pending","data":{"pkt_id":1708,"frag_idx":0,"nd":1465}}
{"sessionId":"0173da","runId":"post-fix","timestamp":1783913472058,"hypothesisId":"L2","location":"dataplane_wan.c:reassemble_l2","message":"l2_reassemble_pending","data":{"pkt_id":1146,"frag_idx":0,"nd":1465}}
{"sessionId":"0173da","runId":"post-fix","timestamp":1783913472058,"hypothesisId":"L2","location":"dataplane_wan.c:reassemble_l2","message":"l2_reassemble_pending","data":{"pkt_id":891,"frag_idx":0,"nd":1465}}
{"sessionId":"0173da","runId":"post-fix","timestamp":1783913472058,"hypothesisId":"L2","location":"dataplane_wan.c:reassemble_l2","message":"l2_reassemble_pending","data":{"pkt_id":892,"frag_idx":0,"nd":1465}}
{"sessionId":"0173da","runId":"post-fix","timestamp":1783913472058,"hypothesisId":"L2","location":"dataplane_wan.c:reassemble_l2","message":"l2_reassemble_pending","data":{"pkt_id":1566,"frag_idx":0,"nd":1465}}
{"sessionId":"0173da","runId":"post-fix","timestamp":1783913472058,"hypothesisId":"L2","location":"dataplane_wan.c:reassemble_l2","message":"l2_reassemble_pending","data":{"pkt_id":1713,"frag_idx":0,"nd":1465}}
{"sessionId":"0173da","runId":"post-fix","timestamp":1783913472058,"hypothesisId":"L2","location":"dataplane_wan.c:reassemble_l2","message":"l2_reassemble_pending","data":{"pkt_id":894,"frag_idx":0,"nd":1465}}
{"sessionId":"0173da","runId":"post-fix","timestamp":1783913472058,"hypothesisId":"L2","location":"dataplane_wan.c:reassemble_l2","message":"l2_reassemble_pending","data":{"pkt_id":1150,"frag_idx":0,"nd":1465}}
{"sessionId":"0173da","runId":"post-fix","timestamp":1783913472058,"hypothesisId":"L2","location":"dataplane_wan.c:reassemble_l2","message":"l2_reassemble_pending","data":{"pkt_id":1191,"frag_idx":0,"nd":1465}}
{"sessionId":"0173da","runId":"post-fix","timestamp":1783913472058,"hypothesisId":"L2","location":"dataplane_wan.c:reassemble_l2","message":"l2_reassemble_pending","data":{"pkt_id":936,"frag_idx":0,"nd":1465}}
{"sessionId":"0173da","runId":"post-fix","timestamp":1783913472058,"hypothesisId":"L2","location":"dataplane_wan.c:reassemble_l2","message":"l2_reassemble_pending","data":{"pkt_id":1559,"frag_idx":0,"nd":1465}}
{"sessionId":"0173da","runId":"post-fix","timestamp":1783913472058,"hypothesisId":"L2","location":"dataplane_wan.c:reassemble_l2","message":"l2_reassemble_pending","data":{"pkt_id":897,"frag_idx":0,"nd":1465}}
{"sessionId":"0173da","runId":"post-fix","timestamp":1783913472058,"hypothesisId":"L2","location":"dataplane_wan.c:reassemble_l2","message":"l2_reassemble_pending","data":{"pkt_id":1717,"frag_idx":0,"nd":1465}}
{"sessionId":"0173da","runId":"post-fix","timestamp":1783913472058,"hypothesisId":"L2","location":"dataplane_wan.c:reassemble_l2","message":"l2_reassemble_pending","data":{"pkt_id":1154,"frag_idx":0,"nd":1465}}
{"sessionId":"0173da","runId":"post-fix","timestamp":1783913472058,"hypothesisId":"L2","location":"dataplane_wan.c:reassemble_l2","message":"l2_reassemble_pending","data":{"pkt_id":1193,"frag_idx":0,"nd":1465}}
{"sessionId":"0173da","runId":"post-fix","timestamp":1783913472058,"hypothesisId":"L2","location":"dataplane_wan.c:reassemble_l2","message":"l2_reassemble_pending","data":{"pkt_id":1564,"frag_idx":0,"nd":1465}}
{"sessionId":"0173da","runId":"post-fix","timestamp":1783913472058,"hypothesisId":"L2","location":"dataplane_wan.c:reassemble_l2","message":"l2_reassemble_pending","data":{"pkt_id":947,"frag_idx":0,"nd":1465}}
{"sessionId":"0173da","runId":"post-fix","timestamp":1783913472058,"hypothesisId":"L2","location":"dataplane_wan.c:reassemble_l2","message":"l2_reassemble_pending","data":{"pkt_id":902,"frag_idx":0,"nd":1465}}
{"sessionId":"0173da","runId":"post-fix","timestamp":1783913472058,"hypothesisId":"L2","location":"dataplane_wan.c:reassemble_l2","message":"l2_reassemble_pending","data":{"pkt_id":1167,"frag_idx":0,"nd":1465}}
{"sessionId":"0173da","runId":"post-fix","timestamp":1783913472058,"hypothesisId":"L2","location":"dataplane_wan.c:reassemble_l2","message":"l2_reassemble_pending","data":{"pkt_id":1721,"frag_idx":0,"nd":1465}}
{"sessionId":"0173da","runId":"post-fix","timestamp":1783913472058,"hypothesisId":"L2","location":"dataplane_wan.c:reassemble_l2","message":"l2_reassemble_pending","data":{"pkt_id":1198,"frag_idx":0,"nd":1465}}
{"sessionId":"0173da","runId":"post-fix","timestamp":1783913472058,"hypothesisId":"L2","location":"dataplane_wan.c:reassemble_l2","message":"l2_reassemble_pending","data":{"pkt_id":1567,"frag_idx":0,"nd":1465}}
{"sessionId":"0173da","runId":"post-fix","timestamp":1783913472058,"hypothesisId":"L2","location":"dataplane_wan.c:reassemble_l2","message":"l2_reassemble_pending","data":{"pkt_id":951,"frag_idx":0,"nd":1465}}
{"sessionId":"0173da","runId":"post-fix","timestamp":1783913472058,"hypothesisId":"L2","location":"dataplane_wan.c:reassemble_l2","message":"l2_reassemble_pending","data":{"pkt_id":905,"frag_idx":0,"nd":1465}}
{"sessionId":"0173da","runId":"post-fix","timestamp":1783913472058,"hypothesisId":"L2","location":"dataplane_wan.c:reassemble_l2","message":"l2_reassemble_pending","data":{"pkt_id":1569,"frag_idx":0,"nd":1465}}
{"sessionId":"0173da","runId":"post-fix","timestamp":1783913472058,"hypothesisId":"L2","location":"dataplane_wan.c:reassemble_l2","message":"l2_reassemble_pending","data":{"pkt_id":1724,"frag_idx":0,"nd":1465}}
{"sessionId":"0173da","runId":"post-fix","timestamp":1783913472058,"hypothesisId":"L2","location":"dataplane_wan.c:reassemble_l2","message":"l2_reassemble_pending","data":{"pkt_id":1203,"frag_idx":0,"nd":1465}}
{"sessionId":"0173da","runId":"post-fix","timestamp":1783913472058,"hypothesisId":"L2","location":"dataplane_wan.c:reassemble_l2","message":"l2_reassemble_pending","data":{"pkt_id":1171,"frag_idx":0,"nd":1465}}
{"sessionId":"0173da","runId":"post-fix","timestamp":1783913472059,"hypothesisId":"L2","location":"dataplane_wan.c:reassemble_l2","message":"l2_reassemble_pending","data":{"pkt_id":955,"frag_idx":0,"nd":1465}}
{"sessionId":"0173da","runId":"post-fix","timestamp":1783913472059,"hypothesisId":"L2","location":"dataplane_wan.c:reassemble_l2","message":"l2_reassemble_pending","data":{"pkt_id":1573,"frag_idx":0,"nd":1465}}
{"sessionId":"0173da","runId":"post-fix","timestamp":1783913472059,"hypothesisId":"L2","location":"dataplane_wan.c:reassemble_l2","message":"l2_reassemble_pending","data":{"pkt_id":1209,"frag_idx":0,"nd":1465}}
{"sessionId":"0173da","runId":"post-fix","timestamp":1783913472059,"hypothesisId":"L2","location":"dataplane_wan.c:reassemble_l2","message":"l2_reassemble_pending","data":{"pkt_id":1247,"frag_idx":0,"nd":1465}}
{"sessionId":"0173da","runId":"post-fix","timestamp":1783913472059,"hypothesisId":"L2","location":"dataplane_wan.c:reassemble_l2","message":"l2_reassemble_pending","data":{"pkt_id":869,"frag_idx":0,"nd":1465}}
{"sessionId":"0173da","runId":"post-fix","timestamp":1783913472059,"hypothesisId":"L2","location":"dataplane_wan.c:reassemble_l2","message":"l2_reassemble_pending","data":{"pkt_id":979,"frag_idx":0,"nd":1465}}
{"sessionId":"0173da","runId":"post-fix","timestamp":1783913472059,"hypothesisId":"L2","location":"dataplane_wan.c:reassemble_l2","message":"l2_reassemble_pending","data":{"pkt_id":1741,"frag_idx":0,"nd":1465}}
{"sessionId":"0173da","runId":"post-fix","timestamp":1783913472059,"hypothesisId":"L2","location":"dataplane_wan.c:reassemble_l2","message":"l2_reassemble_pending","data":{"pkt_id":1576,"frag_idx":0,"nd":1465}}
{"sessionId":"0173da","runId":"post-fix","timestamp":1783913472059,"hypothesisId":"L2","location":"dataplane_wan.c:reassemble_l2","message":"l2_reassemble_pending","data":{"pkt_id":1213,"frag_idx":0,"nd":1465}}
{"sessionId":"0173da","runId":"post-fix","timestamp":1783913472059,"hypothesisId":"L2","location":"dataplane_wan.c:reassemble_l2","message":"l2_reassemble_pending","data":{"pkt_id":982,"frag_idx":0,"nd":1465}}
{"sessionId":"0173da","runId":"post-fix","timestamp":1783913472059,"hypothesisId":"L2","location":"dataplane_wan.c:reassemble_l2","message":"l2_reassemble_pending","data":{"pkt_id":877,"frag_idx":0,"nd":1465}}
{"sessionId":"0173da","runId":"post-fix","timestamp":1783913472059,"hypothesisId":"L2","location":"dataplane_wan.c:reassemble_l2","message":"l2_reassemble_pending","data":{"pkt_id":1249,"frag_idx":0,"nd":1465}}
{"sessionId":"0173da","runId":"post-fix","timestamp":1783913472059,"hypothesisId":"L2","location":"dataplane_wan.c:reassemble_l2","message":"l2_reassemble_pending","data":{"pkt_id":1745,"frag_idx":0,"nd":1465}}
{"sessionId":"0173da","runId":"post-fix","timestamp":1783913472059,"hypothesisId":"L2","location":"dataplane_wan.c:reassemble_l2","message":"l2_reassemble_pending","data":{"pkt_id":1579,"frag_idx":0,"nd":1465}}
{"sessionId":"0173da","runId":"post-fix","timestamp":1783913472059,"hypothesisId":"L2","location":"dataplane_wan.c:reassemble_l2","message":"l2_reassemble_pending","data":{"pkt_id":986,"frag_idx":0,"nd":1465}}
{"sessionId":"0173da","runId":"post-fix","timestamp":1783913472059,"hypothesisId":"L2","location":"dataplane_wan.c:reassemble_l2","message":"l2_reassemble_pending","data":{"pkt_id":880,"frag_idx":0,"nd":1465}}
{"sessionId":"0173da","runId":"post-fix","timestamp":1783913472059,"hypothesisId":"L2","location":"dataplane_wan.c:reassemble_l2","message":"l2_reassemble_pending","data":{"pkt_id":1747,"frag_idx":0,"nd":1465}}
{"sessionId":"0173da","runId":"post-fix","timestamp":1783913472059,"hypothesisId":"L2","location":"dataplane_wan.c:reassemble_l2","message":"l2_reassemble_pending","data":{"pkt_id":1223,"frag_idx":0,"nd":1465}}
{"sessionId":"0173da","runId":"post-fix","timestamp":1783913472059,"hypothesisId":"L2","location":"dataplane_wan.c:reassemble_l2","message":"l2_reassemble_pending","data":{"pkt_id":1254,"frag_idx":0,"nd":1465}}
{"sessionId":"0173da","runId":"post-fix","timestamp":1783913472059,"hypothesisId":"L2","location":"dataplane_wan.c:reassemble_l2","message":"l2_reassemble_pending","data":{"pkt_id":1582,"frag_idx":0,"nd":1465}}
{"sessionId":"0173da","runId":"post-fix","timestamp":1783913472059,"hypothesisId":"L2","location":"dataplane_wan.c:dataplane_process_wan","message":"l2_frag_pending_hold","data":{"wire_len":1500,"n":1280}}
{"sessionId":"0173da","runId":"post-fix","timestamp":1783913472059,"hypothesisId":"L2","location":"dataplane_wan.c:reassemble_l2","message":"l2_reassemble_pending","data":{"pkt_id":990,"frag_idx":0,"nd":1465}}
{"sessionId":"0173da","runId":"post-fix","timestamp":1783913472059,"hypothesisId":"L2","location":"dataplane_wan.c:reassemble_l2","message":"l2_reassemble_pending","data":{"pkt_id":1748,"frag_idx":0,"nd":1465}}
{"sessionId":"0173da","runId":"post-fix","timestamp":1783913472059,"hypothesisId":"L2","location":"dataplane_wan.c:reassemble_l2","message":"l2_reassemble_join_ok","data":{"pkt_id":1582,"frag_idx":1,"out_len":1514,"n":1280}}
{"sessionId":"0173da","runId":"post-fix","timestamp":1783913472059,"hypothesisId":"L2","location":"dataplane_wan.c:reassemble_l2","message":"l2_reassemble_pending","data":{"pkt_id":908,"frag_idx":0,"nd":1465}}
{"sessionId":"0173da","runId":"post-fix","timestamp":1783913472059,"hypothesisId":"L2","location":"dataplane_wan.c:reassemble_l2","message":"l2_reassemble_pending","data":{"pkt_id":1227,"frag_idx":0,"nd":1465}}
{"sessionId":"0173da","runId":"post-fix","timestamp":1783913472059,"hypothesisId":"L2","location":"dataplane_wan.c:reassemble_l2","message":"l2_reassemble_pending","data":{"pkt_id":1251,"frag_idx":0,"nd":1465}}
{"sessionId":"0173da","runId":"post-fix","timestamp":1783913472059,"hypothesisId":"L2","location":"dataplane_wan.c:decrypt_wan","message":"l2_frag_reassemble_ok","data":{"wire_in":98,"plain_len":1514,"pkt_id":1582,"n":1280}}
{"sessionId":"0173da","runId":"post-fix","timestamp":1783913472059,"hypothesisId":"L2","location":"dataplane_wan.c:reassemble_l2","message":"l2_reassemble_pending","data":{"pkt_id":995,"frag_idx":0,"nd":1465}}
{"sessionId":"0173da","runId":"post-fix","timestamp":1783913472059,"hypothesisId":"L2","location":"dataplane_wan.c:reassemble_l2","message":"l2_reassemble_pending","data":{"pkt_id":1231,"frag_idx":0,"nd":1465}}
{"sessionId":"0173da","runId":"post-fix","timestamp":1783913472059,"hypothesisId":"L2","location":"dataplane_wan.c:reassemble_l2","message":"l2_reassemble_pending","data":{"pkt_id":1584,"frag_idx":0,"nd":1465}}
{"sessionId":"0173da","runId":"post-fix","timestamp":1783913472059,"hypothesisId":"L2","location":"dataplane_wan.c:reassemble_l2","message":"l2_reassemble_pending","data":{"pkt_id":916,"frag_idx":0,"nd":1465}}
{"sessionId":"0173da","runId":"post-fix","timestamp":1783913472059,"hypothesisId":"L2","location":"dataplane_wan.c:reassemble_l2","message":"l2_reassemble_pending","data":{"pkt_id":1752,"frag_idx":0,"nd":1465}}
{"sessionId":"0173da","runId":"post-fix","timestamp":1783913472059,"hypothesisId":"L2","location":"dataplane_wan.c:reassemble_l2","message":"l2_reassemble_pending","data":{"pkt_id":1001,"frag_idx":0,"nd":1465}}
{"sessionId":"0173da","runId":"post-fix","timestamp":1783913472059,"hypothesisId":"L2","location":"dataplane_wan.c:reassemble_l2","message":"l2_reassemble_pending","data":{"pkt_id":1260,"frag_idx":0,"nd":1465}}
{"sessionId":"0173da","runId":"post-fix","timestamp":1783913472059,"hypothesisId":"L2","location":"dataplane_wan.c:reassemble_l2","message":"l2_reassemble_pending","data":{"pkt_id":1261,"frag_idx":0,"nd":1465}}
{"sessionId":"0173da","runId":"post-fix","timestamp":1783913472059,"hypothesisId":"L2","location":"dataplane_wan.c:reassemble_l2","message":"l2_reassemble_pending","data":{"pkt_id":1589,"frag_idx":0,"nd":1465}}
{"sessionId":"0173da","runId":"post-fix","timestamp":1783913472059,"hypothesisId":"L2","location":"dataplane_wan.c:reassemble_l2","message":"l2_reassemble_pending","data":{"pkt_id":1757,"frag_idx":0,"nd":1465}}
{"sessionId":"0173da","runId":"post-fix","timestamp":1783913472059,"hypothesisId":"L2","location":"dataplane_wan.c:reassemble_l2","message":"l2_reassemble_pending","data":{"pkt_id":919,"frag_idx":0,"nd":1465}}
{"sessionId":"0173da","runId":"post-fix","timestamp":1783913472059,"hypothesisId":"L2","location":"dataplane_wan.c:reassemble_l2","message":"l2_reassemble_pending","data":{"pkt_id":1009,"frag_idx":0,"nd":1465}}
{"sessionId":"0173da","runId":"post-fix","timestamp":1783913472059,"hypothesisId":"L2","location":"dataplane_wan.c:reassemble_l2","message":"l2_reassemble_pending","data":{"pkt_id":1267,"frag_idx":0,"nd":1465}}
{"sessionId":"0173da","runId":"post-fix","timestamp":1783913472059,"hypothesisId":"L2","location":"dataplane_wan.c:reassemble_l2","message":"l2_reassemble_pending","data":{"pkt_id":1594,"frag_idx":0,"nd":1465}}
{"sessionId":"0173da","runId":"post-fix","timestamp":1783913472059,"hypothesisId":"L2","location":"dataplane_wan.c:reassemble_l2","message":"l2_reassemble_pending","data":{"pkt_id":1264,"frag_idx":0,"nd":1465}}
{"sessionId":"0173da","runId":"post-fix","timestamp":1783913472059,"hypothesisId":"L2","location":"dataplane_wan.c:reassemble_l2","message":"l2_reassemble_pending","data":{"pkt_id":1761,"frag_idx":0,"nd":1465}}
{"sessionId":"0173da","runId":"post-fix","timestamp":1783913472059,"hypothesisId":"L2","location":"dataplane_wan.c:reassemble_l2","message":"l2_reassemble_pending","data":{"pkt_id":921,"frag_idx":0,"nd":1465}}
{"sessionId":"0173da","runId":"post-fix","timestamp":1783913472059,"hypothesisId":"L2","location":"dataplane_wan.c:reassemble_l2","message":"l2_reassemble_pending","data":{"pkt_id":1028,"frag_idx":0,"nd":1465}}
{"sessionId":"0173da","runId":"post-fix","timestamp":1783913472059,"hypothesisId":"L2","location":"dataplane_wan.c:reassemble_l2","message":"l2_reassemble_pending","data":{"pkt_id":1272,"frag_idx":0,"nd":1465}}
{"sessionId":"0173da","runId":"post-fix","timestamp":1783913472059,"hypothesisId":"L2","location":"dataplane_wan.c:reassemble_l2","message":"l2_reassemble_pending","data":{"pkt_id":1597,"frag_idx":0,"nd":1465}}
{"sessionId":"0173da","runId":"post-fix","timestamp":1783913472059,"hypothesisId":"L2","location":"dataplane_wan.c:reassemble_l2","message":"l2_reassemble_pending","data":{"pkt_id":1031,"frag_idx":0,"nd":1465}}
{"sessionId":"0173da","runId":"post-fix","timestamp":1783913472059,"hypothesisId":"L2","location":"dataplane_wan.c:reassemble_l2","message":"l2_reassemble_pending","data":{"pkt_id":1766,"frag_idx":0,"nd":1465}}
{"sessionId":"0173da","runId":"post-fix","timestamp":1783913472059,"hypothesisId":"L2","location":"dataplane_wan.c:reassemble_l2","message":"l2_reassemble_pending","data":{"pkt_id":1273,"frag_idx":0,"nd":1465}}
{"sessionId":"0173da","runId":"post-fix","timestamp":1783913472059,"hypothesisId":"L2","location":"dataplane_wan.c:reassemble_l2","message":"l2_reassemble_pending","data":{"pkt_id":922,"frag_idx":0,"nd":1465}}
{"sessionId":"0173da","runId":"post-fix","timestamp":1783913472059,"hypothesisId":"L2","location":"dataplane_wan.c:reassemble_l2","message":"l2_reassemble_pending","data":{"pkt_id":1277,"frag_idx":0,"nd":1465}}
{"sessionId":"0173da","runId":"post-fix","timestamp":1783913472059,"hypothesisId":"L2","location":"dataplane_wan.c:reassemble_l2","message":"l2_reassemble_pending","data":{"pkt_id":1601,"frag_idx":0,"nd":1465}}
{"sessionId":"0173da","runId":"post-fix","timestamp":1783913472059,"hypothesisId":"L2","location":"dataplane_wan.c:reassemble_l2","message":"l2_reassemble_pending","data":{"pkt_id":1049,"frag_idx":0,"nd":1465}}
{"sessionId":"0173da","runId":"post-fix","timestamp":1783913472059,"hypothesisId":"L2","location":"dataplane_wan.c:reassemble_l2","message":"l2_reassemble_pending","data":{"pkt_id":1770,"frag_idx":0,"nd":1465}}
{"sessionId":"0173da","runId":"post-fix","timestamp":1783913472059,"hypothesisId":"L2","location":"dataplane_wan.c:reassemble_l2","message":"l2_reassemble_pending","data":{"pkt_id":1278,"frag_idx":0,"nd":1465}}
{"sessionId":"0173da","runId":"post-fix","timestamp":1783913472059,"hypothesisId":"L2","location":"dataplane_wan.c:reassemble_l2","message":"l2_reassemble_pending","data":{"pkt_id":1607,"frag_idx":0,"nd":1465}}
{"sessionId":"0173da","runId":"post-fix","timestamp":1783913472059,"hypothesisId":"L2","location":"dataplane_wan.c:reassemble_l2","message":"l2_reassemble_pending","data":{"pkt_id":1345,"frag_idx":0,"nd":1465}}
{"sessionId":"0173da","runId":"post-fix","timestamp":1783913472059,"hypothesisId":"L2","location":"dataplane_wan.c:reassemble_l2","message":"l2_reassemble_pending","data":{"pkt_id":923,"frag_idx":0,"nd":1465}}
{"sessionId":"0173da","runId":"post-fix","timestamp":1783913472059,"hypothesisId":"L2","location":"dataplane_wan.c:reassemble_l2","message":"l2_reassemble_pending","data":{"pkt_id":1074,"frag_idx":0,"nd":1465}}
{"sessionId":"0173da","runId":"post-fix","timestamp":1783913472059,"hypothesisId":"L2","location":"dataplane_wan.c:reassemble_l2","message":"l2_reassemble_pending","data":{"pkt_id":1778,"frag_idx":0,"nd":1465}}
{"sessionId":"0173da","runId":"post-fix","timestamp":1783913472059,"hypothesisId":"L2","location":"dataplane_wan.c:reassemble_l2","message":"l2_reassemble_pending","data":{"pkt_id":1280,"frag_idx":0,"nd":1465}}
{"sessionId":"0173da","runId":"post-fix","timestamp":1783913472059,"hypothesisId":"L2","location":"dataplane_wan.c:reassemble_l2","message":"l2_reassemble_pending","data":{"pkt_id":1610,"frag_idx":0,"nd":1465}}
{"sessionId":"0173da","runId":"post-fix","timestamp":1783913472059,"hypothesisId":"L2","location":"dataplane_wan.c:reassemble_l2","message":"l2_reassemble_pending","data":{"pkt_id":1348,"frag_idx":0,"nd":1465}}
{"sessionId":"0173da","runId":"post-fix","timestamp":1783913472059,"hypothesisId":"L2","location":"dataplane_wan.c:reassemble_l2","message":"l2_reassemble_pending","data":{"pkt_id":924,"frag_idx":0,"nd":1465}}
{"sessionId":"0173da","runId":"post-fix","timestamp":1783913472059,"hypothesisId":"L2","location":"dataplane_wan.c:reassemble_l2","message":"l2_reassemble_pending","data":{"pkt_id":1078,"frag_idx":0,"nd":1465}}
{"sessionId":"0173da","runId":"post-fix","timestamp":1783913472059,"hypothesisId":"L2","location":"dataplane_wan.c:reassemble_l2","message":"l2_reassemble_pending","data":{"pkt_id":1281,"frag_idx":0,"nd":1465}}
{"sessionId":"0173da","runId":"post-fix","timestamp":1783913472059,"hypothesisId":"L2","location":"dataplane_wan.c:reassemble_l2","message":"l2_reassemble_pending","data":{"pkt_id":1613,"frag_idx":0,"nd":1465}}
{"sessionId":"0173da","runId":"post-fix","timestamp":1783913472059,"hypothesisId":"L2","location":"dataplane_wan.c:reassemble_l2","message":"l2_reassemble_pending","data":{"pkt_id":1783,"frag_idx":0,"nd":1465}}
{"sessionId":"0173da","runId":"post-fix","timestamp":1783913472059,"hypothesisId":"L2","location":"dataplane_wan.c:reassemble_l2","message":"l2_reassemble_pending","data":{"pkt_id":1350,"frag_idx":0,"nd":1465}}
{"sessionId":"0173da","runId":"post-fix","timestamp":1783913472059,"hypothesisId":"L2","location":"dataplane_wan.c:reassemble_l2","message":"l2_reassemble_pending","data":{"pkt_id":926,"frag_idx":0,"nd":1465}}
{"sessionId":"0173da","runId":"post-fix","timestamp":1783913472059,"hypothesisId":"L2","location":"dataplane_wan.c:reassemble_l2","message":"l2_reassemble_pending","data":{"pkt_id":1081,"frag_idx":0,"nd":1465}}
{"sessionId":"0173da","runId":"post-fix","timestamp":1783913472059,"hypothesisId":"L2","location":"dataplane_wan.c:reassemble_l2","message":"l2_reassemble_pending","data":{"pkt_id":1617,"frag_idx":0,"nd":1465}}
{"sessionId":"0173da","runId":"post-fix","timestamp":1783913472059,"hypothesisId":"L2","location":"dataplane_wan.c:reassemble_l2","message":"l2_reassemble_pending","data":{"pkt_id":1787,"frag_idx":0,"nd":1465}}
{"sessionId":"0173da","runId":"post-fix","timestamp":1783913472059,"hypothesisId":"L2","location":"dataplane_wan.c:reassemble_l2","message":"l2_reassemble_pending","data":{"pkt_id":1282,"frag_idx":0,"nd":1465}}
{"sessionId":"0173da","runId":"post-fix","timestamp":1783913472059,"hypothesisId":"L2","location":"dataplane_wan.c:reassemble_l2","message":"l2_reassemble_pending","data":{"pkt_id":1352,"frag_idx":0,"nd":1465}}
{"sessionId":"0173da","runId":"post-fix","timestamp":1783913472059,"hypothesisId":"L2","location":"dataplane_wan.c:reassemble_l2","message":"l2_reassemble_pending","data":{"pkt_id":1097,"frag_idx":0,"nd":1465}}
{"sessionId":"0173da","runId":"post-fix","timestamp":1783913472059,"hypothesisId":"L2","location":"dataplane_wan.c:reassemble_l2","message":"l2_reassemble_pending","data":{"pkt_id":1792,"frag_idx":0,"nd":1465}}
{"sessionId":"0173da","runId":"post-fix","timestamp":1783913472059,"hypothesisId":"L2","location":"dataplane_wan.c:reassemble_l2","message":"l2_reassemble_pending","data":{"pkt_id":1619,"frag_idx":0,"nd":1465}}
{"sessionId":"0173da","runId":"post-fix","timestamp":1783913472059,"hypothesisId":"L2","location":"dataplane_wan.c:reassemble_l2","message":"l2_reassemble_pending","data":{"pkt_id":932,"frag_idx":0,"nd":1465}}
{"sessionId":"0173da","runId":"post-fix","timestamp":1783913472059,"hypothesisId":"L2","location":"dataplane_wan.c:reassemble_l2","message":"l2_reassemble_pending","data":{"pkt_id":1284,"frag_idx":0,"nd":1465}}
{"sessionId":"0173da","runId":"post-fix","timestamp":1783913472059,"hypothesisId":"L2","location":"dataplane_wan.c:reassemble_l2","message":"l2_reassemble_pending","data":{"pkt_id":1371,"frag_idx":0,"nd":1465}}
{"sessionId":"0173da","runId":"post-fix","timestamp":1783913472059,"hypothesisId":"L2","location":"dataplane_wan.c:reassemble_l2","message":"l2_reassemble_pending","data":{"pkt_id":1622,"frag_idx":0,"nd":1465}}
{"sessionId":"0173da","runId":"post-fix","timestamp":1783913472059,"hypothesisId":"L2","location":"dataplane_wan.c:reassemble_l2","message":"l2_reassemble_pending","data":{"pkt_id":1102,"frag_idx":0,"nd":1465}}
{"sessionId":"0173da","runId":"post-fix","timestamp":1783913472059,"hypothesisId":"L2","location":"dataplane_wan.c:reassemble_l2","message":"l2_reassemble_pending","data":{"pkt_id":937,"frag_idx":0,"nd":1465}}
{"sessionId":"0173da","runId":"post-fix","timestamp":1783913472059,"hypothesisId":"L2","location":"dataplane_wan.c:reassemble_l2","message":"l2_reassemble_pending","data":{"pkt_id":1286,"frag_idx":0,"nd":1465}}
{"sessionId":"0173da","runId":"post-fix","timestamp":1783913472059,"hypothesisId":"L2","location":"dataplane_wan.c:reassemble_l2","message":"l2_reassemble_pending","data":{"pkt_id":1383,"frag_idx":0,"nd":1465}}
{"sessionId":"0173da","runId":"post-fix","timestamp":1783913472059,"hypothesisId":"L2","location":"dataplane_wan.c:reassemble_l2","message":"l2_reassemble_pending","data":{"pkt_id":1815,"frag_idx":0,"nd":1465}}
{"sessionId":"0173da","runId":"post-fix","timestamp":1783913472059,"hypothesisId":"L2","location":"dataplane_wan.c:reassemble_l2","message":"l2_reassemble_pending","data":{"pkt_id":1626,"frag_idx":0,"nd":1465}}
{"sessionId":"0173da","runId":"post-fix","timestamp":1783913472059,"hypothesisId":"L2","location":"dataplane_wan.c:reassemble_l2","message":"l2_reassemble_pending","data":{"pkt_id":1107,"frag_idx":0,"nd":1465}}
{"sessionId":"0173da","runId":"post-fix","timestamp":1783913472059,"hypothesisId":"L2","location":"dataplane_wan.c:reassemble_l2","message":"l2_reassemble_pending","data":{"pkt_id":941,"frag_idx":0,"nd":1465}}
{"sessionId":"0173da","runId":"post-fix","timestamp":1783913472059,"hypothesisId":"L2","location":"dataplane_wan.c:reassemble_l2","message":"l2_reassemble_pending","data":{"pkt_id":1823,"frag_idx":0,"nd":1465}}
{"sessionId":"0173da","runId":"post-fix","timestamp":1783913472059,"hypothesisId":"L2","location":"dataplane_wan.c:reassemble_l2","message":"l2_reassemble_pending","data":{"pkt_id":1100,"frag_idx":0,"nd":1465}}
{"sessionId":"0173da","runId":"post-fix","timestamp":1783913472059,"hypothesisId":"L2","location":"dataplane_wan.c:reassemble_l2","message":"l2_reassemble_pending","data":{"pkt_id":1389,"frag_idx":0,"nd":1465}}
{"sessionId":"0173da","runId":"post-fix","timestamp":1783913472059,"hypothesisId":"L2","location":"dataplane_wan.c:reassemble_l2","message":"l2_reassemble_pending","data":{"pkt_id":1628,"frag_idx":0,"nd":1465}}
{"sessionId":"0173da","runId":"post-fix","timestamp":1783913472059,"hypothesisId":"L2","location":"dataplane_wan.c:reassemble_l2","message":"l2_reassemble_pending","data":{"pkt_id":1295,"frag_idx":0,"nd":1465}}
{"sessionId":"0173da","runId":"post-fix","timestamp":1783913472059,"hypothesisId":"L2","location":"dataplane_wan.c:reassemble_l2","message":"l2_reassemble_pending","data":{"pkt_id":925,"frag_idx":0,"nd":1465}}
{"sessionId":"0173da","runId":"post-fix","timestamp":1783913472059,"hypothesisId":"L2","location":"dataplane_wan.c:reassemble_l2","message":"l2_reassemble_pending","data":{"pkt_id":1827,"frag_idx":0,"nd":1465}}
{"sessionId":"0173da","runId":"post-fix","timestamp":1783913472059,"hypothesisId":"L2","location":"dataplane_wan.c:reassemble_l2","message":"l2_reassemble_pending","data":{"pkt_id":1104,"frag_idx":0,"nd":1465}}
{"sessionId":"0173da","runId":"post-fix","timestamp":1783913472059,"hypothesisId":"L2","location":"dataplane_wan.c:reassemble_l2","message":"l2_reassemble_pending","data":{"pkt_id":1395,"frag_idx":0,"nd":1465}}
{"sessionId":"0173da","runId":"post-fix","timestamp":1783913472059,"hypothesisId":"L2","location":"dataplane_wan.c:reassemble_l2","message":"l2_reassemble_pending","data":{"pkt_id":1630,"frag_idx":0,"nd":1465}}
{"sessionId":"0173da","runId":"post-fix","timestamp":1783913472060,"hypothesisId":"L2","location":"dataplane_wan.c:reassemble_l2","message":"l2_reassemble_pending","data":{"pkt_id":1024,"frag_idx":0,"nd":1465}}
{"sessionId":"0173da","runId":"post-fix","timestamp":1783913472060,"hypothesisId":"L2","location":"dataplane_wan.c:reassemble_l2","message":"l2_reassemble_pending","data":{"pkt_id":1299,"frag_idx":0,"nd":1465}}
{"sessionId":"0173da","runId":"post-fix","timestamp":1783913472060,"hypothesisId":"L2","location":"dataplane_wan.c:reassemble_l2","message":"l2_reassemble_pending","data":{"pkt_id":1108,"frag_idx":0,"nd":1465}}
{"sessionId":"0173da","runId":"post-fix","timestamp":1783913472060,"hypothesisId":"L2","location":"dataplane_wan.c:reassemble_l2","message":"l2_reassemble_pending","data":{"pkt_id":1410,"frag_idx":0,"nd":1465}}
{"sessionId":"0173da","runId":"post-fix","timestamp":1783913472060,"hypothesisId":"L2","location":"dataplane_wan.c:reassemble_l2","message":"l2_reassemble_pending","data":{"pkt_id":1633,"frag_idx":0,"nd":1465}}
{"sessionId":"0173da","runId":"post-fix","timestamp":1783913472060,"hypothesisId":"L2","location":"dataplane_wan.c:reassemble_l2","message":"l2_reassemble_pending","data":{"pkt_id":1832,"frag_idx":0,"nd":1465}}
{"sessionId":"0173da","runId":"post-fix","timestamp":1783913472060,"hypothesisId":"L2","location":"dataplane_wan.c:reassemble_l2","message":"l2_reassemble_pending","data":{"pkt_id":1303,"frag_idx":0,"nd":1465}}
{"sessionId":"0173da","runId":"post-fix","timestamp":1783913472060,"hypothesisId":"L2","location":"dataplane_wan.c:reassemble_l2","message":"l2_reassemble_pending","data":{"pkt_id":1116,"frag_idx":0,"nd":1465}}
{"sessionId":"0173da","runId":"post-fix","timestamp":1783913472060,"hypothesisId":"L2","location":"dataplane_wan.c:reassemble_l2","message":"l2_reassemble_pending","data":{"pkt_id":1025,"frag_idx":0,"nd":1465}}
{"sessionId":"0173da","runId":"post-fix","timestamp":1783913472060,"hypothesisId":"L2","location":"dataplane_wan.c:reassemble_l2","message":"l2_reassemble_pending","data":{"pkt_id":1417,"frag_idx":0,"nd":1465}}
{"sessionId":"0173da","runId":"post-fix","timestamp":1783913472060,"hypothesisId":"L2","location":"dataplane_wan.c:reassemble_l2","message":"l2_reassemble_pending","data":{"pkt_id":1839,"frag_idx":0,"nd":1465}}
{"sessionId":"0173da","runId":"post-fix","timestamp":1783913472060,"hypothesisId":"L2","location":"dataplane_wan.c:reassemble_l2","message":"l2_reassemble_pending","data":{"pkt_id":1637,"frag_idx":0,"nd":1465}}
{"sessionId":"0173da","runId":"post-fix","timestamp":1783913472060,"hypothesisId":"L2","location":"dataplane_wan.c:reassemble_l2","message":"l2_reassemble_pending","data":{"pkt_id":1120,"frag_idx":0,"nd":1465}}
{"sessionId":"0173da","runId":"post-fix","timestamp":1783913472060,"hypothesisId":"L2","location":"dataplane_wan.c:reassemble_l2","message":"l2_reassemble_pending","data":{"pkt_id":1029,"frag_idx":0,"nd":1465}}
{"sessionId":"0173da","runId":"post-fix","timestamp":1783913472060,"hypothesisId":"L2","location":"dataplane_wan.c:reassemble_l2","message":"l2_reassemble_pending","data":{"pkt_id":1313,"frag_idx":0,"nd":1465}}
{"sessionId":"0173da","runId":"post-fix","timestamp":1783913472060,"hypothesisId":"L2","location":"dataplane_wan.c:reassemble_l2","message":"l2_reassemble_pending","data":{"pkt_id":1399,"frag_idx":0,"nd":1465}}
{"sessionId":"0173da","runId":"post-fix","timestamp":1783913472060,"hypothesisId":"L2","location":"dataplane_wan.c:reassemble_l2","message":"l2_reassemble_pending","data":{"pkt_id":1854,"frag_idx":0,"nd":1465}}
{"sessionId":"0173da","runId":"post-fix","timestamp":1783913472060,"hypothesisId":"L2","location":"dataplane_wan.c:reassemble_l2","message":"l2_reassemble_pending","data":{"pkt_id":1640,"frag_idx":0,"nd":1465}}
{"sessionId":"0173da","runId":"post-fix","timestamp":1783913472060,"hypothesisId":"L2","location":"dataplane_wan.c:reassemble_l2","message":"l2_reassemble_pending","data":{"pkt_id":1125,"frag_idx":0,"nd":1465}}
{"sessionId":"0173da","runId":"post-fix","timestamp":1783913472060,"hypothesisId":"L2","location":"dataplane_wan.c:reassemble_l2","message":"l2_reassemble_pending","data":{"pkt_id":999,"frag_idx":0,"nd":1465}}
{"sessionId":"0173da","runId":"post-fix","timestamp":1783913472060,"hypothesisId":"L2","location":"dataplane_wan.c:reassemble_l2","message":"l2_reassemble_pending","data":{"pkt_id":1450,"frag_idx":0,"nd":1465}}
{"sessionId":"0173da","runId":"post-fix","timestamp":1783913472060,"hypothesisId":"L2","location":"dataplane_wan.c:reassemble_l2","message":"l2_reassemble_pending","data":{"pkt_id":1859,"frag_idx":0,"nd":1465}}
{"sessionId":"0173da","runId":"post-fix","timestamp":1783913472060,"hypothesisId":"L2","location":"dataplane_wan.c:reassemble_l2","message":"l2_reassemble_pending","data":{"pkt_id":1647,"frag_idx":0,"nd":1465}}
{"sessionId":"0173da","runId":"post-fix","timestamp":1783913472060,"hypothesisId":"L2","location":"dataplane_wan.c:reassemble_l2","message":"l2_reassemble_pending","data":{"pkt_id":1004,"frag_idx":0,"nd":1465}}
{"sessionId":"0173da","runId":"post-fix","timestamp":1783913472060,"hypothesisId":"L2","location":"dataplane_wan.c:reassemble_l2","message":"l2_reassemble_pending","data":{"pkt_id":1308,"frag_idx":0,"nd":1465}}
{"sessionId":"0173da","runId":"post-fix","timestamp":1783913472060,"hypothesisId":"L2","location":"dataplane_wan.c:reassemble_l2","message":"l2_reassemble_pending","data":{"pkt_id":1465,"frag_idx":0,"nd":1465}}
{"sessionId":"0173da","runId":"post-fix","timestamp":1783913472060,"hypothesisId":"L2","location":"dataplane_wan.c:reassemble_l2","message":"l2_reassemble_pending","data":{"pkt_id":1873,"frag_idx":0,"nd":1465}}
{"sessionId":"0173da","runId":"post-fix","timestamp":1783913472060,"hypothesisId":"L2","location":"dataplane_wan.c:reassemble_l2","message":"l2_reassemble_pending","data":{"pkt_id":1111,"frag_idx":0,"nd":1465}}
{"sessionId":"0173da","runId":"post-fix","timestamp":1783913472060,"hypothesisId":"L2","location":"dataplane_wan.c:reassemble_l2","message":"l2_reassemble_pending","data":{"pkt_id":1643,"frag_idx":0,"nd":1465}}
{"sessionId":"0173da","runId":"post-fix","timestamp":1783913472060,"hypothesisId":"L2","location":"dataplane_wan.c:reassemble_l2","message":"l2_reassemble_pending","data":{"pkt_id":1866,"frag_idx":0,"nd":1465}}
{"sessionId":"0173da","runId":"post-fix","timestamp":1783913472060,"hypothesisId":"L2","location":"dataplane_wan.c:reassemble_l2","message":"l2_reassemble_pending","data":{"pkt_id":1010,"frag_idx":0,"nd":1465}}
{"sessionId":"0173da","runId":"post-fix","timestamp":1783913472060,"hypothesisId":"L2","location":"dataplane_wan.c:reassemble_l2","message":"l2_reassemble_pending","data":{"pkt_id":1471,"frag_idx":0,"nd":1465}}
{"sessionId":"0173da","runId":"post-fix","timestamp":1783913472060,"hypothesisId":"L2","location":"dataplane_wan.c:reassemble_l2","message":"l2_reassemble_pending","data":{"pkt_id":1316,"frag_idx":0,"nd":1465}}
{"sessionId":"0173da","runId":"post-fix","timestamp":1783913472060,"hypothesisId":"L2","location":"dataplane_wan.c:reassemble_l2","message":"l2_reassemble_pending","data":{"pkt_id":1119,"frag_idx":0,"nd":1465}}
{"sessionId":"0173da","runId":"post-fix","timestamp":1783913472060,"hypothesisId":"L2","location":"dataplane_wan.c:reassemble_l2","message":"l2_reassemble_pending","data":{"pkt_id":1650,"frag_idx":0,"nd":1465}}
{"sessionId":"0173da","runId":"post-fix","timestamp":1783913472060,"hypothesisId":"L2","location":"dataplane_wan.c:reassemble_l2","message":"l2_reassemble_pending","data":{"pkt_id":1847,"frag_idx":0,"nd":1465}}
{"sessionId":"0173da","runId":"post-fix","timestamp":1783913472060,"hypothesisId":"L2","location":"dataplane_wan.c:reassemble_l2","message":"l2_reassemble_pending","data":{"pkt_id":1033,"frag_idx":0,"nd":1465}}
{"sessionId":"0173da","runId":"post-fix","timestamp":1783913472060,"hypothesisId":"L2","location":"dataplane_wan.c:reassemble_l2","message":"l2_reassemble_pending","data":{"pkt_id":1477,"frag_idx":0,"nd":1465}}
{"sessionId":"0173da","runId":"post-fix","timestamp":1783913472060,"hypothesisId":"L2","location":"dataplane_wan.c:reassemble_l2","message":"l2_reassemble_pending","data":{"pkt_id":1123,"frag_idx":0,"nd":1465}}
{"sessionId":"0173da","runId":"post-fix","timestamp":1783913472060,"hypothesisId":"L2","location":"dataplane_wan.c:reassemble_l2","message":"l2_reassemble_pending","data":{"pkt_id":1325,"frag_idx":0,"nd":1465}}
{"sessionId":"0173da","runId":"post-fix","timestamp":1783913472060,"hypothesisId":"L2","location":"dataplane_wan.c:reassemble_l2","message":"l2_reassemble_pending","data":{"pkt_id":1662,"frag_idx":0,"nd":1465}}
{"sessionId":"0173da","runId":"post-fix","timestamp":1783913472060,"hypothesisId":"L2","location":"dataplane_wan.c:reassemble_l2","message":"l2_reassemble_pending","data":{"pkt_id":1034,"frag_idx":0,"nd":1465}}
{"sessionId":"0173da","runId":"post-fix","timestamp":1783913472060,"hypothesisId":"L2","location":"dataplane_wan.c:reassemble_l2","message":"l2_reassemble_pending","data":{"pkt_id":1479,"frag_idx":0,"nd":1465}}
{"sessionId":"0173da","runId":"post-fix","timestamp":1783913472060,"hypothesisId":"L2","location":"dataplane_wan.c:reassemble_l2","message":"l2_reassemble_pending","data":{"pkt_id":1851,"frag_idx":0,"nd":1465}}
{"sessionId":"0173da","runId":"post-fix","timestamp":1783913472060,"hypothesisId":"L2","location":"dataplane_wan.c:reassemble_l2","message":"l2_reassemble_pending","data":{"pkt_id":1127,"frag_idx":0,"nd":1465}}
{"sessionId":"0173da","runId":"post-fix","timestamp":1783913472060,"hypothesisId":"L2","location":"dataplane_wan.c:reassemble_l2","message":"l2_reassemble_pending","data":{"pkt_id":1624,"frag_idx":0,"nd":1465}}
{"sessionId":"0173da","runId":"post-fix","timestamp":1783913472060,"hypothesisId":"L2","location":"dataplane_wan.c:reassemble_l2","message":"l2_reassemble_pending","data":{"pkt_id":1320,"frag_idx":0,"nd":1465}}
{"sessionId":"0173da","runId":"post-fix","timestamp":1783913472060,"hypothesisId":"L2","location":"dataplane_wan.c:reassemble_l2","message":"l2_reassemble_pending","data":{"pkt_id":1037,"frag_idx":0,"nd":1465}}
{"sessionId":"0173da","runId":"post-fix","timestamp":1783913472060,"hypothesisId":"L2","location":"dataplane_wan.c:reassemble_l2","message":"l2_reassemble_pending","data":{"pkt_id":1482,"frag_idx":0,"nd":1465}}
{"sessionId":"0173da","runId":"post-fix","timestamp":1783913472060,"hypothesisId":"L2","location":"dataplane_wan.c:reassemble_l2","message":"l2_reassemble_pending","data":{"pkt_id":1857,"frag_idx":0,"nd":1465}}
{"sessionId":"0173da","runId":"post-fix","timestamp":1783913472060,"hypothesisId":"L2","location":"dataplane_wan.c:reassemble_l2","message":"l2_reassemble_pending","data":{"pkt_id":1133,"frag_idx":0,"nd":1465}}
{"sessionId":"0173da","runId":"post-fix","timestamp":1783913472060,"hypothesisId":"L2","location":"dataplane_wan.c:reassemble_l2","message":"l2_reassemble_pending","data":{"pkt_id":1667,"frag_idx":0,"nd":1465}}
{"sessionId":"0173da","runId":"post-fix","timestamp":1783913472060,"hypothesisId":"L2","location":"dataplane_wan.c:reassemble_l2","message":"l2_reassemble_pending","data":{"pkt_id":1333,"frag_idx":0,"nd":1465}}
{"sessionId":"0173da","runId":"post-fix","timestamp":1783913472060,"hypothesisId":"L2","location":"dataplane_wan.c:reassemble_l2","message":"l2_reassemble_pending","data":{"pkt_id":1488,"frag_idx":0,"nd":1465}}
{"sessionId":"0173da","runId":"post-fix","timestamp":1783913472060,"hypothesisId":"L2","location":"dataplane_wan.c:reassemble_l2","message":"l2_reassemble_pending","data":{"pkt_id":1042,"frag_idx":0,"nd":1465}}
{"sessionId":"0173da","runId":"post-fix","timestamp":1783913472060,"hypothesisId":"L2","location":"dataplane_wan.c:reassemble_l2","message":"l2_reassemble_pending","data":{"pkt_id":1135,"frag_idx":0,"nd":1465}}
{"sessionId":"0173da","runId":"post-fix","timestamp":1783913472060,"hypothesisId":"L2","location":"dataplane_wan.c:reassemble_l2","message":"l2_reassemble_pending","data":{"pkt_id":1673,"frag_idx":0,"nd":1465}}
{"sessionId":"0173da","runId":"post-fix","timestamp":1783913472060,"hypothesisId":"L2","location":"dataplane_wan.c:reassemble_l2","message":"l2_reassemble_pending","data":{"pkt_id":1336,"frag_idx":0,"nd":1465}}
{"sessionId":"0173da","runId":"post-fix","timestamp":1783913472060,"hypothesisId":"L2","location":"dataplane_wan.c:reassemble_l2","message":"l2_reassemble_pending","data":{"pkt_id":1863,"frag_idx":0,"nd":1465}}
{"sessionId":"0173da","runId":"post-fix","timestamp":1783913472060,"hypothesisId":"L2","location":"dataplane_wan.c:reassemble_l2","message":"l2_reassemble_pending","data":{"pkt_id":1051,"frag_idx":0,"nd":1465}}
{"sessionId":"0173da","runId":"post-fix","timestamp":1783913472060,"hypothesisId":"L2","location":"dataplane_wan.c:reassemble_l2","message":"l2_reassemble_pending","data":{"pkt_id":1485,"frag_idx":0,"nd":1465}}
{"sessionId":"0173da","runId":"post-fix","timestamp":1783913472060,"hypothesisId":"L2","location":"dataplane_wan.c:reassemble_l2","message":"l2_reassemble_pending","data":{"pkt_id":1136,"frag_idx":0,"nd":1465}}
{"sessionId":"0173da","runId":"post-fix","timestamp":1783913472060,"hypothesisId":"L2","location":"dataplane_wan.c:reassemble_l2","message":"l2_reassemble_pending","data":{"pkt_id":1675,"frag_idx":0,"nd":1465}}
{"sessionId":"0173da","runId":"post-fix","timestamp":1783913472060,"hypothesisId":"L2","location":"dataplane_wan.c:reassemble_l2","message":"l2_reassemble_pending","data":{"pkt_id":1869,"frag_idx":0,"nd":1465}}
{"sessionId":"0173da","runId":"post-fix","timestamp":1783913472060,"hypothesisId":"L2","location":"dataplane_wan.c:reassemble_l2","message":"l2_reassemble_pending","data":{"pkt_id":1346,"frag_idx":0,"nd":1465}}
{"sessionId":"0173da","runId":"post-fix","timestamp":1783913472060,"hypothesisId":"L2","location":"dataplane_wan.c:reassemble_l2","message":"l2_reassemble_pending","data":{"pkt_id":1487,"frag_idx":0,"nd":1465}}
{"sessionId":"0173da","runId":"post-fix","timestamp":1783913472060,"hypothesisId":"L2","location":"dataplane_wan.c:reassemble_l2","message":"l2_reassemble_pending","data":{"pkt_id":1678,"frag_idx":0,"nd":1465}}
{"sessionId":"0173da","runId":"post-fix","timestamp":1783913472060,"hypothesisId":"L2","location":"dataplane_wan.c:reassemble_l2","message":"l2_reassemble_pending","data":{"pkt_id":1056,"frag_idx":0,"nd":1465}}
{"sessionId":"0173da","runId":"post-fix","timestamp":1783913472060,"hypothesisId":"L2","location":"dataplane_wan.c:reassemble_l2","message":"l2_reassemble_pending","data":{"pkt_id":1339,"frag_idx":0,"nd":1465}}
{"sessionId":"0173da","runId":"post-fix","timestamp":1783913472060,"hypothesisId":"L2","location":"dataplane_wan.c:reassemble_l2","message":"l2_reassemble_pending","data":{"pkt_id":1137,"frag_idx":0,"nd":1465}}
{"sessionId":"0173da","runId":"post-fix","timestamp":1783913472060,"hypothesisId":"L2","location":"dataplane_wan.c:reassemble_l2","message":"l2_reassemble_pending","data":{"pkt_id":1490,"frag_idx":0,"nd":1465}}
{"sessionId":"0173da","runId":"post-fix","timestamp":1783913472060,"hypothesisId":"L2","location":"dataplane_wan.c:reassemble_l2","message":"l2_reassemble_pending","data":{"pkt_id":1877,"frag_idx":0,"nd":1465}}
{"sessionId":"0173da","runId":"post-fix","timestamp":1783913472060,"hypothesisId":"L2","location":"dataplane_wan.c:reassemble_l2","message":"l2_reassemble_pending","data":{"pkt_id":1681,"frag_idx":0,"nd":1465}}
{"sessionId":"0173da","runId":"post-fix","timestamp":1783913472060,"hypothesisId":"L2","location":"dataplane_wan.c:reassemble_l2","message":"l2_reassemble_pending","data":{"pkt_id":1059,"frag_idx":0,"nd":1465}}
{"sessionId":"0173da","runId":"post-fix","timestamp":1783913472060,"hypothesisId":"L2","location":"dataplane_wan.c:reassemble_l2","message":"l2_reassemble_pending","data":{"pkt_id":1347,"frag_idx":0,"nd":1465}}
{"sessionId":"0173da","runId":"post-fix","timestamp":1783913472060,"hypothesisId":"L2","location":"dataplane_wan.c:reassemble_l2","message":"l2_reassemble_pending","data":{"pkt_id":1491,"frag_idx":0,"nd":1465}}
{"sessionId":"0173da","runId":"post-fix","timestamp":1783913472060,"hypothesisId":"L2","location":"dataplane_wan.c:reassemble_l2","message":"l2_reassemble_pending","data":{"pkt_id":1130,"frag_idx":0,"nd":1465}}
{"sessionId":"0173da","runId":"post-fix","timestamp":1783913472060,"hypothesisId":"L2","location":"dataplane_wan.c:reassemble_l2","message":"l2_reassemble_pending","data":{"pkt_id":1879,"frag_idx":0,"nd":1465}}
{"sessionId":"0173da","runId":"post-fix","timestamp":1783913472060,"hypothesisId":"L2","location":"dataplane_wan.c:reassemble_l2","message":"l2_reassemble_pending","data":{"pkt_id":1682,"frag_idx":0,"nd":1465}}
{"sessionId":"0173da","runId":"post-fix","timestamp":1783913472060,"hypothesisId":"L2","location":"dataplane_wan.c:reassemble_l2","message":"l2_reassemble_pending","data":{"pkt_id":1062,"frag_idx":0,"nd":1465}}
{"sessionId":"0173da","runId":"post-fix","timestamp":1783913472060,"hypothesisId":"L2","location":"dataplane_wan.c:reassemble_l2","message":"l2_reassemble_pending","data":{"pkt_id":1496,"frag_idx":0,"nd":1465}}
{"sessionId":"0173da","runId":"post-fix","timestamp":1783913472060,"hypothesisId":"L2","location":"dataplane_wan.c:reassemble_l2","message":"l2_reassemble_pending","data":{"pkt_id":1881,"frag_idx":0,"nd":1465}}
{"sessionId":"0173da","runId":"post-fix","timestamp":1783913472060,"hypothesisId":"L2","location":"dataplane_wan.c:reassemble_l2","message":"l2_reassemble_pending","data":{"pkt_id":1684,"frag_idx":0,"nd":1465}}
{"sessionId":"0173da","runId":"post-fix","timestamp":1783913472060,"hypothesisId":"L2","location":"dataplane_wan.c:reassemble_l2","message":"l2_reassemble_pending","data":{"pkt_id":1349,"frag_idx":0,"nd":1465}}
{"sessionId":"0173da","runId":"post-fix","timestamp":1783913472060,"hypothesisId":"L2","location":"dataplane_wan.c:reassemble_l2","message":"l2_reassemble_pending","data":{"pkt_id":1140,"frag_idx":0,"nd":1465}}
{"sessionId":"0173da","runId":"post-fix","timestamp":1783913472060,"hypothesisId":"L2","location":"dataplane_wan.c:reassemble_l2","message":"l2_reassemble_pending","data":{"pkt_id":1063,"frag_idx":0,"nd":1465}}
{"sessionId":"0173da","runId":"post-fix","timestamp":1783913472060,"hypothesisId":"L2","location":"dataplane_wan.c:reassemble_l2","message":"l2_reassemble_pending","data":{"pkt_id":1353,"frag_idx":0,"nd":1465}}
{"sessionId":"0173da","runId":"post-fix","timestamp":1783913472060,"hypothesisId":"L2","location":"dataplane_wan.c:reassemble_l2","message":"l2_reassemble_pending","data":{"pkt_id":1499,"frag_idx":0,"nd":1465}}
{"sessionId":"0173da","runId":"post-fix","timestamp":1783913472060,"hypothesisId":"L2","location":"dataplane_wan.c:reassemble_l2","message":"l2_reassemble_pending","data":{"pkt_id":1686,"frag_idx":0,"nd":1465}}
{"sessionId":"0173da","runId":"post-fix","timestamp":1783913472060,"hypothesisId":"L2","location":"dataplane_wan.c:reassemble_l2","message":"l2_reassemble_pending","data":{"pkt_id":1144,"frag_idx":0,"nd":1465}}
{"sessionId":"0173da","runId":"post-fix","timestamp":1783913472060,"hypothesisId":"L2","location":"dataplane_wan.c:reassemble_l2","message":"l2_reassemble_pending","data":{"pkt_id":1883,"frag_idx":0,"nd":1465}}
{"sessionId":"0173da","runId":"post-fix","timestamp":1783913472060,"hypothesisId":"L2","location":"dataplane_wan.c:reassemble_l2","message":"l2_reassemble_pending","data":{"pkt_id":1066,"frag_idx":0,"nd":1465}}
{"sessionId":"0173da","runId":"post-fix","timestamp":1783913472060,"hypothesisId":"L2","location":"dataplane_wan.c:reassemble_l2","message":"l2_reassemble_pending","data":{"pkt_id":1504,"frag_idx":0,"nd":1465}}
{"sessionId":"0173da","runId":"post-fix","timestamp":1783913472060,"hypothesisId":"L2","location":"dataplane_wan.c:reassemble_l2","message":"l2_reassemble_pending","data":{"pkt_id":1689,"frag_idx":0,"nd":1465}}
{"sessionId":"0173da","runId":"post-fix","timestamp":1783913472060,"hypothesisId":"L2","location":"dataplane_wan.c:reassemble_l2","message":"l2_reassemble_pending","data":{"pkt_id":1357,"frag_idx":0,"nd":1465}}
{"sessionId":"0173da","runId":"post-fix","timestamp":1783913472060,"hypothesisId":"L2","location":"dataplane_wan.c:reassemble_l2","message":"l2_reassemble_pending","data":{"pkt_id":1148,"frag_idx":0,"nd":1465}}
{"sessionId":"0173da","runId":"post-fix","timestamp":1783913472060,"hypothesisId":"L2","location":"dataplane_wan.c:reassemble_l2","message":"l2_reassemble_pending","data":{"pkt_id":1885,"frag_idx":0,"nd":1465}}
{"sessionId":"0173da","runId":"post-fix","timestamp":1783913472061,"hypothesisId":"L2","location":"dataplane_wan.c:reassemble_l2","message":"l2_reassemble_pending","data":{"pkt_id":1068,"frag_idx":0,"nd":1465}}
{"sessionId":"0173da","runId":"post-fix","timestamp":1783913472061,"hypothesisId":"L2","location":"dataplane_wan.c:reassemble_l2","message":"l2_reassemble_pending","data":{"pkt_id":1509,"frag_idx":0,"nd":1465}}
{"sessionId":"0173da","runId":"post-fix","timestamp":1783913472061,"hypothesisId":"L2","location":"dataplane_wan.c:reassemble_l2","message":"l2_reassemble_pending","data":{"pkt_id":1360,"frag_idx":0,"nd":1465}}
{"sessionId":"0173da","runId":"post-fix","timestamp":1783913472061,"hypothesisId":"L2","location":"dataplane_wan.c:reassemble_l2","message":"l2_reassemble_pending","data":{"pkt_id":1691,"frag_idx":0,"nd":1465}}
{"sessionId":"0173da","runId":"post-fix","timestamp":1783913472061,"hypothesisId":"L2","location":"dataplane_wan.c:reassemble_l2","message":"l2_reassemble_pending","data":{"pkt_id":1152,"frag_idx":0,"nd":1465}}
{"sessionId":"0173da","runId":"post-fix","timestamp":1783913472061,"hypothesisId":"L2","location":"dataplane_wan.c:reassemble_l2","message":"l2_reassemble_pending","data":{"pkt_id":1887,"frag_idx":0,"nd":1465}}
{"sessionId":"0173da","runId":"post-fix","timestamp":1783913472061,"hypothesisId":"L2","location":"dataplane_wan.c:reassemble_l2","message":"l2_reassemble_pending","data":{"pkt_id":1523,"frag_idx":0,"nd":1465}}
{"sessionId":"0173da","runId":"post-fix","timestamp":1783913472061,"hypothesisId":"L2","location":"dataplane_wan.c:reassemble_l2","message":"l2_reassemble_pending","data":{"pkt_id":1069,"frag_idx":0,"nd":1465}}
{"sessionId":"0173da","runId":"post-fix","timestamp":1783913472061,"hypothesisId":"L2","location":"dataplane_wan.c:reassemble_l2","message":"l2_reassemble_pending","data":{"pkt_id":1364,"frag_idx":0,"nd":1465}}
{"sessionId":"0173da","runId":"post-fix","timestamp":1783913472061,"hypothesisId":"L2","location":"dataplane_wan.c:reassemble_l2","message":"l2_reassemble_pending","data":{"pkt_id":1156,"frag_idx":0,"nd":1465}}
{"sessionId":"0173da","runId":"post-fix","timestamp":1783913472061,"hypothesisId":"L2","location":"dataplane_wan.c:reassemble_l2","message":"l2_reassemble_pending","data":{"pkt_id":1693,"frag_idx":0,"nd":1465}}
{"sessionId":"0173da","runId":"post-fix","timestamp":1783913472061,"hypothesisId":"L2","location":"dataplane_wan.c:reassemble_l2","message":"l2_reassemble_pending","data":{"pkt_id":1890,"frag_idx":0,"nd":1465}}
{"sessionId":"0173da","runId":"post-fix","timestamp":1783913472061,"hypothesisId":"L2","location":"dataplane_wan.c:reassemble_l2","message":"l2_reassemble_pending","data":{"pkt_id":1526,"frag_idx":0,"nd":1465}}
{"sessionId":"0173da","runId":"post-fix","timestamp":1783913472061,"hypothesisId":"L2","location":"dataplane_wan.c:reassemble_l2","message":"l2_reassemble_pending","data":{"pkt_id":1071,"frag_idx":0,"nd":1465}}
{"sessionId":"0173da","runId":"post-fix","timestamp":1783913472061,"hypothesisId":"L2","location":"dataplane_wan.c:reassemble_l2","message":"l2_reassemble_pending","data":{"pkt_id":1367,"frag_idx":0,"nd":1465}}
{"sessionId":"0173da","runId":"post-fix","timestamp":1783913472061,"hypothesisId":"L2","location":"dataplane_wan.c:reassemble_l2","message":"l2_reassemble_pending","data":{"pkt_id":1170,"frag_idx":0,"nd":1465}}
{"sessionId":"0173da","runId":"post-fix","timestamp":1783913472061,"hypothesisId":"L2","location":"dataplane_wan.c:reassemble_l2","message":"l2_reassemble_pending","data":{"pkt_id":1697,"frag_idx":0,"nd":1465}}
{"sessionId":"0173da","runId":"post-fix","timestamp":1783913472061,"hypothesisId":"L2","location":"dataplane_wan.c:reassemble_l2","message":"l2_reassemble_pending","data":{"pkt_id":1892,"frag_idx":0,"nd":1465}}
{"sessionId":"0173da","runId":"post-fix","timestamp":1783913472061,"hypothesisId":"L2","location":"dataplane_wan.c:reassemble_l2","message":"l2_reassemble_pending","data":{"pkt_id":1530,"frag_idx":0,"nd":1465}}
{"sessionId":"0173da","runId":"post-fix","timestamp":1783913472061,"hypothesisId":"L2","location":"dataplane_wan.c:reassemble_l2","message":"l2_reassemble_pending","data":{"pkt_id":1105,"frag_idx":0,"nd":1465}}
{"sessionId":"0173da","runId":"post-fix","timestamp":1783913472061,"hypothesisId":"L2","location":"dataplane_wan.c:reassemble_l2","message":"l2_reassemble_pending","data":{"pkt_id":1174,"frag_idx":0,"nd":1465}}
{"sessionId":"0173da","runId":"post-fix","timestamp":1783913472061,"hypothesisId":"L2","location":"dataplane_wan.c:reassemble_l2","message":"l2_reassemble_pending","data":{"pkt_id":1370,"frag_idx":0,"nd":1465}}
{"sessionId":"0173da","runId":"post-fix","timestamp":1783913472061,"hypothesisId":"L2","location":"dataplane_wan.c:reassemble_l2","message":"l2_reassemble_pending","data":{"pkt_id":1699,"frag_idx":0,"nd":1465}}
{"sessionId":"0173da","runId":"post-fix","timestamp":1783913472061,"hypothesisId":"L2","location":"dataplane_wan.c:reassemble_l2","message":"l2_reassemble_pending","data":{"pkt_id":1894,"frag_idx":0,"nd":1465}}
{"sessionId":"0173da","runId":"post-fix","timestamp":1783913472061,"hypothesisId":"L2","location":"dataplane_wan.c:reassemble_l2","message":"l2_reassemble_pending","data":{"pkt_id":1533,"frag_idx":0,"nd":1465}}
{"sessionId":"0173da","runId":"post-fix","timestamp":1783913472061,"hypothesisId":"L2","location":"dataplane_wan.c:reassemble_l2","message":"l2_reassemble_pending","data":{"pkt_id":1703,"frag_idx":0,"nd":1465}}
{"sessionId":"0173da","runId":"post-fix","timestamp":1783913472061,"hypothesisId":"L2","location":"dataplane_wan.c:reassemble_l2","message":"l2_reassemble_pending","data":{"pkt_id":1141,"frag_idx":0,"nd":1465}}
{"sessionId":"0173da","runId":"post-fix","timestamp":1783913472061,"hypothesisId":"L2","location":"dataplane_wan.c:reassemble_l2","message":"l2_reassemble_pending","data":{"pkt_id":1177,"frag_idx":0,"nd":1465}}
{"sessionId":"0173da","runId":"post-fix","timestamp":1783913472061,"hypothesisId":"L2","location":"dataplane_wan.c:reassemble_l2","message":"l2_reassemble_pending","data":{"pkt_id":1372,"frag_idx":0,"nd":1465}}
{"sessionId":"0173da","runId":"post-fix","timestamp":1783913472061,"hypothesisId":"L2","location":"dataplane_wan.c:reassemble_l2","message":"l2_reassemble_pending","data":{"pkt_id":1904,"frag_idx":0,"nd":1465}}
{"sessionId":"0173da","runId":"post-fix","timestamp":1783913472061,"hypothesisId":"L2","location":"dataplane_wan.c:reassemble_l2","message":"l2_reassemble_pending","data":{"pkt_id":1712,"frag_idx":0,"nd":1465}}
{"sessionId":"0173da","runId":"post-fix","timestamp":1783913472061,"hypothesisId":"L2","location":"dataplane_wan.c:reassemble_l2","message":"l2_reassemble_pending","data":{"pkt_id":1538,"frag_idx":0,"nd":1465}}
{"sessionId":"0173da","runId":"post-fix","timestamp":1783913472061,"hypothesisId":"L2","location":"dataplane_wan.c:reassemble_l2","message":"l2_reassemble_pending","data":{"pkt_id":1374,"frag_idx":0,"nd":1465}}
{"sessionId":"0173da","runId":"post-fix","timestamp":1783913472061,"hypothesisId":"L2","location":"dataplane_wan.c:reassemble_l2","message":"l2_reassemble_pending","data":{"pkt_id":1181,"frag_idx":0,"nd":1465}}
{"sessionId":"0173da","runId":"post-fix","timestamp":1783913472061,"hypothesisId":"L2","location":"dataplane_wan.c:reassemble_l2","message":"l2_reassemble_pending","data":{"pkt_id":1159,"frag_idx":0,"nd":1465}}
{"sessionId":"0173da","runId":"post-fix","timestamp":1783913472061,"hypothesisId":"L2","location":"dataplane_wan.c:reassemble_l2","message":"l2_reassemble_pending","data":{"pkt_id":1908,"frag_idx":0,"nd":1465}}
{"sessionId":"0173da","runId":"post-fix","timestamp":1783913472061,"hypothesisId":"L2","location":"dataplane_wan.c:reassemble_l2","message":"l2_reassemble_pending","data":{"pkt_id":1541,"frag_idx":0,"nd":1465}}
{"sessionId":"0173da","runId":"post-fix","timestamp":1783913472061,"hypothesisId":"L2","location":"dataplane_wan.c:reassemble_l2","message":"l2_reassemble_pending","data":{"pkt_id":1718,"frag_idx":0,"nd":1465}}
{"sessionId":"0173da","runId":"post-fix","timestamp":1783913472061,"hypothesisId":"L2","location":"dataplane_wan.c:reassemble_l2","message":"l2_reassemble_pending","data":{"pkt_id":1376,"frag_idx":0,"nd":1465}}
{"sessionId":"0173da","runId":"post-fix","timestamp":1783913472061,"hypothesisId":"L2","location":"dataplane_wan.c:reassemble_l2","message":"l2_reassemble_pending","data":{"pkt_id":1161,"frag_idx":0,"nd":1465}}
{"sessionId":"0173da","runId":"post-fix","timestamp":1783913472061,"hypothesisId":"L2","location":"dataplane_wan.c:reassemble_l2","message":"l2_reassemble_pending","data":{"pkt_id":1200,"frag_idx":0,"nd":1465}}
{"sessionId":"0173da","runId":"post-fix","timestamp":1783913472061,"hypothesisId":"L2","location":"dataplane_wan.c:reassemble_l2","message":"l2_reassemble_pending","data":{"pkt_id":1547,"frag_idx":0,"nd":1465}}
{"sessionId":"0173da","runId":"post-fix","timestamp":1783913472061,"hypothesisId":"L2","location":"dataplane_wan.c:reassemble_l2","message":"l2_reassemble_pending","data":{"pkt_id":1722,"frag_idx":0,"nd":1465}}
{"sessionId":"0173da","runId":"post-fix","timestamp":1783913472061,"hypothesisId":"L2","location":"dataplane_wan.c:reassemble_l2","message":"l2_reassemble_pending","data":{"pkt_id":1910,"frag_idx":0,"nd":1465}}
{"sessionId":"0173da","runId":"post-fix","timestamp":1783913472061,"hypothesisId":"L2","location":"dataplane_wan.c:reassemble_l2","message":"l2_reassemble_pending","data":{"pkt_id":1169,"frag_idx":0,"nd":1465}}
{"sessionId":"0173da","runId":"post-fix","timestamp":1783913472061,"hypothesisId":"L2","location":"dataplane_wan.c:reassemble_l2","message":"l2_reassemble_pending","data":{"pkt_id":1206,"frag_idx":0,"nd":1465}}
{"sessionId":"0173da","runId":"post-fix","timestamp":1783913472061,"hypothesisId":"L2","location":"dataplane_wan.c:reassemble_l2","message":"l2_reassemble_pending","data":{"pkt_id":1379,"frag_idx":0,"nd":1465}}
{"sessionId":"0173da","runId":"post-fix","timestamp":1783913472061,"hypothesisId":"L2","location":"dataplane_wan.c:reassemble_l2","message":"l2_reassemble_pending","data":{"pkt_id":1548,"frag_idx":0,"nd":1465}}
{"sessionId":"0173da","runId":"post-fix","timestamp":1783913472061,"hypothesisId":"L2","location":"dataplane_wan.c:reassemble_l2","message":"l2_reassemble_pending","data":{"pkt_id":1780,"frag_idx":0,"nd":1465}}
{"sessionId":"0173da","runId":"post-fix","timestamp":1783913472061,"hypothesisId":"L2","location":"dataplane_wan.c:reassemble_l2","message":"l2_reassemble_pending","data":{"pkt_id":1210,"frag_idx":0,"nd":1465}}
{"sessionId":"0173da","runId":"post-fix","timestamp":1783913472061,"hypothesisId":"L2","location":"dataplane_wan.c:reassemble_l2","message":"l2_reassemble_pending","data":{"pkt_id":1914,"frag_idx":0,"nd":1465}}
{"sessionId":"0173da","runId":"post-fix","timestamp":1783913472061,"hypothesisId":"L2","location":"dataplane_wan.c:reassemble_l2","message":"l2_reassemble_pending","data":{"pkt_id":1380,"frag_idx":0,"nd":1465}}
{"sessionId":"0173da","runId":"post-fix","timestamp":1783913472061,"hypothesisId":"L2","location":"dataplane_wan.c:reassemble_l2","message":"l2_reassemble_pending","data":{"pkt_id":1173,"frag_idx":0,"nd":1465}}
{"sessionId":"0173da","runId":"post-fix","timestamp":1783913472061,"hypothesisId":"L2","location":"dataplane_wan.c:reassemble_l2","message":"l2_reassemble_pending","data":{"pkt_id":1549,"frag_idx":0,"nd":1465}}
{"sessionId":"0173da","runId":"post-fix","timestamp":1783913472061,"hypothesisId":"L2","location":"dataplane_wan.c:reassemble_l2","message":"l2_reassemble_pending","data":{"pkt_id":1784,"frag_idx":0,"nd":1465}}
{"sessionId":"0173da","runId":"post-fix","timestamp":1783913472061,"hypothesisId":"L2","location":"dataplane_wan.c:reassemble_l2","message":"l2_reassemble_pending","data":{"pkt_id":1212,"frag_idx":0,"nd":1465}}
{"sessionId":"0173da","runId":"post-fix","timestamp":1783913472061,"hypothesisId":"L2","location":"dataplane_wan.c:reassemble_l2","message":"l2_reassemble_pending","data":{"pkt_id":1411,"frag_idx":0,"nd":1465}}
{"sessionId":"0173da","runId":"post-fix","timestamp":1783913472061,"hypothesisId":"L2","location":"dataplane_wan.c:reassemble_l2","message":"l2_reassemble_pending","data":{"pkt_id":1543,"frag_idx":0,"nd":1465}}
{"sessionId":"0173da","runId":"post-fix","timestamp":1783913472061,"hypothesisId":"L2","location":"dataplane_wan.c:reassemble_l2","message":"l2_reassemble_pending","data":{"pkt_id":1915,"frag_idx":0,"nd":1465}}
{"sessionId":"0173da","runId":"post-fix","timestamp":1783913472061,"hypothesisId":"L2","location":"dataplane_wan.c:reassemble_l2","message":"l2_reassemble_pending","data":{"pkt_id":1789,"frag_idx":0,"nd":1465}}
{"sessionId":"0173da","runId":"post-fix","timestamp":1783913472061,"hypothesisId":"L2","location":"dataplane_wan.c:reassemble_l2","message":"l2_reassemble_pending","data":{"pkt_id":1175,"frag_idx":0,"nd":1465}}
{"sessionId":"0173da","runId":"post-fix","timestamp":1783913472061,"hypothesisId":"L2","location":"dataplane_wan.c:reassemble_l2","message":"l2_reassemble_pending","data":{"pkt_id":1217,"frag_idx":0,"nd":1465}}
{"sessionId":"0173da","runId":"post-fix","timestamp":1783913472061,"hypothesisId":"L2","location":"dataplane_wan.c:reassemble_l2","message":"l2_reassemble_pending","data":{"pkt_id":1545,"frag_idx":0,"nd":1465}}
{"sessionId":"0173da","runId":"post-fix","timestamp":1783913472061,"hypothesisId":"L2","location":"dataplane_wan.c:reassemble_l2","message":"l2_reassemble_pending","data":{"pkt_id":1917,"frag_idx":0,"nd":1465}}
{"sessionId":"0173da","runId":"post-fix","timestamp":1783913472061,"hypothesisId":"L2","location":"dataplane_wan.c:reassemble_l2","message":"l2_reassemble_pending","data":{"pkt_id":1400,"frag_idx":0,"nd":1465}}
{"sessionId":"0173da","runId":"post-fix","timestamp":1783913472061,"hypothesisId":"L2","location":"dataplane_wan.c:reassemble_l2","message":"l2_reassemble_pending","data":{"pkt_id":1791,"frag_idx":0,"nd":1465}}
{"sessionId":"0173da","runId":"post-fix","timestamp":1783913472061,"hypothesisId":"L2","location":"dataplane_wan.c:reassemble_l2","message":"l2_reassemble_pending","data":{"pkt_id":1219,"frag_idx":0,"nd":1465}}
{"sessionId":"0173da","runId":"post-fix","timestamp":1783913472061,"hypothesisId":"L2","location":"dataplane_wan.c:reassemble_l2","message":"l2_reassemble_pending","data":{"pkt_id":1179,"frag_idx":0,"nd":1465}}
{"sessionId":"0173da","runId":"post-fix","timestamp":1783913472061,"hypothesisId":"L2","location":"dataplane_wan.c:reassemble_l2","message":"l2_reassemble_pending","data":{"pkt_id":1918,"frag_idx":0,"nd":1465}}
{"sessionId":"0173da","runId":"post-fix","timestamp":1783913472061,"hypothesisId":"L2","location":"dataplane_wan.c:reassemble_l2","message":"l2_reassemble_pending","data":{"pkt_id":1551,"frag_idx":0,"nd":1465}}
{"sessionId":"0173da","runId":"post-fix","timestamp":1783913472061,"hypothesisId":"L2","location":"dataplane_wan.c:reassemble_l2","message":"l2_reassemble_pending","data":{"pkt_id":1404,"frag_idx":0,"nd":1465}}
{"sessionId":"0173da","runId":"post-fix","timestamp":1783913472061,"hypothesisId":"L2","location":"dataplane_wan.c:reassemble_l2","message":"l2_reassemble_pending","data":{"pkt_id":1238,"frag_idx":0,"nd":1465}}
{"sessionId":"0173da","runId":"post-fix","timestamp":1783913472061,"hypothesisId":"L2","location":"dataplane_wan.c:reassemble_l2","message":"l2_reassemble_pending","data":{"pkt_id":1794,"frag_idx":0,"nd":1465}}
{"sessionId":"0173da","runId":"post-fix","timestamp":1783913472061,"hypothesisId":"L2","location":"dataplane_wan.c:reassemble_l2","message":"l2_reassemble_pending","data":{"pkt_id":1183,"frag_idx":0,"nd":1465}}
{"sessionId":"0173da","runId":"post-fix","timestamp":1783913472061,"hypothesisId":"L2","location":"dataplane_wan.c:reassemble_l2","message":"l2_reassemble_pending","data":{"pkt_id":1553,"frag_idx":0,"nd":1465}}
{"sessionId":"0173da","runId":"post-fix","timestamp":1783913472061,"hypothesisId":"L2","location":"dataplane_wan.c:reassemble_l2","message":"l2_reassemble_pending","data":{"pkt_id":1406,"frag_idx":0,"nd":1465}}
{"sessionId":"0173da","runId":"post-fix","timestamp":1783913472061,"hypothesisId":"L2","location":"dataplane_wan.c:reassemble_l2","message":"l2_reassemble_pending","data":{"pkt_id":1185,"frag_idx":0,"nd":1465}}
{"sessionId":"0173da","runId":"post-fix","timestamp":1783913472061,"hypothesisId":"L2","location":"dataplane_wan.c:reassemble_l2","message":"l2_reassemble_pending","data":{"pkt_id":1919,"frag_idx":0,"nd":1465}}
{"sessionId":"0173da","runId":"post-fix","timestamp":1783913472061,"hypothesisId":"L2","location":"dataplane_wan.c:reassemble_l2","message":"l2_reassemble_pending","data":{"pkt_id":1798,"frag_idx":0,"nd":1465}}
{"sessionId":"0173da","runId":"post-fix","timestamp":1783913472061,"hypothesisId":"L2","location":"dataplane_wan.c:reassemble_l2","message":"l2_reassemble_pending","data":{"pkt_id":1221,"frag_idx":0,"nd":1465}}
{"sessionId":"0173da","runId":"post-fix","timestamp":1783913472061,"hypothesisId":"L2","location":"dataplane_wan.c:reassemble_l2","message":"l2_reassemble_pending","data":{"pkt_id":1558,"frag_idx":0,"nd":1465}}
{"sessionId":"0173da","runId":"post-fix","timestamp":1783913472061,"hypothesisId":"L2","location":"dataplane_wan.c:dataplane_process_wan","message":"l2_frag_pending_hold","data":{"wire_len":1500,"n":1536}}
{"sessionId":"0173da","runId":"post-fix","timestamp":1783913472061,"hypothesisId":"L2","location":"dataplane_wan.c:reassemble_l2","message":"l2_reassemble_pending","data":{"pkt_id":1408,"frag_idx":0,"nd":1465}}
{"sessionId":"0173da","runId":"post-fix","timestamp":1783913472061,"hypothesisId":"L2","location":"dataplane_wan.c:decrypt_wan","message":"l2_frag_reassemble_ok","data":{"wire_in":98,"plain_len":1514,"pkt_id":1558,"n":1536}}
{"sessionId":"0173da","runId":"post-fix","timestamp":1783913472061,"hypothesisId":"L2","location":"dataplane_wan.c:reassemble_l2","message":"l2_reassemble_pending","data":{"pkt_id":1923,"frag_idx":0,"nd":1465}}
{"sessionId":"0173da","runId":"post-fix","timestamp":1783913472061,"hypothesisId":"L2","location":"dataplane_wan.c:reassemble_l2","message":"l2_reassemble_join_ok","data":{"pkt_id":1221,"frag_idx":1,"out_len":1514,"n":1536}}
{"sessionId":"0173da","runId":"post-fix","timestamp":1783913472061,"hypothesisId":"L2","location":"dataplane_wan.c:reassemble_l2","message":"l2_reassemble_pending","data":{"pkt_id":1190,"frag_idx":0,"nd":1465}}
{"sessionId":"0173da","runId":"post-fix","timestamp":1783913472061,"hypothesisId":"L2","location":"dataplane_wan.c:reassemble_l2","message":"l2_reassemble_pending","data":{"pkt_id":1821,"frag_idx":0,"nd":1465}}
{"sessionId":"0173da","runId":"post-fix","timestamp":1783913472061,"hypothesisId":"L2","location":"dataplane_wan.c:reassemble_l2","message":"l2_reassemble_pending","data":{"pkt_id":1602,"frag_idx":0,"nd":1465}}
{"sessionId":"0173da","runId":"post-fix","timestamp":1783913472061,"hypothesisId":"L2","location":"dataplane_wan.c:reassemble_l2","message":"l2_reassemble_pending","data":{"pkt_id":1225,"frag_idx":0,"nd":1465}}
{"sessionId":"0173da","runId":"post-fix","timestamp":1783913472061,"hypothesisId":"L2","location":"dataplane_wan.c:reassemble_l2","message":"l2_reassemble_pending","data":{"pkt_id":1561,"frag_idx":0,"nd":1465}}
{"sessionId":"0173da","runId":"post-fix","timestamp":1783913472061,"hypothesisId":"L2","location":"dataplane_wan.c:reassemble_l2","message":"l2_reassemble_pending","data":{"pkt_id":1926,"frag_idx":0,"nd":1465}}
{"sessionId":"0173da","runId":"post-fix","timestamp":1783913472061,"hypothesisId":"L2","location":"dataplane_wan.c:reassemble_l2","message":"l2_reassemble_pending","data":{"pkt_id":1194,"frag_idx":0,"nd":1465}}
{"sessionId":"0173da","runId":"post-fix","timestamp":1783913472061,"hypothesisId":"L2","location":"dataplane_wan.c:reassemble_l2","message":"l2_reassemble_pending","data":{"pkt_id":1632,"frag_idx":0,"nd":1465}}
{"sessionId":"0173da","runId":"post-fix","timestamp":1783913472061,"hypothesisId":"L2","location":"dataplane_wan.c:reassemble_l2","message":"l2_reassemble_pending","data":{"pkt_id":1826,"frag_idx":0,"nd":1465}}
{"sessionId":"0173da","runId":"post-fix","timestamp":1783913472061,"hypothesisId":"L2","location":"dataplane_wan.c:reassemble_l2","message":"l2_reassemble_pending","data":{"pkt_id":1228,"frag_idx":0,"nd":1465}}
{"sessionId":"0173da","runId":"post-fix","timestamp":1783913472061,"hypothesisId":"L2","location":"dataplane_wan.c:reassemble_l2","message":"l2_reassemble_pending","data":{"pkt_id":1562,"frag_idx":0,"nd":1465}}
{"sessionId":"0173da","runId":"post-fix","timestamp":1783913472061,"hypothesisId":"L2","location":"dataplane_wan.c:reassemble_l2","message":"l2_reassemble_pending","data":{"pkt_id":1230,"frag_idx":0,"nd":1465}}
{"sessionId":"0173da","runId":"post-fix","timestamp":1783913472061,"hypothesisId":"L2","location":"dataplane_wan.c:reassemble_l2","message":"l2_reassemble_pending","data":{"pkt_id":1930,"frag_idx":0,"nd":1465}}
{"sessionId":"0173da","runId":"post-fix","timestamp":1783913472061,"hypothesisId":"L2","location":"dataplane_wan.c:reassemble_l2","message":"l2_reassemble_pending","data":{"pkt_id":1634,"frag_idx":0,"nd":1465}}
{"sessionId":"0173da","runId":"post-fix","timestamp":1783913472061,"hypothesisId":"L2","location":"dataplane_wan.c:reassemble_l2","message":"l2_reassemble_pending","data":{"pkt_id":1834,"frag_idx":0,"nd":1465}}
{"sessionId":"0173da","runId":"post-fix","timestamp":1783913472061,"hypothesisId":"L2","location":"dataplane_wan.c:reassemble_l2","message":"l2_reassemble_pending","data":{"pkt_id":1565,"frag_idx":0,"nd":1465}}
{"sessionId":"0173da","runId":"post-fix","timestamp":1783913472061,"hypothesisId":"L2","location":"dataplane_wan.c:reassemble_l2","message":"l2_reassemble_pending","data":{"pkt_id":1232,"frag_idx":0,"nd":1465}}
{"sessionId":"0173da","runId":"post-fix","timestamp":1783913472062,"hypothesisId":"L2","location":"dataplane_wan.c:reassemble_l2","message":"l2_reassemble_pending","data":{"pkt_id":1233,"frag_idx":0,"nd":1465}}
{"sessionId":"0173da","runId":"post-fix","timestamp":1783913472062,"hypothesisId":"L2","location":"dataplane_wan.c:reassemble_l2","message":"l2_reassemble_pending","data":{"pkt_id":1928,"frag_idx":0,"nd":1465}}
{"sessionId":"0173da","runId":"post-fix","timestamp":1783913472062,"hypothesisId":"L2","location":"dataplane_wan.c:reassemble_l2","message":"l2_reassemble_pending","data":{"pkt_id":1611,"frag_idx":0,"nd":1465}}
{"sessionId":"0173da","runId":"post-fix","timestamp":1783913472062,"hypothesisId":"L2","location":"dataplane_wan.c:reassemble_l2","message":"l2_reassemble_pending","data":{"pkt_id":1837,"frag_idx":0,"nd":1465}}
{"sessionId":"0173da","runId":"post-fix","timestamp":1783913472062,"hypothesisId":"L2","location":"dataplane_wan.c:reassemble_l2","message":"l2_reassemble_pending","data":{"pkt_id":1593,"frag_idx":0,"nd":1465}}
{"sessionId":"0173da","runId":"post-fix","timestamp":1783913472062,"hypothesisId":"L2","location":"dataplane_wan.c:reassemble_l2","message":"l2_reassemble_pending","data":{"pkt_id":1234,"frag_idx":0,"nd":1465}}
{"sessionId":"0173da","runId":"post-fix","timestamp":1783913472062,"hypothesisId":"L2","location":"dataplane_wan.c:reassemble_l2","message":"l2_reassemble_pending","data":{"pkt_id":1235,"frag_idx":0,"nd":1465}}
{"sessionId":"0173da","runId":"post-fix","timestamp":1783913472062,"hypothesisId":"L2","location":"dataplane_wan.c:reassemble_l2","message":"l2_reassemble_pending","data":{"pkt_id":1932,"frag_idx":0,"nd":1465}}
{"sessionId":"0173da","runId":"post-fix","timestamp":1783913472062,"hypothesisId":"L2","location":"dataplane_wan.c:reassemble_l2","message":"l2_reassemble_pending","data":{"pkt_id":1861,"frag_idx":0,"nd":1465}}
{"sessionId":"0173da","runId":"post-fix","timestamp":1783913472062,"hypothesisId":"L2","location":"dataplane_wan.c:reassemble_l2","message":"l2_reassemble_pending","data":{"pkt_id":1609,"frag_idx":0,"nd":1465}}
{"sessionId":"0173da","runId":"post-fix","timestamp":1783913472062,"hypothesisId":"L2","location":"dataplane_wan.c:reassemble_l2","message":"l2_reassemble_pending","data":{"pkt_id":1638,"frag_idx":0,"nd":1465}}
{"sessionId":"0173da","runId":"post-fix","timestamp":1783913472062,"hypothesisId":"L2","location":"dataplane_wan.c:reassemble_l2","message":"l2_reassemble_pending","data":{"pkt_id":1274,"frag_idx":0,"nd":1465}}
{"sessionId":"0173da","runId":"post-fix","timestamp":1783913472062,"hypothesisId":"L2","location":"dataplane_wan.c:reassemble_l2","message":"l2_reassemble_pending","data":{"pkt_id":1934,"frag_idx":0,"nd":1465}}
{"sessionId":"0173da","runId":"post-fix","timestamp":1783913472062,"hypothesisId":"L2","location":"dataplane_wan.c:reassemble_l2","message":"l2_reassemble_pending","data":{"pkt_id":1616,"frag_idx":0,"nd":1465}}
{"sessionId":"0173da","runId":"post-fix","timestamp":1783913472062,"hypothesisId":"L2","location":"dataplane_wan.c:reassemble_l2","message":"l2_reassemble_pending","data":{"pkt_id":1871,"frag_idx":0,"nd":1465}}
{"sessionId":"0173da","runId":"post-fix","timestamp":1783913472062,"hypothesisId":"L2","location":"dataplane_wan.c:reassemble_l2","message":"l2_reassemble_pending","data":{"pkt_id":1615,"frag_idx":0,"nd":1465}}
{"sessionId":"0173da","runId":"post-fix","timestamp":1783913472062,"hypothesisId":"L2","location":"dataplane_wan.c:reassemble_l2","message":"l2_reassemble_pending","data":{"pkt_id":1283,"frag_idx":0,"nd":1465}}
{"sessionId":"0173da","runId":"post-fix","timestamp":1783913472062,"hypothesisId":"L2","location":"dataplane_wan.c:reassemble_l2","message":"l2_reassemble_pending","data":{"pkt_id":1237,"frag_idx":0,"nd":1465}}
{"sessionId":"0173da","runId":"post-fix","timestamp":1783913472062,"hypothesisId":"L2","location":"dataplane_wan.c:reassemble_l2","message":"l2_reassemble_pending","data":{"pkt_id":1935,"frag_idx":0,"nd":1465}}
{"sessionId":"0173da","runId":"post-fix","timestamp":1783913472062,"hypothesisId":"L2","location":"dataplane_wan.c:reassemble_l2","message":"l2_reassemble_pending","data":{"pkt_id":1605,"frag_idx":0,"nd":1465}}
{"sessionId":"0173da","runId":"post-fix","timestamp":1783913472062,"hypothesisId":"L2","location":"dataplane_wan.c:reassemble_l2","message":"l2_reassemble_pending","data":{"pkt_id":1876,"frag_idx":0,"nd":1465}}
{"sessionId":"0173da","runId":"post-fix","timestamp":1783913472062,"hypothesisId":"L2","location":"dataplane_wan.c:reassemble_l2","message":"l2_reassemble_pending","data":{"pkt_id":1621,"frag_idx":0,"nd":1465}}
{"sessionId":"0173da","runId":"post-fix","timestamp":1783913472062,"hypothesisId":"L2","location":"dataplane_wan.c:reassemble_l2","message":"l2_reassemble_pending","data":{"pkt_id":1285,"frag_idx":0,"nd":1465}}
{"sessionId":"0173da","runId":"post-fix","timestamp":1783913472062,"hypothesisId":"L2","location":"dataplane_wan.c:reassemble_l2","message":"l2_reassemble_pending","data":{"pkt_id":1937,"frag_idx":0,"nd":1465}}
{"sessionId":"0173da","runId":"post-fix","timestamp":1783913472062,"hypothesisId":"L2","location":"dataplane_wan.c:reassemble_l2","message":"l2_reassemble_pending","data":{"pkt_id":1618,"frag_idx":0,"nd":1465}}
{"sessionId":"0173da","runId":"post-fix","timestamp":1783913472062,"hypothesisId":"L2","location":"dataplane_wan.c:reassemble_l2","message":"l2_reassemble_pending","data":{"pkt_id":1941,"frag_idx":0,"nd":1465}}
{"sessionId":"0173da","runId":"post-fix","timestamp":1783913472062,"hypothesisId":"L2","location":"dataplane_wan.c:reassemble_l2","message":"l2_reassemble_pending","data":{"pkt_id":1240,"frag_idx":0,"nd":1465}}
{"sessionId":"0173da","runId":"post-fix","timestamp":1783913472062,"hypothesisId":"L2","location":"dataplane_wan.c:reassemble_l2","message":"l2_reassemble_pending","data":{"pkt_id":1625,"frag_idx":0,"nd":1465}}
{"sessionId":"0173da","runId":"post-fix","timestamp":1783913472062,"hypothesisId":"L2","location":"dataplane_wan.c:reassemble_l2","message":"l2_reassemble_pending","data":{"pkt_id":1939,"frag_idx":0,"nd":1465}}
{"sessionId":"0173da","runId":"post-fix","timestamp":1783913472062,"hypothesisId":"L2","location":"dataplane_wan.c:reassemble_l2","message":"l2_reassemble_pending","data":{"pkt_id":1620,"frag_idx":0,"nd":1465}}
{"sessionId":"0173da","runId":"post-fix","timestamp":1783913472062,"hypothesisId":"L2","location":"dataplane_wan.c:reassemble_l2","message":"l2_reassemble_pending","data":{"pkt_id":1948,"frag_idx":0,"nd":1465}}
{"sessionId":"0173da","runId":"post-fix","timestamp":1783913472062,"hypothesisId":"L2","location":"dataplane_wan.c:reassemble_l2","message":"l2_reassemble_pending","data":{"pkt_id":1287,"frag_idx":0,"nd":1465}}
{"sessionId":"0173da","runId":"post-fix","timestamp":1783913472062,"hypothesisId":"L2","location":"dataplane_wan.c:reassemble_l2","message":"l2_reassemble_pending","data":{"pkt_id":1627,"frag_idx":0,"nd":1465}}
{"sessionId":"0173da","runId":"post-fix","timestamp":1783913472062,"hypothesisId":"L2","location":"dataplane_wan.c:reassemble_l2","message":"l2_reassemble_pending","data":{"pkt_id":1242,"frag_idx":0,"nd":1465}}
{"sessionId":"0173da","runId":"post-fix","timestamp":1783913472062,"hypothesisId":"L2","location":"dataplane_wan.c:reassemble_l2","message":"l2_reassemble_pending","data":{"pkt_id":1952,"frag_idx":0,"nd":1465}}
{"sessionId":"0173da","runId":"post-fix","timestamp":1783913472062,"hypothesisId":"L2","location":"dataplane_wan.c:reassemble_l2","message":"l2_reassemble_pending","data":{"pkt_id":1942,"frag_idx":0,"nd":1465}}
{"sessionId":"0173da","runId":"post-fix","timestamp":1783913472062,"hypothesisId":"L2","location":"dataplane_wan.c:reassemble_l2","message":"l2_reassemble_pending","data":{"pkt_id":1623,"frag_idx":0,"nd":1465}}
{"sessionId":"0173da","runId":"post-fix","timestamp":1783913472062,"hypothesisId":"L2","location":"dataplane_wan.c:reassemble_l2","message":"l2_reassemble_pending","data":{"pkt_id":1289,"frag_idx":0,"nd":1465}}
{"sessionId":"0173da","runId":"post-fix","timestamp":1783913472062,"hypothesisId":"L2","location":"dataplane_wan.c:reassemble_l2","message":"l2_reassemble_pending","data":{"pkt_id":1205,"frag_idx":0,"nd":1465}}
{"sessionId":"0173da","runId":"post-fix","timestamp":1783913472062,"hypothesisId":"L2","location":"dataplane_wan.c:reassemble_l2","message":"l2_reassemble_pending","data":{"pkt_id":1629,"frag_idx":0,"nd":1465}}
{"sessionId":"0173da","runId":"post-fix","timestamp":1783913472062,"hypothesisId":"L2","location":"dataplane_wan.c:reassemble_l2","message":"l2_reassemble_pending","data":{"pkt_id":1944,"frag_idx":0,"nd":1465}}
{"sessionId":"0173da","runId":"post-fix","timestamp":1783913472062,"hypothesisId":"L2","location":"dataplane_wan.c:reassemble_l2","message":"l2_reassemble_pending","data":{"pkt_id":1956,"frag_idx":0,"nd":1465}}
{"sessionId":"0173da","runId":"post-fix","timestamp":1783913472062,"hypothesisId":"L2","location":"dataplane_wan.c:reassemble_l2","message":"l2_reassemble_pending","data":{"pkt_id":1631,"frag_idx":0,"nd":1465}}
{"sessionId":"0173da","runId":"post-fix","timestamp":1783913472062,"hypothesisId":"L2","location":"dataplane_wan.c:reassemble_l2","message":"l2_reassemble_pending","data":{"pkt_id":1290,"frag_idx":0,"nd":1465}}
{"sessionId":"0173da","runId":"post-fix","timestamp":1783913472062,"hypothesisId":"L2","location":"dataplane_wan.c:reassemble_l2","message":"l2_reassemble_pending","data":{"pkt_id":1211,"frag_idx":0,"nd":1465}}
{"sessionId":"0173da","runId":"post-fix","timestamp":1783913472062,"hypothesisId":"L2","location":"dataplane_wan.c:reassemble_l2","message":"l2_reassemble_pending","data":{"pkt_id":1641,"frag_idx":0,"nd":1465}}
{"sessionId":"0173da","runId":"post-fix","timestamp":1783913472062,"hypothesisId":"L2","location":"dataplane_wan.c:reassemble_l2","message":"l2_reassemble_pending","data":{"pkt_id":1964,"frag_idx":0,"nd":1465}}
{"sessionId":"0173da","runId":"post-fix","timestamp":1783913472062,"hypothesisId":"L2","location":"dataplane_wan.c:reassemble_l2","message":"l2_reassemble_pending","data":{"pkt_id":1635,"frag_idx":0,"nd":1465}}
{"sessionId":"0173da","runId":"post-fix","timestamp":1783913472062,"hypothesisId":"L2","location":"dataplane_wan.c:reassemble_l2","message":"l2_reassemble_pending","data":{"pkt_id":1301,"frag_idx":0,"nd":1465}}
{"sessionId":"0173da","runId":"post-fix","timestamp":1783913472062,"hypothesisId":"L2","location":"dataplane_wan.c:reassemble_l2","message":"l2_reassemble_pending","data":{"pkt_id":1972,"frag_idx":0,"nd":1465}}
{"sessionId":"0173da","runId":"post-fix","timestamp":1783913472062,"hypothesisId":"L2","location":"dataplane_wan.c:reassemble_l2","message":"l2_reassemble_pending","data":{"pkt_id":1645,"frag_idx":0,"nd":1465}}
{"sessionId":"0173da","runId":"post-fix","timestamp":1783913472062,"hypothesisId":"L2","location":"dataplane_wan.c:reassemble_l2","message":"l2_reassemble_pending","data":{"pkt_id":1215,"frag_idx":0,"nd":1465}}
{"sessionId":"0173da","runId":"post-fix","timestamp":1783913472062,"hypothesisId":"L2","location":"dataplane_wan.c:reassemble_l2","message":"l2_reassemble_pending","data":{"pkt_id":1644,"frag_idx":0,"nd":1465}}
{"sessionId":"0173da","runId":"post-fix","timestamp":1783913472062,"hypothesisId":"L2","location":"dataplane_wan.c:reassemble_l2","message":"l2_reassemble_pending","data":{"pkt_id":1977,"frag_idx":0,"nd":1465}}
{"sessionId":"0173da","runId":"post-fix","timestamp":1783913472062,"hypothesisId":"L2","location":"dataplane_wan.c:reassemble_l2","message":"l2_reassemble_pending","data":{"pkt_id":1305,"frag_idx":0,"nd":1465}}
{"sessionId":"0173da","runId":"post-fix","timestamp":1783913472062,"hypothesisId":"L2","location":"dataplane_wan.c:reassemble_l2","message":"l2_reassemble_pending","data":{"pkt_id":1649,"frag_idx":0,"nd":1465}}
{"sessionId":"0173da","runId":"post-fix","timestamp":1783913472062,"hypothesisId":"L2","location":"dataplane_wan.c:reassemble_l2","message":"l2_reassemble_pending","data":{"pkt_id":1258,"frag_idx":0,"nd":1465}}
{"sessionId":"0173da","runId":"post-fix","timestamp":1783913472062,"hypothesisId":"L2","location":"dataplane_wan.c:reassemble_l2","message":"l2_reassemble_pending","data":{"pkt_id":1648,"frag_idx":0,"nd":1465}}
{"sessionId":"0173da","runId":"post-fix","timestamp":1783913472062,"hypothesisId":"L2","location":"dataplane_wan.c:reassemble_l2","message":"l2_reassemble_pending","data":{"pkt_id":1981,"frag_idx":0,"nd":1465}}
{"sessionId":"0173da","runId":"post-fix","timestamp":1783913472062,"hypothesisId":"L2","location":"dataplane_wan.c:reassemble_l2","message":"l2_reassemble_pending","data":{"pkt_id":1309,"frag_idx":0,"nd":1465}}
{"sessionId":"0173da","runId":"post-fix","timestamp":1783913472062,"hypothesisId":"L2","location":"dataplane_wan.c:reassemble_l2","message":"l2_reassemble_pending","data":{"pkt_id":1652,"frag_idx":0,"nd":1465}}
{"sessionId":"0173da","runId":"post-fix","timestamp":1783913472062,"hypothesisId":"L2","location":"dataplane_wan.c:reassemble_l2","message":"l2_reassemble_pending","data":{"pkt_id":1659,"frag_idx":0,"nd":1465}}
{"sessionId":"0173da","runId":"post-fix","timestamp":1783913472062,"hypothesisId":"L2","location":"dataplane_wan.c:reassemble_l2","message":"l2_reassemble_pending","data":{"pkt_id":2001,"frag_idx":0,"nd":1465}}
{"sessionId":"0173da","runId":"post-fix","timestamp":1783913472062,"hypothesisId":"L2","location":"dataplane_wan.c:reassemble_l2","message":"l2_reassemble_pending","data":{"pkt_id":1263,"frag_idx":0,"nd":1465}}
{"sessionId":"0173da","runId":"post-fix","timestamp":1783913472062,"hypothesisId":"L2","location":"dataplane_wan.c:reassemble_l2","message":"l2_reassemble_pending","data":{"pkt_id":1297,"frag_idx":0,"nd":1465}}
{"sessionId":"0173da","runId":"post-fix","timestamp":1783913472062,"hypothesisId":"L2","location":"dataplane_wan.c:reassemble_l2","message":"l2_reassemble_pending","data":{"pkt_id":1657,"frag_idx":0,"nd":1465}}
{"sessionId":"0173da","runId":"post-fix","timestamp":1783913472062,"hypothesisId":"L2","location":"dataplane_wan.c:reassemble_l2","message":"l2_reassemble_pending","data":{"pkt_id":1665,"frag_idx":0,"nd":1465}}
{"sessionId":"0173da","runId":"post-fix","timestamp":1783913472062,"hypothesisId":"L2","location":"dataplane_wan.c:reassemble_l2","message":"l2_reassemble_pending","data":{"pkt_id":2004,"frag_idx":0,"nd":1465}}
{"sessionId":"0173da","runId":"post-fix","timestamp":1783913472062,"hypothesisId":"L2","location":"dataplane_wan.c:reassemble_l2","message":"l2_reassemble_pending","data":{"pkt_id":1960,"frag_idx":0,"nd":1465}}
{"sessionId":"0173da","runId":"post-fix","timestamp":1783913472062,"hypothesisId":"L2","location":"dataplane_wan.c:reassemble_l2","message":"l2_reassemble_pending","data":{"pkt_id":1311,"frag_idx":0,"nd":1465}}
{"sessionId":"0173da","runId":"post-fix","timestamp":1783913472062,"hypothesisId":"L2","location":"dataplane_wan.c:reassemble_l2","message":"l2_reassemble_pending","data":{"pkt_id":1266,"frag_idx":0,"nd":1465}}
{"sessionId":"0173da","runId":"post-fix","timestamp":1783913472062,"hypothesisId":"L2","location":"dataplane_wan.c:reassemble_l2","message":"l2_reassemble_pending","data":{"pkt_id":1655,"frag_idx":0,"nd":1465}}
{"sessionId":"0173da","runId":"post-fix","timestamp":1783913472062,"hypothesisId":"L2","location":"dataplane_wan.c:reassemble_l2","message":"l2_reassemble_pending","data":{"pkt_id":2047,"frag_idx":0,"nd":1465}}
{"sessionId":"0173da","runId":"post-fix","timestamp":1783913472062,"hypothesisId":"L2","location":"dataplane_wan.c:reassemble_l2","message":"l2_reassemble_pending","data":{"pkt_id":1672,"frag_idx":0,"nd":1465}}
{"sessionId":"0173da","runId":"post-fix","timestamp":1783913472062,"hypothesisId":"L2","location":"dataplane_wan.c:reassemble_l2","message":"l2_reassemble_pending","data":{"pkt_id":1338,"frag_idx":0,"nd":1465}}
{"sessionId":"0173da","runId":"post-fix","timestamp":1783913472062,"hypothesisId":"L2","location":"dataplane_wan.c:reassemble_l2","message":"l2_reassemble_pending","data":{"pkt_id":1269,"frag_idx":0,"nd":1465}}
{"sessionId":"0173da","runId":"post-fix","timestamp":1783913472062,"hypothesisId":"L2","location":"dataplane_wan.c:reassemble_l2","message":"l2_reassemble_pending","data":{"pkt_id":1965,"frag_idx":0,"nd":1465}}
{"sessionId":"0173da","runId":"post-fix","timestamp":1783913472062,"hypothesisId":"L2","location":"dataplane_wan.c:reassemble_l2","message":"l2_reassemble_pending","data":{"pkt_id":1660,"frag_idx":0,"nd":1465}}
{"sessionId":"0173da","runId":"post-fix","timestamp":1783913472062,"hypothesisId":"L2","location":"dataplane_wan.c:reassemble_l2","message":"l2_reassemble_pending","data":{"pkt_id":2019,"frag_idx":0,"nd":1465}}
{"sessionId":"0173da","runId":"post-fix","timestamp":1783913472062,"hypothesisId":"L2","location":"dataplane_wan.c:reassemble_l2","message":"l2_reassemble_pending","data":{"pkt_id":1677,"frag_idx":0,"nd":1465}}
{"sessionId":"0173da","runId":"post-fix","timestamp":1783913472062,"hypothesisId":"L2","location":"dataplane_wan.c:reassemble_l2","message":"l2_reassemble_pending","data":{"pkt_id":1342,"frag_idx":0,"nd":1465}}
{"sessionId":"0173da","runId":"post-fix","timestamp":1783913472062,"hypothesisId":"L2","location":"dataplane_wan.c:reassemble_l2","message":"l2_reassemble_pending","data":{"pkt_id":1270,"frag_idx":0,"nd":1465}}
{"sessionId":"0173da","runId":"post-fix","timestamp":1783913472062,"hypothesisId":"L2","location":"dataplane_wan.c:reassemble_l2","message":"l2_reassemble_pending","data":{"pkt_id":1663,"frag_idx":0,"nd":1465}}
{"sessionId":"0173da","runId":"post-fix","timestamp":1783913472062,"hypothesisId":"L2","location":"dataplane_wan.c:reassemble_l2","message":"l2_reassemble_pending","data":{"pkt_id":1968,"frag_idx":0,"nd":1465}}
{"sessionId":"0173da","runId":"post-fix","timestamp":1783913472062,"hypothesisId":"L2","location":"dataplane_wan.c:reassemble_l2","message":"l2_reassemble_pending","data":{"pkt_id":1683,"frag_idx":0,"nd":1465}}
{"sessionId":"0173da","runId":"post-fix","timestamp":1783913472062,"hypothesisId":"L2","location":"dataplane_wan.c:reassemble_l2","message":"l2_reassemble_pending","data":{"pkt_id":2025,"frag_idx":0,"nd":1465}}
{"sessionId":"0173da","runId":"post-fix","timestamp":1783913472062,"hypothesisId":"L2","location":"dataplane_wan.c:reassemble_l2","message":"l2_reassemble_pending","data":{"pkt_id":1398,"frag_idx":0,"nd":1465}}
{"sessionId":"0173da","runId":"post-fix","timestamp":1783913472062,"hypothesisId":"L2","location":"dataplane_wan.c:reassemble_l2","message":"l2_reassemble_pending","data":{"pkt_id":1275,"frag_idx":0,"nd":1465}}
{"sessionId":"0173da","runId":"post-fix","timestamp":1783913472062,"hypothesisId":"L2","location":"dataplane_wan.c:reassemble_l2","message":"l2_reassemble_pending","data":{"pkt_id":1668,"frag_idx":0,"nd":1465}}
{"sessionId":"0173da","runId":"post-fix","timestamp":1783913472062,"hypothesisId":"L2","location":"dataplane_wan.c:reassemble_l2","message":"l2_reassemble_pending","data":{"pkt_id":1685,"frag_idx":0,"nd":1465}}
{"sessionId":"0173da","runId":"post-fix","timestamp":1783913472062,"hypothesisId":"L2","location":"dataplane_wan.c:reassemble_l2","message":"l2_reassemble_pending","data":{"pkt_id":2031,"frag_idx":0,"nd":1465}}
{"sessionId":"0173da","runId":"post-fix","timestamp":1783913472062,"hypothesisId":"L2","location":"dataplane_wan.c:reassemble_l2","message":"l2_reassemble_pending","data":{"pkt_id":1973,"frag_idx":0,"nd":1465}}
{"sessionId":"0173da","runId":"post-fix","timestamp":1783913472062,"hypothesisId":"L2","location":"dataplane_wan.c:reassemble_l2","message":"l2_reassemble_pending","data":{"pkt_id":1403,"frag_idx":0,"nd":1465}}
{"sessionId":"0173da","runId":"post-fix","timestamp":1783913472062,"hypothesisId":"L2","location":"dataplane_wan.c:reassemble_l2","message":"l2_reassemble_pending","data":{"pkt_id":1279,"frag_idx":0,"nd":1465}}
{"sessionId":"0173da","runId":"post-fix","timestamp":1783913472062,"hypothesisId":"L2","location":"dataplane_wan.c:reassemble_l2","message":"l2_reassemble_pending","data":{"pkt_id":1688,"frag_idx":0,"nd":1465}}
{"sessionId":"0173da","runId":"post-fix","timestamp":1783913472063,"hypothesisId":"L2","location":"dataplane_wan.c:reassemble_l2","message":"l2_reassemble_pending","data":{"pkt_id":2035,"frag_idx":0,"nd":1465}}
{"sessionId":"0173da","runId":"post-fix","timestamp":1783913472063,"hypothesisId":"L2","location":"dataplane_wan.c:reassemble_l2","message":"l2_reassemble_pending","data":{"pkt_id":1670,"frag_idx":0,"nd":1465}}
{"sessionId":"0173da","runId":"post-fix","timestamp":1783913472063,"hypothesisId":"L2","location":"dataplane_wan.c:reassemble_l2","message":"l2_reassemble_pending","data":{"pkt_id":1979,"frag_idx":0,"nd":1465}}
{"sessionId":"0173da","runId":"post-fix","timestamp":1783913472063,"hypothesisId":"L2","location":"dataplane_wan.c:reassemble_l2","message":"l2_reassemble_pending","data":{"pkt_id":1409,"frag_idx":0,"nd":1465}}
{"sessionId":"0173da","runId":"post-fix","timestamp":1783913472063,"hypothesisId":"L2","location":"dataplane_wan.c:reassemble_l2","message":"l2_reassemble_pending","data":{"pkt_id":1294,"frag_idx":0,"nd":1465}}
{"sessionId":"0173da","runId":"post-fix","timestamp":1783913472063,"hypothesisId":"L2","location":"dataplane_wan.c:reassemble_l2","message":"l2_reassemble_pending","data":{"pkt_id":1690,"frag_idx":0,"nd":1465}}
{"sessionId":"0173da","runId":"post-fix","timestamp":1783913472063,"hypothesisId":"L2","location":"dataplane_wan.c:reassemble_l2","message":"l2_reassemble_pending","data":{"pkt_id":2038,"frag_idx":0,"nd":1465}}
{"sessionId":"0173da","runId":"post-fix","timestamp":1783913472063,"hypothesisId":"L2","location":"dataplane_wan.c:reassemble_l2","message":"l2_reassemble_pending","data":{"pkt_id":1674,"frag_idx":0,"nd":1465}}
{"sessionId":"0173da","runId":"post-fix","timestamp":1783913472063,"hypothesisId":"L2","location":"dataplane_wan.c:reassemble_l2","message":"l2_reassemble_pending","data":{"pkt_id":1984,"frag_idx":0,"nd":1465}}
{"sessionId":"0173da","runId":"post-fix","timestamp":1783913472063,"hypothesisId":"L2","location":"dataplane_wan.c:reassemble_l2","message":"l2_reassemble_pending","data":{"pkt_id":1413,"frag_idx":0,"nd":1465}}
{"sessionId":"0173da","runId":"post-fix","timestamp":1783913472063,"hypothesisId":"L2","location":"dataplane_wan.c:reassemble_l2","message":"l2_reassemble_pending","data":{"pkt_id":2040,"frag_idx":0,"nd":1465}}
{"sessionId":"0173da","runId":"post-fix","timestamp":1783913472063,"hypothesisId":"L2","location":"dataplane_wan.c:reassemble_l2","message":"l2_reassemble_pending","data":{"pkt_id":1694,"frag_idx":0,"nd":1465}}
{"sessionId":"0173da","runId":"post-fix","timestamp":1783913472063,"hypothesisId":"L2","location":"dataplane_wan.c:reassemble_l2","message":"l2_reassemble_pending","data":{"pkt_id":1298,"frag_idx":0,"nd":1465}}
{"sessionId":"0173da","runId":"post-fix","timestamp":1783913472063,"hypothesisId":"L2","location":"dataplane_wan.c:reassemble_l2","message":"l2_reassemble_pending","data":{"pkt_id":1676,"frag_idx":0,"nd":1465}}
{"sessionId":"0173da","runId":"post-fix","timestamp":1783913472063,"hypothesisId":"L2","location":"dataplane_wan.c:reassemble_l2","message":"l2_reassemble_pending","data":{"pkt_id":1947,"frag_idx":0,"nd":1465}}
{"sessionId":"0173da","runId":"post-fix","timestamp":1783913472063,"hypothesisId":"L2","location":"dataplane_wan.c:reassemble_l2","message":"l2_reassemble_pending","data":{"pkt_id":1416,"frag_idx":0,"nd":1465}}
{"sessionId":"0173da","runId":"post-fix","timestamp":1783913472063,"hypothesisId":"L2","location":"dataplane_wan.c:reassemble_l2","message":"l2_reassemble_pending","data":{"pkt_id":2044,"frag_idx":0,"nd":1465}}
{"sessionId":"0173da","runId":"post-fix","timestamp":1783913472063,"hypothesisId":"L2","location":"dataplane_wan.c:reassemble_l2","message":"l2_reassemble_pending","data":{"pkt_id":1700,"frag_idx":0,"nd":1465}}
{"sessionId":"0173da","runId":"post-fix","timestamp":1783913472063,"hypothesisId":"L2","location":"dataplane_wan.c:reassemble_l2","message":"l2_reassemble_pending","data":{"pkt_id":1302,"frag_idx":0,"nd":1465}}
{"sessionId":"0173da","runId":"post-fix","timestamp":1783913472063,"hypothesisId":"L2","location":"dataplane_wan.c:reassemble_l2","message":"l2_reassemble_pending","data":{"pkt_id":1419,"frag_idx":0,"nd":1465}}
{"sessionId":"0173da","runId":"post-fix","timestamp":1783913472063,"hypothesisId":"L2","location":"dataplane_wan.c:reassemble_l2","message":"l2_reassemble_pending","data":{"pkt_id":1951,"frag_idx":0,"nd":1465}}
{"sessionId":"0173da","runId":"post-fix","timestamp":1783913472063,"hypothesisId":"L2","location":"dataplane_wan.c:reassemble_l2","message":"l2_reassemble_pending","data":{"pkt_id":1687,"frag_idx":0,"nd":1465}}
{"sessionId":"0173da","runId":"post-fix","timestamp":1783913472063,"hypothesisId":"L2","location":"dataplane_wan.c:reassemble_l2","message":"l2_reassemble_pending","data":{"pkt_id":2059,"frag_idx":0,"nd":1465}}
{"sessionId":"0173da","runId":"post-fix","timestamp":1783913472063,"hypothesisId":"L2","location":"dataplane_wan.c:reassemble_l2","message":"l2_reassemble_pending","data":{"pkt_id":1680,"frag_idx":0,"nd":1465}}
{"sessionId":"0173da","runId":"post-fix","timestamp":1783913472063,"hypothesisId":"L2","location":"dataplane_wan.c:reassemble_l2","message":"l2_reassemble_pending","data":{"pkt_id":1315,"frag_idx":0,"nd":1465}}
{"sessionId":"0173da","runId":"post-fix","timestamp":1783913472063,"hypothesisId":"L2","location":"dataplane_wan.c:reassemble_l2","message":"l2_reassemble_pending","data":{"pkt_id":1709,"frag_idx":0,"nd":1465}}
{"sessionId":"0173da","runId":"post-fix","timestamp":1783913472063,"hypothesisId":"L2","location":"dataplane_wan.c:reassemble_l2","message":"l2_reassemble_pending","data":{"pkt_id":1695,"frag_idx":0,"nd":1465}}
{"sessionId":"0173da","runId":"post-fix","timestamp":1783913472063,"hypothesisId":"L2","location":"dataplane_wan.c:reassemble_l2","message":"l2_reassemble_pending","data":{"pkt_id":1424,"frag_idx":0,"nd":1465}}
{"sessionId":"0173da","runId":"post-fix","timestamp":1783913472063,"hypothesisId":"L2","location":"dataplane_wan.c:reassemble_l2","message":"l2_reassemble_pending","data":{"pkt_id":2060,"frag_idx":0,"nd":1465}}
{"sessionId":"0173da","runId":"post-fix","timestamp":1783913472063,"hypothesisId":"L2","location":"dataplane_wan.c:reassemble_l2","message":"l2_reassemble_pending","data":{"pkt_id":1986,"frag_idx":0,"nd":1465}}
{"sessionId":"0173da","runId":"post-fix","timestamp":1783913472063,"hypothesisId":"L2","location":"dataplane_wan.c:reassemble_l2","message":"l2_reassemble_pending","data":{"pkt_id":1319,"frag_idx":0,"nd":1465}}
{"sessionId":"0173da","runId":"post-fix","timestamp":1783913472063,"hypothesisId":"L2","location":"dataplane_wan.c:reassemble_l2","message":"l2_reassemble_pending","data":{"pkt_id":1679,"frag_idx":0,"nd":1465}}
{"sessionId":"0173da","runId":"post-fix","timestamp":1783913472063,"hypothesisId":"L2","location":"dataplane_wan.c:reassemble_l2","message":"l2_reassemble_pending","data":{"pkt_id":1714,"frag_idx":0,"nd":1465}}
{"sessionId":"0173da","runId":"post-fix","timestamp":1783913472063,"hypothesisId":"L2","location":"dataplane_wan.c:reassemble_l2","message":"l2_reassemble_pending","data":{"pkt_id":1431,"frag_idx":0,"nd":1465}}
{"sessionId":"0173da","runId":"post-fix","timestamp":1783913472063,"hypothesisId":"L2","location":"dataplane_wan.c:reassemble_l2","message":"l2_reassemble_pending","data":{"pkt_id":2064,"frag_idx":0,"nd":1465}}
{"sessionId":"0173da","runId":"post-fix","timestamp":1783913472063,"hypothesisId":"L2","location":"dataplane_wan.c:reassemble_l2","message":"l2_reassemble_pending","data":{"pkt_id":1988,"frag_idx":0,"nd":1465}}
{"sessionId":"0173da","runId":"post-fix","timestamp":1783913472063,"hypothesisId":"L2","location":"dataplane_wan.c:reassemble_l2","message":"l2_reassemble_pending","data":{"pkt_id":1323,"frag_idx":0,"nd":1465}}
{"sessionId":"0173da","runId":"post-fix","timestamp":1783913472063,"hypothesisId":"L2","location":"dataplane_wan.c:reassemble_l2","message":"l2_reassemble_pending","data":{"pkt_id":1707,"frag_idx":0,"nd":1465}}
{"sessionId":"0173da","runId":"post-fix","timestamp":1783913472063,"hypothesisId":"L2","location":"dataplane_wan.c:reassemble_l2","message":"l2_reassemble_pending","data":{"pkt_id":1990,"frag_idx":0,"nd":1465}}
{"sessionId":"0173da","runId":"post-fix","timestamp":1783913472063,"hypothesisId":"L2","location":"dataplane_wan.c:reassemble_l2","message":"l2_reassemble_pending","data":{"pkt_id":1705,"frag_idx":0,"nd":1465}}
{"sessionId":"0173da","runId":"post-fix","timestamp":1783913472063,"hypothesisId":"L2","location":"dataplane_wan.c:reassemble_l2","message":"l2_reassemble_pending","data":{"pkt_id":2073,"frag_idx":0,"nd":1465}}
{"sessionId":"0173da","runId":"post-fix","timestamp":1783913472063,"hypothesisId":"L2","location":"dataplane_wan.c:reassemble_l2","message":"l2_reassemble_pending","data":{"pkt_id":1433,"frag_idx":0,"nd":1465}}
{"sessionId":"0173da","runId":"post-fix","timestamp":1783913472063,"hypothesisId":"L2","location":"dataplane_wan.c:reassemble_l2","message":"l2_reassemble_pending","data":{"pkt_id":1326,"frag_idx":0,"nd":1465}}
{"sessionId":"0173da","runId":"post-fix","timestamp":1783913472063,"hypothesisId":"L2","location":"dataplane_wan.c:reassemble_l2","message":"l2_reassemble_pending","data":{"pkt_id":1716,"frag_idx":0,"nd":1465}}
{"sessionId":"0173da","runId":"post-fix","timestamp":1783913472063,"hypothesisId":"L2","location":"dataplane_wan.c:reassemble_l2","message":"l2_reassemble_pending","data":{"pkt_id":1991,"frag_idx":0,"nd":1465}}
{"sessionId":"0173da","runId":"post-fix","timestamp":1783913472063,"hypothesisId":"L2","location":"dataplane_wan.c:reassemble_l2","message":"l2_reassemble_pending","data":{"pkt_id":2080,"frag_idx":0,"nd":1465}}
{"sessionId":"0173da","runId":"post-fix","timestamp":1783913472063,"hypothesisId":"L2","location":"dataplane_wan.c:reassemble_l2","message":"l2_reassemble_pending","data":{"pkt_id":1720,"frag_idx":0,"nd":1465}}
{"sessionId":"0173da","runId":"post-fix","timestamp":1783913472063,"hypothesisId":"L2","location":"dataplane_wan.c:reassemble_l2","message":"l2_reassemble_pending","data":{"pkt_id":1438,"frag_idx":0,"nd":1465}}
{"sessionId":"0173da","runId":"post-fix","timestamp":1783913472063,"hypothesisId":"L2","location":"dataplane_wan.c:reassemble_l2","message":"l2_reassemble_pending","data":{"pkt_id":1306,"frag_idx":0,"nd":1465}}
{"sessionId":"0173da","runId":"post-fix","timestamp":1783913472063,"hypothesisId":"L2","location":"dataplane_wan.c:reassemble_l2","message":"l2_reassemble_pending","data":{"pkt_id":1692,"frag_idx":0,"nd":1465}}
{"sessionId":"0173da","runId":"post-fix","timestamp":1783913472063,"hypothesisId":"L2","location":"dataplane_wan.c:reassemble_l2","message":"l2_reassemble_pending","data":{"pkt_id":2009,"frag_idx":0,"nd":1465}}
{"sessionId":"0173da","runId":"post-fix","timestamp":1783913472063,"hypothesisId":"L2","location":"dataplane_wan.c:reassemble_l2","message":"l2_reassemble_pending","data":{"pkt_id":2085,"frag_idx":0,"nd":1465}}
{"sessionId":"0173da","runId":"post-fix","timestamp":1783913472063,"hypothesisId":"L2","location":"dataplane_wan.c:reassemble_l2","message":"l2_reassemble_pending","data":{"pkt_id":1723,"frag_idx":0,"nd":1465}}
{"sessionId":"0173da","runId":"post-fix","timestamp":1783913472063,"hypothesisId":"L2","location":"dataplane_wan.c:reassemble_l2","message":"l2_reassemble_pending","data":{"pkt_id":1441,"frag_idx":0,"nd":1465}}
{"sessionId":"0173da","runId":"post-fix","timestamp":1783913472063,"hypothesisId":"L2","location":"dataplane_wan.c:reassemble_l2","message":"l2_reassemble_pending","data":{"pkt_id":1334,"frag_idx":0,"nd":1465}}
{"sessionId":"0173da","runId":"post-fix","timestamp":1783913472063,"hypothesisId":"L2","location":"dataplane_wan.c:reassemble_l2","message":"l2_reassemble_pending","data":{"pkt_id":1696,"frag_idx":0,"nd":1465}}
{"sessionId":"0173da","runId":"post-fix","timestamp":1783913472063,"hypothesisId":"L2","location":"dataplane_wan.c:reassemble_l2","message":"l2_reassemble_pending","data":{"pkt_id":1994,"frag_idx":0,"nd":1465}}
{"sessionId":"0173da","runId":"post-fix","timestamp":1783913472063,"hypothesisId":"L2","location":"dataplane_wan.c:reassemble_l2","message":"l2_reassemble_pending","data":{"pkt_id":2109,"frag_idx":0,"nd":1465}}
{"sessionId":"0173da","runId":"post-fix","timestamp":1783913472063,"hypothesisId":"L2","location":"dataplane_wan.c:reassemble_l2","message":"l2_reassemble_pending","data":{"pkt_id":1427,"frag_idx":0,"nd":1465}}
{"sessionId":"0173da","runId":"post-fix","timestamp":1783913472063,"hypothesisId":"L2","location":"dataplane_wan.c:reassemble_l2","message":"l2_reassemble_pending","data":{"pkt_id":1725,"frag_idx":0,"nd":1465}}
{"sessionId":"0173da","runId":"post-fix","timestamp":1783913472063,"hypothesisId":"L2","location":"dataplane_wan.c:reassemble_l2","message":"l2_reassemble_pending","data":{"pkt_id":1736,"frag_idx":0,"nd":1465}}
{"sessionId":"0173da","runId":"post-fix","timestamp":1783913472063,"hypothesisId":"L2","location":"dataplane_wan.c:reassemble_l2","message":"l2_reassemble_pending","data":{"pkt_id":1996,"frag_idx":0,"nd":1465}}
{"sessionId":"0173da","runId":"post-fix","timestamp":1783913472063,"hypothesisId":"L2","location":"dataplane_wan.c:reassemble_l2","message":"l2_reassemble_pending","data":{"pkt_id":1335,"frag_idx":0,"nd":1465}}
{"sessionId":"0173da","runId":"post-fix","timestamp":1783913472063,"hypothesisId":"L2","location":"dataplane_wan.c:reassemble_l2","message":"l2_reassemble_pending","data":{"pkt_id":2112,"frag_idx":0,"nd":1465}}
{"sessionId":"0173da","runId":"post-fix","timestamp":1783913472063,"hypothesisId":"L2","location":"dataplane_wan.c:reassemble_l2","message":"l2_reassemble_pending","data":{"pkt_id":1711,"frag_idx":0,"nd":1465}}
{"sessionId":"0173da","runId":"post-fix","timestamp":1783913472063,"hypothesisId":"L2","location":"dataplane_wan.c:reassemble_l2","message":"l2_reassemble_pending","data":{"pkt_id":1442,"frag_idx":0,"nd":1465}}
{"sessionId":"0173da","runId":"post-fix","timestamp":1783913472063,"hypothesisId":"L2","location":"dataplane_wan.c:reassemble_l2","message":"l2_reassemble_pending","data":{"pkt_id":1726,"frag_idx":0,"nd":1465}}
{"sessionId":"0173da","runId":"post-fix","timestamp":1783913472063,"hypothesisId":"L2","location":"dataplane_wan.c:reassemble_l2","message":"l2_reassemble_pending","data":{"pkt_id":1328,"frag_idx":0,"nd":1465}}
{"sessionId":"0173da","runId":"post-fix","timestamp":1783913472063,"hypothesisId":"L2","location":"dataplane_wan.c:reassemble_l2","message":"l2_reassemble_pending","data":{"pkt_id":2151,"frag_idx":0,"nd":1465}}
{"sessionId":"0173da","runId":"post-fix","timestamp":1783913472063,"hypothesisId":"L2","location":"dataplane_wan.c:reassemble_l2","message":"l2_reassemble_pending","data":{"pkt_id":1998,"frag_idx":0,"nd":1465}}
{"sessionId":"0173da","runId":"post-fix","timestamp":1783913472063,"hypothesisId":"L2","location":"dataplane_wan.c:reassemble_l2","message":"l2_reassemble_pending","data":{"pkt_id":1719,"frag_idx":0,"nd":1465}}
{"sessionId":"0173da","runId":"post-fix","timestamp":1783913472063,"hypothesisId":"L2","location":"dataplane_wan.c:reassemble_l2","message":"l2_reassemble_pending","data":{"pkt_id":1445,"frag_idx":0,"nd":1465}}
{"sessionId":"0173da","runId":"post-fix","timestamp":1783913472063,"hypothesisId":"L2","location":"dataplane_wan.c:reassemble_l2","message":"l2_reassemble_pending","data":{"pkt_id":1731,"frag_idx":0,"nd":1465}}
{"sessionId":"0173da","runId":"post-fix","timestamp":1783913472063,"hypothesisId":"L2","location":"dataplane_wan.c:reassemble_l2","message":"l2_reassemble_pending","data":{"pkt_id":1331,"frag_idx":0,"nd":1465}}
{"sessionId":"0173da","runId":"post-fix","timestamp":1783913472063,"hypothesisId":"L2","location":"dataplane_wan.c:reassemble_l2","message":"l2_reassemble_pending","data":{"pkt_id":1999,"frag_idx":0,"nd":1465}}
{"sessionId":"0173da","runId":"post-fix","timestamp":1783913472063,"hypothesisId":"L2","location":"dataplane_wan.c:reassemble_l2","message":"l2_reassemble_pending","data":{"pkt_id":2138,"frag_idx":0,"nd":1465}}
{"sessionId":"0173da","runId":"post-fix","timestamp":1783913472063,"hypothesisId":"L2","location":"dataplane_wan.c:reassemble_l2","message":"l2_reassemble_pending","data":{"pkt_id":1728,"frag_idx":0,"nd":1465}}
{"sessionId":"0173da","runId":"post-fix","timestamp":1783913472063,"hypothesisId":"L2","location":"dataplane_wan.c:reassemble_l2","message":"l2_reassemble_pending","data":{"pkt_id":1738,"frag_idx":0,"nd":1465}}
{"sessionId":"0173da","runId":"post-fix","timestamp":1783913472063,"hypothesisId":"L2","location":"dataplane_wan.c:reassemble_l2","message":"l2_reassemble_pending","data":{"pkt_id":1446,"frag_idx":0,"nd":1465}}
{"sessionId":"0173da","runId":"post-fix","timestamp":1783913472063,"hypothesisId":"L2","location":"dataplane_wan.c:reassemble_l2","message":"l2_reassemble_pending","data":{"pkt_id":1337,"frag_idx":0,"nd":1465}}
{"sessionId":"0173da","runId":"post-fix","timestamp":1783913472063,"hypothesisId":"L2","location":"dataplane_wan.c:reassemble_l2","message":"l2_reassemble_pending","data":{"pkt_id":2142,"frag_idx":0,"nd":1465}}
{"sessionId":"0173da","runId":"post-fix","timestamp":1783913472063,"hypothesisId":"L2","location":"dataplane_wan.c:reassemble_l2","message":"l2_reassemble_pending","data":{"pkt_id":2014,"frag_idx":0,"nd":1465}}
{"sessionId":"0173da","runId":"post-fix","timestamp":1783913472063,"hypothesisId":"L2","location":"dataplane_wan.c:reassemble_l2","message":"l2_reassemble_pending","data":{"pkt_id":1727,"frag_idx":0,"nd":1465}}
{"sessionId":"0173da","runId":"post-fix","timestamp":1783913472063,"hypothesisId":"L2","location":"dataplane_wan.c:reassemble_l2","message":"l2_reassemble_pending","data":{"pkt_id":1448,"frag_idx":0,"nd":1465}}
{"sessionId":"0173da","runId":"post-fix","timestamp":1783913472063,"hypothesisId":"L2","location":"dataplane_wan.c:reassemble_l2","message":"l2_reassemble_pending","data":{"pkt_id":2147,"frag_idx":0,"nd":1465}}
{"sessionId":"0173da","runId":"post-fix","timestamp":1783913472063,"hypothesisId":"L2","location":"dataplane_wan.c:reassemble_l2","message":"l2_reassemble_pending","data":{"pkt_id":1734,"frag_idx":0,"nd":1465}}
{"sessionId":"0173da","runId":"post-fix","timestamp":1783913472063,"hypothesisId":"L2","location":"dataplane_wan.c:reassemble_l2","message":"l2_reassemble_pending","data":{"pkt_id":2042,"frag_idx":0,"nd":1465}}
{"sessionId":"0173da","runId":"post-fix","timestamp":1783913472063,"hypothesisId":"L2","location":"dataplane_wan.c:reassemble_l2","message":"l2_reassemble_pending","data":{"pkt_id":1340,"frag_idx":0,"nd":1465}}
{"sessionId":"0173da","runId":"post-fix","timestamp":1783913472063,"hypothesisId":"L2","location":"dataplane_wan.c:dataplane_process_wan","message":"wan_l2_forward_ok","data":{"wire_in":98,"plain_len":1514,"n":2048}}
{"sessionId":"0173da","runId":"post-fix","timestamp":1783913472063,"hypothesisId":"L2","location":"dataplane_wan.c:reassemble_l2","message":"l2_reassemble_pending","data":{"pkt_id":1733,"frag_idx":0,"nd":1465}}
{"sessionId":"0173da","runId":"post-fix","timestamp":1783913472063,"hypothesisId":"L2","location":"dataplane_wan.c:reassemble_l2","message":"l2_reassemble_pending","data":{"pkt_id":2174,"frag_idx":0,"nd":1465}}
{"sessionId":"0173da","runId":"post-fix","timestamp":1783913472063,"hypothesisId":"L2","location":"dataplane_wan.c:reassemble_l2","message":"l2_reassemble_pending","data":{"pkt_id":1765,"frag_idx":0,"nd":1465}}
{"sessionId":"0173da","runId":"post-fix","timestamp":1783913472063,"hypothesisId":"L2","location":"dataplane_wan.c:reassemble_l2","message":"l2_reassemble_pending","data":{"pkt_id":1740,"frag_idx":0,"nd":1465}}
{"sessionId":"0173da","runId":"post-fix","timestamp":1783913472063,"hypothesisId":"L2","location":"dataplane_wan.c:reassemble_l2","message":"l2_reassemble_pending","data":{"pkt_id":2045,"frag_idx":0,"nd":1465}}
{"sessionId":"0173da","runId":"post-fix","timestamp":1783913472063,"hypothesisId":"L2","location":"dataplane_wan.c:reassemble_l2","message":"l2_reassemble_pending","data":{"pkt_id":1452,"frag_idx":0,"nd":1465}}
{"sessionId":"0173da","runId":"post-fix","timestamp":1783913472063,"hypothesisId":"L2","location":"dataplane_wan.c:reassemble_l2","message":"l2_reassemble_pending","data":{"pkt_id":1341,"frag_idx":0,"nd":1465}}
{"sessionId":"0173da","runId":"post-fix","timestamp":1783913472063,"hypothesisId":"L2","location":"dataplane_wan.c:reassemble_l2","message":"l2_reassemble_pending","data":{"pkt_id":2177,"frag_idx":0,"nd":1465}}
{"sessionId":"0173da","runId":"post-fix","timestamp":1783913472064,"hypothesisId":"L2","location":"dataplane_wan.c:reassemble_l2","message":"l2_reassemble_pending","data":{"pkt_id":1769,"frag_idx":0,"nd":1465}}
{"sessionId":"0173da","runId":"post-fix","timestamp":1783913472064,"hypothesisId":"L2","location":"dataplane_wan.c:reassemble_l2","message":"l2_reassemble_pending","data":{"pkt_id":2020,"frag_idx":0,"nd":1465}}
{"sessionId":"0173da","runId":"post-fix","timestamp":1783913472064,"hypothesisId":"L2","location":"dataplane_wan.c:reassemble_l2","message":"l2_reassemble_pending","data":{"pkt_id":1456,"frag_idx":0,"nd":1465}}
{"sessionId":"0173da","runId":"post-fix","timestamp":1783913472064,"hypothesisId":"L2","location":"dataplane_wan.c:reassemble_l2","message":"l2_reassemble_pending","data":{"pkt_id":1743,"frag_idx":0,"nd":1465}}
{"sessionId":"0173da","runId":"post-fix","timestamp":1783913472064,"hypothesisId":"L2","location":"dataplane_wan.c:reassemble_l2","message":"l2_reassemble_pending","data":{"pkt_id":1343,"frag_idx":0,"nd":1465}}
{"sessionId":"0173da","runId":"post-fix","timestamp":1783913472064,"hypothesisId":"L2","location":"dataplane_wan.c:reassemble_l2","message":"l2_reassemble_pending","data":{"pkt_id":2179,"frag_idx":0,"nd":1465}}
{"sessionId":"0173da","runId":"post-fix","timestamp":1783913472064,"hypothesisId":"L2","location":"dataplane_wan.c:reassemble_l2","message":"l2_reassemble_pending","data":{"pkt_id":1746,"frag_idx":0,"nd":1465}}
{"sessionId":"0173da","runId":"post-fix","timestamp":1783913472064,"hypothesisId":"L2","location":"dataplane_wan.c:reassemble_l2","message":"l2_reassemble_pending","data":{"pkt_id":1781,"frag_idx":0,"nd":1465}}
{"sessionId":"0173da","runId":"post-fix","timestamp":1783913472064,"hypothesisId":"L2","location":"dataplane_wan.c:reassemble_l2","message":"l2_reassemble_pending","data":{"pkt_id":2026,"frag_idx":0,"nd":1465}}
{"sessionId":"0173da","runId":"post-fix","timestamp":1783913472064,"hypothesisId":"L2","location":"dataplane_wan.c:reassemble_l2","message":"l2_reassemble_pending","data":{"pkt_id":2154,"frag_idx":0,"nd":1465}}
{"sessionId":"0173da","runId":"post-fix","timestamp":1783913472064,"hypothesisId":"L2","location":"dataplane_wan.c:reassemble_l2","message":"l2_reassemble_pending","data":{"pkt_id":1462,"frag_idx":0,"nd":1465}}
{"sessionId":"0173da","runId":"post-fix","timestamp":1783913472064,"hypothesisId":"L2","location":"dataplane_wan.c:reassemble_l2","message":"l2_reassemble_pending","data":{"pkt_id":1344,"frag_idx":0,"nd":1465}}
{"sessionId":"0173da","runId":"post-fix","timestamp":1783913472064,"hypothesisId":"L2","location":"dataplane_wan.c:reassemble_l2","message":"l2_reassemble_pending","data":{"pkt_id":1777,"frag_idx":0,"nd":1465}}
{"sessionId":"0173da","runId":"post-fix","timestamp":1783913472064,"hypothesisId":"L2","location":"dataplane_wan.c:reassemble_l2","message":"l2_reassemble_pending","data":{"pkt_id":1751,"frag_idx":0,"nd":1465}}
{"sessionId":"0173da","runId":"post-fix","timestamp":1783913472064,"hypothesisId":"L2","location":"dataplane_wan.c:reassemble_l2","message":"l2_reassemble_pending","data":{"pkt_id":2160,"frag_idx":0,"nd":1465}}
{"sessionId":"0173da","runId":"post-fix","timestamp":1783913472064,"hypothesisId":"L2","location":"dataplane_wan.c:reassemble_l2","message":"l2_reassemble_pending","data":{"pkt_id":1466,"frag_idx":0,"nd":1465}}
{"sessionId":"0173da","runId":"post-fix","timestamp":1783913472064,"hypothesisId":"L2","location":"dataplane_wan.c:reassemble_l2","message":"l2_reassemble_pending","data":{"pkt_id":2034,"frag_idx":0,"nd":1465}}
{"sessionId":"0173da","runId":"post-fix","timestamp":1783913472064,"hypothesisId":"L2","location":"dataplane_wan.c:reassemble_l2","message":"l2_reassemble_pending","data":{"pkt_id":1351,"frag_idx":0,"nd":1465}}
{"sessionId":"0173da","runId":"post-fix","timestamp":1783913472064,"hypothesisId":"L2","location":"dataplane_wan.c:reassemble_l2","message":"l2_reassemble_pending","data":{"pkt_id":1785,"frag_idx":0,"nd":1465}}
{"sessionId":"0173da","runId":"post-fix","timestamp":1783913472064,"hypothesisId":"L2","location":"dataplane_wan.c:reassemble_l2","message":"l2_reassemble_pending","data":{"pkt_id":1749,"frag_idx":0,"nd":1465}}
{"sessionId":"0173da","runId":"post-fix","timestamp":1783913472064,"hypothesisId":"L2","location":"dataplane_wan.c:reassemble_l2","message":"l2_reassemble_pending","data":{"pkt_id":2162,"frag_idx":0,"nd":1465}}
{"sessionId":"0173da","runId":"post-fix","timestamp":1783913472064,"hypothesisId":"L2","location":"dataplane_wan.c:reassemble_l2","message":"l2_reassemble_pending","data":{"pkt_id":1469,"frag_idx":0,"nd":1465}}
{"sessionId":"0173da","runId":"post-fix","timestamp":1783913472064,"hypothesisId":"L2","location":"dataplane_wan.c:reassemble_l2","message":"l2_reassemble_pending","data":{"pkt_id":2056,"frag_idx":0,"nd":1465}}
{"sessionId":"0173da","runId":"post-fix","timestamp":1783913472064,"hypothesisId":"L2","location":"dataplane_wan.c:reassemble_l2","message":"l2_reassemble_pending","data":{"pkt_id":1354,"frag_idx":0,"nd":1465}}
{"sessionId":"0173da","runId":"post-fix","timestamp":1783913472064,"hypothesisId":"L2","location":"dataplane_wan.c:reassemble_l2","message":"l2_reassemble_pending","data":{"pkt_id":1788,"frag_idx":0,"nd":1465}}
{"sessionId":"0173da","runId":"post-fix","timestamp":1783913472064,"hypothesisId":"L2","location":"dataplane_wan.c:reassemble_l2","message":"l2_reassemble_pending","data":{"pkt_id":1473,"frag_idx":0,"nd":1465}}
{"sessionId":"0173da","runId":"post-fix","timestamp":1783913472064,"hypothesisId":"L2","location":"dataplane_wan.c:reassemble_l2","message":"l2_reassemble_pending","data":{"pkt_id":1753,"frag_idx":0,"nd":1465}}
{"sessionId":"0173da","runId":"post-fix","timestamp":1783913472064,"hypothesisId":"L2","location":"dataplane_wan.c:reassemble_l2","message":"l2_reassemble_pending","data":{"pkt_id":2166,"frag_idx":0,"nd":1465}}
{"sessionId":"0173da","runId":"post-fix","timestamp":1783913472064,"hypothesisId":"L2","location":"dataplane_wan.c:reassemble_l2","message":"l2_reassemble_pending","data":{"pkt_id":2063,"frag_idx":0,"nd":1465}}
{"sessionId":"0173da","runId":"post-fix","timestamp":1783913472064,"hypothesisId":"L2","location":"dataplane_wan.c:reassemble_l2","message":"l2_reassemble_pending","data":{"pkt_id":1790,"frag_idx":0,"nd":1465}}
{"sessionId":"0173da","runId":"post-fix","timestamp":1783913472064,"hypothesisId":"L2","location":"dataplane_wan.c:reassemble_l2","message":"l2_reassemble_pending","data":{"pkt_id":1356,"frag_idx":0,"nd":1465}}
{"sessionId":"0173da","runId":"post-fix","timestamp":1783913472064,"hypothesisId":"L2","location":"dataplane_wan.c:reassemble_l2","message":"l2_reassemble_pending","data":{"pkt_id":1478,"frag_idx":0,"nd":1465}}
{"sessionId":"0173da","runId":"post-fix","timestamp":1783913472064,"hypothesisId":"L2","location":"dataplane_wan.c:reassemble_l2","message":"l2_reassemble_pending","data":{"pkt_id":2181,"frag_idx":0,"nd":1465}}
{"sessionId":"0173da","runId":"post-fix","timestamp":1783913472064,"hypothesisId":"L2","location":"dataplane_wan.c:reassemble_l2","message":"l2_reassemble_pending","data":{"pkt_id":2067,"frag_idx":0,"nd":1465}}
{"sessionId":"0173da","runId":"post-fix","timestamp":1783913472064,"hypothesisId":"L2","location":"dataplane_wan.c:reassemble_l2","message":"l2_reassemble_pending","data":{"pkt_id":1755,"frag_idx":0,"nd":1465}}
{"sessionId":"0173da","runId":"post-fix","timestamp":1783913472064,"hypothesisId":"L2","location":"dataplane_wan.c:reassemble_l2","message":"l2_reassemble_pending","data":{"pkt_id":1359,"frag_idx":0,"nd":1465}}
{"sessionId":"0173da","runId":"post-fix","timestamp":1783913472064,"hypothesisId":"L2","location":"dataplane_wan.c:reassemble_l2","message":"l2_reassemble_pending","data":{"pkt_id":1793,"frag_idx":0,"nd":1465}}
{"sessionId":"0173da","runId":"post-fix","timestamp":1783913472064,"hypothesisId":"L2","location":"dataplane_wan.c:reassemble_l2","message":"l2_reassemble_pending","data":{"pkt_id":1480,"frag_idx":0,"nd":1465}}
{"sessionId":"0173da","runId":"post-fix","timestamp":1783913472064,"hypothesisId":"L2","location":"dataplane_wan.c:reassemble_l2","message":"l2_reassemble_pending","data":{"pkt_id":2187,"frag_idx":0,"nd":1465}}
{"sessionId":"0173da","runId":"post-fix","timestamp":1783913472064,"hypothesisId":"L2","location":"dataplane_wan.c:reassemble_l2","message":"l2_reassemble_pending","data":{"pkt_id":2069,"frag_idx":0,"nd":1465}}
{"sessionId":"0173da","runId":"post-fix","timestamp":1783913472064,"hypothesisId":"L2","location":"dataplane_wan.c:reassemble_l2","message":"l2_reassemble_pending","data":{"pkt_id":1756,"frag_idx":0,"nd":1465}}
{"sessionId":"0173da","runId":"post-fix","timestamp":1783913472064,"hypothesisId":"L2","location":"dataplane_wan.c:reassemble_l2","message":"l2_reassemble_pending","data":{"pkt_id":1796,"frag_idx":0,"nd":1465}}
{"sessionId":"0173da","runId":"post-fix","timestamp":1783913472064,"hypothesisId":"L2","location":"dataplane_wan.c:reassemble_l2","message":"l2_reassemble_pending","data":{"pkt_id":1483,"frag_idx":0,"nd":1465}}
{"sessionId":"0173da","runId":"post-fix","timestamp":1783913472064,"hypothesisId":"L2","location":"dataplane_wan.c:reassemble_l2","message":"l2_reassemble_pending","data":{"pkt_id":2192,"frag_idx":0,"nd":1465}}
{"sessionId":"0173da","runId":"post-fix","timestamp":1783913472064,"hypothesisId":"L2","location":"dataplane_wan.c:reassemble_l2","message":"l2_reassemble_pending","data":{"pkt_id":1362,"frag_idx":0,"nd":1465}}
{"sessionId":"0173da","runId":"post-fix","timestamp":1783913472064,"hypothesisId":"L2","location":"dataplane_wan.c:reassemble_l2","message":"l2_reassemble_pending","data":{"pkt_id":2075,"frag_idx":0,"nd":1465}}
{"sessionId":"0173da","runId":"post-fix","timestamp":1783913472064,"hypothesisId":"L2","location":"dataplane_wan.c:reassemble_l2","message":"l2_reassemble_pending","data":{"pkt_id":1759,"frag_idx":0,"nd":1465}}
{"sessionId":"0173da","runId":"post-fix","timestamp":1783913472064,"hypothesisId":"L2","location":"dataplane_wan.c:reassemble_l2","message":"l2_reassemble_pending","data":{"pkt_id":1799,"frag_idx":0,"nd":1465}}
{"sessionId":"0173da","runId":"post-fix","timestamp":1783913472064,"hypothesisId":"L2","location":"dataplane_wan.c:dataplane_process_wan","message":"l2_frag_pending_hold","data":{"wire_len":1500,"n":1792}}
{"sessionId":"0173da","runId":"post-fix","timestamp":1783913472064,"hypothesisId":"L2","location":"dataplane_wan.c:reassemble_l2","message":"l2_reassemble_pending","data":{"pkt_id":1495,"frag_idx":0,"nd":1465}}
{"sessionId":"0173da","runId":"post-fix","timestamp":1783913472064,"hypothesisId":"L2","location":"dataplane_wan.c:reassemble_l2","message":"l2_reassemble_join_ok","data":{"pkt_id":2075,"frag_idx":1,"out_len":1514,"n":1792}}
{"sessionId":"0173da","runId":"post-fix","timestamp":1783913472064,"hypothesisId":"L2","location":"dataplane_wan.c:decrypt_wan","message":"l2_frag_reassemble_ok","data":{"wire_in":98,"plain_len":1514,"pkt_id":1362,"n":1792}}
{"sessionId":"0173da","runId":"post-fix","timestamp":1783913472064,"hypothesisId":"L2","location":"dataplane_wan.c:reassemble_l2","message":"l2_reassemble_pending","data":{"pkt_id":1802,"frag_idx":0,"nd":1465}}
{"sessionId":"0173da","runId":"post-fix","timestamp":1783913472064,"hypothesisId":"L2","location":"dataplane_wan.c:reassemble_l2","message":"l2_reassemble_pending","data":{"pkt_id":2084,"frag_idx":0,"nd":1465}}
{"sessionId":"0173da","runId":"post-fix","timestamp":1783913472064,"hypothesisId":"L2","location":"dataplane_wan.c:reassemble_l2","message":"l2_reassemble_pending","data":{"pkt_id":2208,"frag_idx":0,"nd":1465}}
{"sessionId":"0173da","runId":"post-fix","timestamp":1783913472064,"hypothesisId":"L2","location":"dataplane_wan.c:reassemble_l2","message":"l2_reassemble_pending","data":{"pkt_id":1762,"frag_idx":0,"nd":1465}}
{"sessionId":"0173da","runId":"post-fix","timestamp":1783913472064,"hypothesisId":"L2","location":"dataplane_wan.c:reassemble_l2","message":"l2_reassemble_pending","data":{"pkt_id":1500,"frag_idx":0,"nd":1465}}
{"sessionId":"0173da","runId":"post-fix","timestamp":1783913472064,"hypothesisId":"L2","location":"dataplane_wan.c:reassemble_l2","message":"l2_reassemble_pending","data":{"pkt_id":1365,"frag_idx":0,"nd":1465}}
{"sessionId":"0173da","runId":"post-fix","timestamp":1783913472064,"hypothesisId":"L2","location":"dataplane_wan.c:reassemble_l2","message":"l2_reassemble_pending","data":{"pkt_id":1805,"frag_idx":0,"nd":1465}}
{"sessionId":"0173da","runId":"post-fix","timestamp":1783913472064,"hypothesisId":"L2","location":"dataplane_wan.c:reassemble_l2","message":"l2_reassemble_pending","data":{"pkt_id":2102,"frag_idx":0,"nd":1465}}
{"sessionId":"0173da","runId":"post-fix","timestamp":1783913472064,"hypothesisId":"L2","location":"dataplane_wan.c:reassemble_l2","message":"l2_reassemble_pending","data":{"pkt_id":2213,"frag_idx":0,"nd":1465}}
{"sessionId":"0173da","runId":"post-fix","timestamp":1783913472064,"hypothesisId":"L2","location":"dataplane_wan.c:reassemble_l2","message":"l2_reassemble_pending","data":{"pkt_id":1764,"frag_idx":0,"nd":1465}}
{"sessionId":"0173da","runId":"post-fix","timestamp":1783913472064,"hypothesisId":"L2","location":"dataplane_wan.c:reassemble_l2","message":"l2_reassemble_pending","data":{"pkt_id":1505,"frag_idx":0,"nd":1465}}
{"sessionId":"0173da","runId":"post-fix","timestamp":1783913472064,"hypothesisId":"L2","location":"dataplane_wan.c:reassemble_l2","message":"l2_reassemble_pending","data":{"pkt_id":1810,"frag_idx":0,"nd":1465}}
{"sessionId":"0173da","runId":"post-fix","timestamp":1783913472064,"hypothesisId":"L2","location":"dataplane_wan.c:reassemble_l2","message":"l2_reassemble_pending","data":{"pkt_id":1366,"frag_idx":0,"nd":1465}}
{"sessionId":"0173da","runId":"post-fix","timestamp":1783913472064,"hypothesisId":"L2","location":"dataplane_wan.c:reassemble_l2","message":"l2_reassemble_pending","data":{"pkt_id":2215,"frag_idx":0,"nd":1465}}
{"sessionId":"0173da","runId":"post-fix","timestamp":1783913472064,"hypothesisId":"L2","location":"dataplane_wan.c:reassemble_l2","message":"l2_reassemble_pending","data":{"pkt_id":2104,"frag_idx":0,"nd":1465}}
{"sessionId":"0173da","runId":"post-fix","timestamp":1783913472064,"hypothesisId":"L2","location":"dataplane_wan.c:reassemble_l2","message":"l2_reassemble_pending","data":{"pkt_id":1768,"frag_idx":0,"nd":1465}}
{"sessionId":"0173da","runId":"post-fix","timestamp":1783913472064,"hypothesisId":"L2","location":"dataplane_wan.c:reassemble_l2","message":"l2_reassemble_pending","data":{"pkt_id":1513,"frag_idx":0,"nd":1465}}
{"sessionId":"0173da","runId":"post-fix","timestamp":1783913472064,"hypothesisId":"L2","location":"dataplane_wan.c:reassemble_l2","message":"l2_reassemble_pending","data":{"pkt_id":1812,"frag_idx":0,"nd":1465}}
{"sessionId":"0173da","runId":"post-fix","timestamp":1783913472064,"hypothesisId":"L2","location":"dataplane_wan.c:reassemble_l2","message":"l2_reassemble_pending","data":{"pkt_id":1368,"frag_idx":0,"nd":1465}}
{"sessionId":"0173da","runId":"post-fix","timestamp":1783913472064,"hypothesisId":"L2","location":"dataplane_wan.c:reassemble_l2","message":"l2_reassemble_pending","data":{"pkt_id":2106,"frag_idx":0,"nd":1465}}
{"sessionId":"0173da","runId":"post-fix","timestamp":1783913472064,"hypothesisId":"L2","location":"dataplane_wan.c:reassemble_l2","message":"l2_reassemble_pending","data":{"pkt_id":2241,"frag_idx":0,"nd":1465}}
{"sessionId":"0173da","runId":"post-fix","timestamp":1783913472064,"hypothesisId":"L2","location":"dataplane_wan.c:reassemble_l2","message":"l2_reassemble_pending","data":{"pkt_id":1515,"frag_idx":0,"nd":1465}}
{"sessionId":"0173da","runId":"post-fix","timestamp":1783913472064,"hypothesisId":"L2","location":"dataplane_wan.c:reassemble_l2","message":"l2_reassemble_pending","data":{"pkt_id":1772,"frag_idx":0,"nd":1465}}
{"sessionId":"0173da","runId":"post-fix","timestamp":1783913472064,"hypothesisId":"L2","location":"dataplane_wan.c:reassemble_l2","message":"l2_reassemble_pending","data":{"pkt_id":1825,"frag_idx":0,"nd":1465}}
{"sessionId":"0173da","runId":"post-fix","timestamp":1783913472064,"hypothesisId":"L2","location":"dataplane_wan.c:reassemble_l2","message":"l2_reassemble_pending","data":{"pkt_id":1373,"frag_idx":0,"nd":1465}}
{"sessionId":"0173da","runId":"post-fix","timestamp":1783913472064,"hypothesisId":"L2","location":"dataplane_wan.c:reassemble_l2","message":"l2_reassemble_pending","data":{"pkt_id":2108,"frag_idx":0,"nd":1465}}
{"sessionId":"0173da","runId":"post-fix","timestamp":1783913472064,"hypothesisId":"L2","location":"dataplane_wan.c:reassemble_l2","message":"l2_reassemble_pending","data":{"pkt_id":2243,"frag_idx":0,"nd":1465}}
{"sessionId":"0173da","runId":"post-fix","timestamp":1783913472064,"hypothesisId":"L2","location":"dataplane_wan.c:reassemble_l2","message":"l2_reassemble_pending","data":{"pkt_id":1774,"frag_idx":0,"nd":1465}}
{"sessionId":"0173da","runId":"post-fix","timestamp":1783913472064,"hypothesisId":"L2","location":"dataplane_wan.c:reassemble_l2","message":"l2_reassemble_pending","data":{"pkt_id":1830,"frag_idx":0,"nd":1465}}
{"sessionId":"0173da","runId":"post-fix","timestamp":1783913472064,"hypothesisId":"L2","location":"dataplane_wan.c:reassemble_l2","message":"l2_reassemble_pending","data":{"pkt_id":1510,"frag_idx":0,"nd":1465}}
{"sessionId":"0173da","runId":"post-fix","timestamp":1783913472064,"hypothesisId":"L2","location":"dataplane_wan.c:reassemble_l2","message":"l2_reassemble_pending","data":{"pkt_id":1375,"frag_idx":0,"nd":1465}}
{"sessionId":"0173da","runId":"post-fix","timestamp":1783913472064,"hypothesisId":"L2","location":"dataplane_wan.c:reassemble_l2","message":"l2_reassemble_pending","data":{"pkt_id":2087,"frag_idx":0,"nd":1465}}
{"sessionId":"0173da","runId":"post-fix","timestamp":1783913472064,"hypothesisId":"L2","location":"dataplane_wan.c:reassemble_l2","message":"l2_reassemble_pending","data":{"pkt_id":1809,"frag_idx":0,"nd":1465}}
{"sessionId":"0173da","runId":"post-fix","timestamp":1783913472064,"hypothesisId":"L2","location":"dataplane_wan.c:reassemble_l2","message":"l2_reassemble_pending","data":{"pkt_id":2245,"frag_idx":0,"nd":1465}}
{"sessionId":"0173da","runId":"post-fix","timestamp":1783913472064,"hypothesisId":"L2","location":"dataplane_wan.c:reassemble_l2","message":"l2_reassemble_pending","data":{"pkt_id":1840,"frag_idx":0,"nd":1465}}
{"sessionId":"0173da","runId":"post-fix","timestamp":1783913472064,"hypothesisId":"L2","location":"dataplane_wan.c:reassemble_l2","message":"l2_reassemble_pending","data":{"pkt_id":1518,"frag_idx":0,"nd":1465}}
{"sessionId":"0173da","runId":"post-fix","timestamp":1783913472064,"hypothesisId":"L2","location":"dataplane_wan.c:reassemble_l2","message":"l2_reassemble_pending","data":{"pkt_id":1369,"frag_idx":0,"nd":1465}}
{"sessionId":"0173da","runId":"post-fix","timestamp":1783913472064,"hypothesisId":"L2","location":"dataplane_local.c:encrypt_to_wan","message":"encrypt_l2_full_ok","data":{"plain_len":66,"wire_len":96,"mode":1,"n":1024}}
{"sessionId":"0173da","runId":"post-fix","timestamp":1783913472064,"hypothesisId":"L2","location":"dataplane_wan.c:reassemble_l2","message":"l2_reassemble_pending","data":{"pkt_id":2246,"frag_idx":0,"nd":1465}}
{"sessionId":"0173da","runId":"post-fix","timestamp":1783913472064,"hypothesisId":"L2","location":"dataplane_wan.c:reassemble_l2","message":"l2_reassemble_pending","data":{"pkt_id":1521,"frag_idx":0,"nd":1465}}
{"sessionId":"0173da","runId":"post-fix","timestamp":1783913472064,"hypothesisId":"L2","location":"dataplane_wan.c:reassemble_l2","message":"l2_reassemble_pending","data":{"pkt_id":1848,"frag_idx":0,"nd":1465}}
{"sessionId":"0173da","runId":"post-fix","timestamp":1783913472064,"hypothesisId":"L2","location":"dataplane_wan.c:reassemble_l2","message":"l2_reassemble_pending","data":{"pkt_id":2090,"frag_idx":0,"nd":1465}}
{"sessionId":"0173da","runId":"post-fix","timestamp":1783913472064,"hypothesisId":"L2","location":"dataplane_wan.c:reassemble_l2","message":"l2_reassemble_pending","data":{"pkt_id":1377,"frag_idx":0,"nd":1465}}
{"sessionId":"0173da","runId":"post-fix","timestamp":1783913472064,"hypothesisId":"L2","location":"dataplane_wan.c:reassemble_l2","message":"l2_reassemble_pending","data":{"pkt_id":1811,"frag_idx":0,"nd":1465}}
{"sessionId":"0173da","runId":"post-fix","timestamp":1783913472064,"hypothesisId":"L2","location":"dataplane_wan.c:reassemble_l2","message":"l2_reassemble_pending","data":{"pkt_id":2249,"frag_idx":0,"nd":1465}}
{"sessionId":"0173da","runId":"post-fix","timestamp":1783913472064,"hypothesisId":"L2","location":"dataplane_wan.c:reassemble_l2","message":"l2_reassemble_pending","data":{"pkt_id":1524,"frag_idx":0,"nd":1465}}
{"sessionId":"0173da","runId":"post-fix","timestamp":1783913472064,"hypothesisId":"L2","location":"dataplane_wan.c:reassemble_l2","message":"l2_reassemble_pending","data":{"pkt_id":1872,"frag_idx":0,"nd":1465}}
{"sessionId":"0173da","runId":"post-fix","timestamp":1783913472064,"hypothesisId":"L2","location":"dataplane_wan.c:reassemble_l2","message":"l2_reassemble_pending","data":{"pkt_id":2115,"frag_idx":0,"nd":1465}}
{"sessionId":"0173da","runId":"post-fix","timestamp":1783913472064,"hypothesisId":"L2","location":"dataplane_wan.c:reassemble_l2","message":"l2_reassemble_pending","data":{"pkt_id":1378,"frag_idx":0,"nd":1465}}
{"sessionId":"0173da","runId":"post-fix","timestamp":1783913472064,"hypothesisId":"L2","location":"dataplane_wan.c:reassemble_l2","message":"l2_reassemble_pending","data":{"pkt_id":1814,"frag_idx":0,"nd":1465}}
{"sessionId":"0173da","runId":"post-fix","timestamp":1783913472065,"hypothesisId":"L2","location":"dataplane_wan.c:reassemble_l2","message":"l2_reassemble_pending","data":{"pkt_id":1898,"frag_idx":0,"nd":1465}}
{"sessionId":"0173da","runId":"post-fix","timestamp":1783913472065,"hypothesisId":"L2","location":"dataplane_wan.c:reassemble_l2","message":"l2_reassemble_pending","data":{"pkt_id":2254,"frag_idx":0,"nd":1465}}
{"sessionId":"0173da","runId":"post-fix","timestamp":1783913472065,"hypothesisId":"L2","location":"dataplane_wan.c:reassemble_l2","message":"l2_reassemble_pending","data":{"pkt_id":1528,"frag_idx":0,"nd":1465}}
{"sessionId":"0173da","runId":"post-fix","timestamp":1783913472065,"hypothesisId":"L2","location":"dataplane_wan.c:reassemble_l2","message":"l2_reassemble_pending","data":{"pkt_id":1818,"frag_idx":0,"nd":1465}}
{"sessionId":"0173da","runId":"post-fix","timestamp":1783913472065,"hypothesisId":"L2","location":"dataplane_wan.c:reassemble_l2","message":"l2_reassemble_pending","data":{"pkt_id":2127,"frag_idx":0,"nd":1465}}
{"sessionId":"0173da","runId":"post-fix","timestamp":1783913472065,"hypothesisId":"L2","location":"dataplane_wan.c:reassemble_l2","message":"l2_reassemble_pending","data":{"pkt_id":1381,"frag_idx":0,"nd":1465}}
{"sessionId":"0173da","runId":"post-fix","timestamp":1783913472065,"hypothesisId":"L2","location":"dataplane_wan.c:reassemble_l2","message":"l2_reassemble_pending","data":{"pkt_id":2012,"frag_idx":0,"nd":1465}}
{"sessionId":"0173da","runId":"post-fix","timestamp":1783913472065,"hypothesisId":"L2","location":"dataplane_wan.c:reassemble_l2","message":"l2_reassemble_pending","data":{"pkt_id":2259,"frag_idx":0,"nd":1465}}
{"sessionId":"0173da","runId":"post-fix","timestamp":1783913472065,"hypothesisId":"L2","location":"dataplane_wan.c:reassemble_l2","message":"l2_reassemble_pending","data":{"pkt_id":1532,"frag_idx":0,"nd":1465}}
{"sessionId":"0173da","runId":"post-fix","timestamp":1783913472065,"hypothesisId":"L2","location":"dataplane_wan.c:reassemble_l2","message":"l2_reassemble_pending","data":{"pkt_id":2094,"frag_idx":0,"nd":1465}}
{"sessionId":"0173da","runId":"post-fix","timestamp":1783913472065,"hypothesisId":"L2","location":"dataplane_wan.c:reassemble_l2","message":"l2_reassemble_pending","data":{"pkt_id":1797,"frag_idx":0,"nd":1465}}
{"sessionId":"0173da","runId":"post-fix","timestamp":1783913472065,"hypothesisId":"L2","location":"dataplane_wan.c:reassemble_l2","message":"l2_reassemble_pending","data":{"pkt_id":1385,"frag_idx":0,"nd":1465}}
{"sessionId":"0173da","runId":"post-fix","timestamp":1783913472065,"hypothesisId":"L2","location":"dataplane_wan.c:reassemble_l2","message":"l2_reassemble_pending","data":{"pkt_id":2017,"frag_idx":0,"nd":1465}}
{"sessionId":"0173da","runId":"post-fix","timestamp":1783913472065,"hypothesisId":"L2","location":"dataplane_wan.c:reassemble_l2","message":"l2_reassemble_pending","data":{"pkt_id":2268,"frag_idx":0,"nd":1465}}
{"sessionId":"0173da","runId":"post-fix","timestamp":1783913472065,"hypothesisId":"L2","location":"dataplane_wan.c:reassemble_l2","message":"l2_reassemble_pending","data":{"pkt_id":2097,"frag_idx":0,"nd":1465}}
{"sessionId":"0173da","runId":"post-fix","timestamp":1783913472065,"hypothesisId":"L2","location":"dataplane_wan.c:reassemble_l2","message":"l2_reassemble_pending","data":{"pkt_id":1560,"frag_idx":0,"nd":1465}}
{"sessionId":"0173da","runId":"post-fix","timestamp":1783913472065,"hypothesisId":"L2","location":"dataplane_wan.c:reassemble_l2","message":"l2_reassemble_pending","data":{"pkt_id":1801,"frag_idx":0,"nd":1465}}
{"sessionId":"0173da","runId":"post-fix","timestamp":1783913472065,"hypothesisId":"L2","location":"dataplane_wan.c:reassemble_l2","message":"l2_reassemble_pending","data":{"pkt_id":2271,"frag_idx":0,"nd":1465}}
{"sessionId":"0173da","runId":"post-fix","timestamp":1783913472065,"hypothesisId":"L2","location":"dataplane_wan.c:reassemble_l2","message":"l2_reassemble_pending","data":{"pkt_id":2022,"frag_idx":0,"nd":1465}}
{"sessionId":"0173da","runId":"post-fix","timestamp":1783913472065,"hypothesisId":"L2","location":"dataplane_wan.c:reassemble_l2","message":"l2_reassemble_pending","data":{"pkt_id":1387,"frag_idx":0,"nd":1465}}
{"sessionId":"0173da","runId":"post-fix","timestamp":1783913472065,"hypothesisId":"L2","location":"dataplane_wan.c:reassemble_l2","message":"l2_reassemble_pending","data":{"pkt_id":2274,"frag_idx":0,"nd":1465}}
{"sessionId":"0173da","runId":"post-fix","timestamp":1783913472065,"hypothesisId":"L2","location":"dataplane_wan.c:reassemble_l2","message":"l2_reassemble_pending","data":{"pkt_id":1568,"frag_idx":0,"nd":1465}}
{"sessionId":"0173da","runId":"post-fix","timestamp":1783913472065,"hypothesisId":"L2","location":"dataplane_wan.c:reassemble_l2","message":"l2_reassemble_pending","data":{"pkt_id":2101,"frag_idx":0,"nd":1465}}
{"sessionId":"0173da","runId":"post-fix","timestamp":1783913472065,"hypothesisId":"L2","location":"dataplane_wan.c:reassemble_l2","message":"l2_reassemble_pending","data":{"pkt_id":2028,"frag_idx":0,"nd":1465}}
{"sessionId":"0173da","runId":"post-fix","timestamp":1783913472065,"hypothesisId":"L2","location":"dataplane_wan.c:reassemble_l2","message":"l2_reassemble_pending","data":{"pkt_id":1390,"frag_idx":0,"nd":1465}}
{"sessionId":"0173da","runId":"post-fix","timestamp":1783913472065,"hypothesisId":"L2","location":"dataplane_wan.c:reassemble_l2","message":"l2_reassemble_pending","data":{"pkt_id":1804,"frag_idx":0,"nd":1465}}
{"sessionId":"0173da","runId":"post-fix","timestamp":1783913472065,"hypothesisId":"L2","location":"dataplane_wan.c:reassemble_l2","message":"l2_reassemble_pending","data":{"pkt_id":2276,"frag_idx":0,"nd":1465}}
{"sessionId":"0173da","runId":"post-fix","timestamp":1783913472065,"hypothesisId":"L2","location":"dataplane_wan.c:reassemble_l2","message":"l2_reassemble_pending","data":{"pkt_id":1572,"frag_idx":0,"nd":1465}}
{"sessionId":"0173da","runId":"post-fix","timestamp":1783913472065,"hypothesisId":"L2","location":"dataplane_wan.c:reassemble_l2","message":"l2_reassemble_pending","data":{"pkt_id":2043,"frag_idx":0,"nd":1465}}
{"sessionId":"0173da","runId":"post-fix","timestamp":1783913472065,"hypothesisId":"L2","location":"dataplane_wan.c:reassemble_l2","message":"l2_reassemble_pending","data":{"pkt_id":1392,"frag_idx":0,"nd":1465}}
{"sessionId":"0173da","runId":"post-fix","timestamp":1783913472065,"hypothesisId":"L2","location":"dataplane_wan.c:reassemble_l2","message":"l2_reassemble_pending","data":{"pkt_id":2111,"frag_idx":0,"nd":1465}}
{"sessionId":"0173da","runId":"post-fix","timestamp":1783913472065,"hypothesisId":"L2","location":"dataplane_wan.c:reassemble_l2","message":"l2_reassemble_pending","data":{"pkt_id":1807,"frag_idx":0,"nd":1465}}
{"sessionId":"0173da","runId":"post-fix","timestamp":1783913472065,"hypothesisId":"L2","location":"dataplane_wan.c:reassemble_l2","message":"l2_reassemble_pending","data":{"pkt_id":2289,"frag_idx":0,"nd":1465}}
{"sessionId":"0173da","runId":"post-fix","timestamp":1783913472065,"hypothesisId":"L2","location":"dataplane_wan.c:reassemble_l2","message":"l2_reassemble_pending","data":{"pkt_id":1575,"frag_idx":0,"nd":1465}}
{"sessionId":"0173da","runId":"post-fix","timestamp":1783913472065,"hypothesisId":"L2","location":"dataplane_wan.c:reassemble_l2","message":"l2_reassemble_pending","data":{"pkt_id":2158,"frag_idx":0,"nd":1465}}
{"sessionId":"0173da","runId":"post-fix","timestamp":1783913472065,"hypothesisId":"L2","location":"dataplane_wan.c:reassemble_l2","message":"l2_reassemble_pending","data":{"pkt_id":2046,"frag_idx":0,"nd":1465}}
{"sessionId":"0173da","runId":"post-fix","timestamp":1783913472065,"hypothesisId":"L2","location":"dataplane_wan.c:reassemble_l2","message":"l2_reassemble_pending","data":{"pkt_id":1394,"frag_idx":0,"nd":1465}}
{"sessionId":"0173da","runId":"post-fix","timestamp":1783913472065,"hypothesisId":"L2","location":"dataplane_wan.c:reassemble_l2","message":"l2_reassemble_pending","data":{"pkt_id":2292,"frag_idx":0,"nd":1465}}
{"sessionId":"0173da","runId":"post-fix","timestamp":1783913472065,"hypothesisId":"L2","location":"dataplane_wan.c:reassemble_l2","message":"l2_reassemble_pending","data":{"pkt_id":1820,"frag_idx":0,"nd":1465}}
{"sessionId":"0173da","runId":"post-fix","timestamp":1783913472065,"hypothesisId":"L2","location":"dataplane_wan.c:reassemble_l2","message":"l2_reassemble_pending","data":{"pkt_id":1578,"frag_idx":0,"nd":1465}}
{"sessionId":"0173da","runId":"post-fix","timestamp":1783913472065,"hypothesisId":"L2","location":"dataplane_wan.c:reassemble_l2","message":"l2_reassemble_pending","data":{"pkt_id":2165,"frag_idx":0,"nd":1465}}
{"sessionId":"0173da","runId":"post-fix","timestamp":1783913472065,"hypothesisId":"L2","location":"dataplane_wan.c:reassemble_l2","message":"l2_reassemble_pending","data":{"pkt_id":2048,"frag_idx":0,"nd":1465}}
{"sessionId":"0173da","runId":"post-fix","timestamp":1783913472065,"hypothesisId":"L2","location":"dataplane_wan.c:reassemble_l2","message":"l2_reassemble_pending","data":{"pkt_id":2294,"frag_idx":0,"nd":1465}}
{"sessionId":"0173da","runId":"post-fix","timestamp":1783913472065,"hypothesisId":"L2","location":"dataplane_wan.c:reassemble_l2","message":"l2_reassemble_pending","data":{"pkt_id":1831,"frag_idx":0,"nd":1465}}
{"sessionId":"0173da","runId":"post-fix","timestamp":1783913472065,"hypothesisId":"L2","location":"dataplane_wan.c:reassemble_l2","message":"l2_reassemble_pending","data":{"pkt_id":1397,"frag_idx":0,"nd":1465}}
{"sessionId":"0173da","runId":"post-fix","timestamp":1783913472065,"hypothesisId":"L2","location":"dataplane_wan.c:reassemble_l2","message":"l2_reassemble_pending","data":{"pkt_id":1581,"frag_idx":0,"nd":1465}}
{"sessionId":"0173da","runId":"post-fix","timestamp":1783913472065,"hypothesisId":"L2","location":"dataplane_wan.c:reassemble_l2","message":"l2_reassemble_pending","data":{"pkt_id":2049,"frag_idx":0,"nd":1465}}
{"sessionId":"0173da","runId":"post-fix","timestamp":1783913472065,"hypothesisId":"L2","location":"dataplane_wan.c:reassemble_l2","message":"l2_reassemble_pending","data":{"pkt_id":2169,"frag_idx":0,"nd":1465}}
{"sessionId":"0173da","runId":"post-fix","timestamp":1783913472065,"hypothesisId":"L2","location":"dataplane_wan.c:reassemble_l2","message":"l2_reassemble_pending","data":{"pkt_id":2299,"frag_idx":0,"nd":1465}}
{"sessionId":"0173da","runId":"post-fix","timestamp":1783913472065,"hypothesisId":"L2","location":"dataplane_wan.c:reassemble_l2","message":"l2_reassemble_pending","data":{"pkt_id":1412,"frag_idx":0,"nd":1465}}
{"sessionId":"0173da","runId":"post-fix","timestamp":1783913472065,"hypothesisId":"L2","location":"dataplane_wan.c:reassemble_l2","message":"l2_reassemble_pending","data":{"pkt_id":1586,"frag_idx":0,"nd":1465}}
{"sessionId":"0173da","runId":"post-fix","timestamp":1783913472065,"hypothesisId":"L2","location":"dataplane_wan.c:reassemble_l2","message":"l2_reassemble_pending","data":{"pkt_id":1838,"frag_idx":0,"nd":1465}}
{"sessionId":"0173da","runId":"post-fix","timestamp":1783913472065,"hypothesisId":"L2","location":"dataplane_wan.c:reassemble_l2","message":"l2_reassemble_pending","data":{"pkt_id":2050,"frag_idx":0,"nd":1465}}
{"sessionId":"0173da","runId":"post-fix","timestamp":1783913472065,"hypothesisId":"L2","location":"dataplane_wan.c:reassemble_l2","message":"l2_reassemble_pending","data":{"pkt_id":2211,"frag_idx":0,"nd":1465}}
{"sessionId":"0173da","runId":"post-fix","timestamp":1783913472065,"hypothesisId":"L2","location":"dataplane_wan.c:reassemble_l2","message":"l2_reassemble_pending","data":{"pkt_id":2301,"frag_idx":0,"nd":1465}}
{"sessionId":"0173da","runId":"post-fix","timestamp":1783913472065,"hypothesisId":"L2","location":"dataplane_wan.c:reassemble_l2","message":"l2_reassemble_pending","data":{"pkt_id":1401,"frag_idx":0,"nd":1465}}
{"sessionId":"0173da","runId":"post-fix","timestamp":1783913472065,"hypothesisId":"L2","location":"dataplane_wan.c:reassemble_l2","message":"l2_reassemble_pending","data":{"pkt_id":1843,"frag_idx":0,"nd":1465}}
{"sessionId":"0173da","runId":"post-fix","timestamp":1783913472065,"hypothesisId":"L2","location":"dataplane_wan.c:reassemble_l2","message":"l2_reassemble_pending","data":{"pkt_id":1590,"frag_idx":0,"nd":1465}}
{"sessionId":"0173da","runId":"post-fix","timestamp":1783913472065,"hypothesisId":"L2","location":"dataplane_wan.c:reassemble_l2","message":"l2_reassemble_pending","data":{"pkt_id":2051,"frag_idx":0,"nd":1465}}
{"sessionId":"0173da","runId":"post-fix","timestamp":1783913472065,"hypothesisId":"L2","location":"dataplane_wan.c:reassemble_l2","message":"l2_reassemble_pending","data":{"pkt_id":2223,"frag_idx":0,"nd":1465}}
{"sessionId":"0173da","runId":"post-fix","timestamp":1783913472065,"hypothesisId":"L2","location":"dataplane_wan.c:reassemble_l2","message":"l2_reassemble_pending","data":{"pkt_id":2305,"frag_idx":0,"nd":1465}}
{"sessionId":"0173da","runId":"post-fix","timestamp":1783913472065,"hypothesisId":"L2","location":"dataplane_wan.c:reassemble_l2","message":"l2_reassemble_pending","data":{"pkt_id":1865,"frag_idx":0,"nd":1465}}
{"sessionId":"0173da","runId":"post-fix","timestamp":1783913472065,"hypothesisId":"L2","location":"dataplane_wan.c:reassemble_l2","message":"l2_reassemble_pending","data":{"pkt_id":1598,"frag_idx":0,"nd":1465}}
{"sessionId":"0173da","runId":"post-fix","timestamp":1783913472065,"hypothesisId":"L2","location":"dataplane_wan.c:reassemble_l2","message":"l2_reassemble_pending","data":{"pkt_id":1414,"frag_idx":0,"nd":1465}}
{"sessionId":"0173da","runId":"post-fix","timestamp":1783913472065,"hypothesisId":"L2","location":"dataplane_wan.c:reassemble_l2","message":"l2_reassemble_pending","data":{"pkt_id":2052,"frag_idx":0,"nd":1465}}
{"sessionId":"0173da","runId":"post-fix","timestamp":1783913472065,"hypothesisId":"L2","location":"dataplane_wan.c:reassemble_l2","message":"l2_reassemble_pending","data":{"pkt_id":2224,"frag_idx":0,"nd":1465}}
{"sessionId":"0173da","runId":"post-fix","timestamp":1783913472065,"hypothesisId":"L2","location":"dataplane_wan.c:reassemble_l2","message":"l2_reassemble_pending","data":{"pkt_id":2309,"frag_idx":0,"nd":1465}}
{"sessionId":"0173da","runId":"post-fix","timestamp":1783913472065,"hypothesisId":"L2","location":"dataplane_wan.c:reassemble_l2","message":"l2_reassemble_pending","data":{"pkt_id":1595,"frag_idx":0,"nd":1465}}
{"sessionId":"0173da","runId":"post-fix","timestamp":1783913472065,"hypothesisId":"L2","location":"dataplane_wan.c:reassemble_l2","message":"l2_reassemble_pending","data":{"pkt_id":1868,"frag_idx":0,"nd":1465}}
{"sessionId":"0173da","runId":"post-fix","timestamp":1783913472065,"hypothesisId":"L2","location":"dataplane_wan.c:reassemble_l2","message":"l2_reassemble_pending","data":{"pkt_id":2055,"frag_idx":0,"nd":1465}}
{"sessionId":"0173da","runId":"post-fix","timestamp":1783913472065,"hypothesisId":"L2","location":"dataplane_wan.c:reassemble_l2","message":"l2_reassemble_pending","data":{"pkt_id":1418,"frag_idx":0,"nd":1465}}
{"sessionId":"0173da","runId":"post-fix","timestamp":1783913472065,"hypothesisId":"L2","location":"dataplane_wan.c:reassemble_l2","message":"l2_reassemble_pending","data":{"pkt_id":2225,"frag_idx":0,"nd":1465}}
{"sessionId":"0173da","runId":"post-fix","timestamp":1783913472065,"hypothesisId":"L2","location":"dataplane_wan.c:reassemble_l2","message":"l2_reassemble_pending","data":{"pkt_id":2311,"frag_idx":0,"nd":1465}}
{"sessionId":"0173da","runId":"post-fix","timestamp":1783913472065,"hypothesisId":"L2","location":"dataplane_wan.c:reassemble_l2","message":"l2_reassemble_pending","data":{"pkt_id":1878,"frag_idx":0,"nd":1465}}
{"sessionId":"0173da","runId":"post-fix","timestamp":1783913472065,"hypothesisId":"L2","location":"dataplane_wan.c:reassemble_l2","message":"l2_reassemble_pending","data":{"pkt_id":1600,"frag_idx":0,"nd":1465}}
{"sessionId":"0173da","runId":"post-fix","timestamp":1783913472065,"hypothesisId":"L2","location":"dataplane_wan.c:reassemble_l2","message":"l2_reassemble_pending","data":{"pkt_id":2058,"frag_idx":0,"nd":1465}}
{"sessionId":"0173da","runId":"post-fix","timestamp":1783913472065,"hypothesisId":"L2","location":"dataplane_wan.c:reassemble_l2","message":"l2_reassemble_pending","data":{"pkt_id":2227,"frag_idx":0,"nd":1465}}
{"sessionId":"0173da","runId":"post-fix","timestamp":1783913472065,"hypothesisId":"L2","location":"dataplane_wan.c:reassemble_l2","message":"l2_reassemble_pending","data":{"pkt_id":1421,"frag_idx":0,"nd":1465}}
{"sessionId":"0173da","runId":"post-fix","timestamp":1783913472065,"hypothesisId":"L2","location":"dataplane_wan.c:reassemble_l2","message":"l2_reassemble_pending","data":{"pkt_id":2313,"frag_idx":0,"nd":1465}}
{"sessionId":"0173da","runId":"post-fix","timestamp":1783913472065,"hypothesisId":"L2","location":"dataplane_wan.c:reassemble_l2","message":"l2_reassemble_pending","data":{"pkt_id":1874,"frag_idx":0,"nd":1465}}
{"sessionId":"0173da","runId":"post-fix","timestamp":1783913472065,"hypothesisId":"L2","location":"dataplane_wan.c:reassemble_l2","message":"l2_reassemble_pending","data":{"pkt_id":1604,"frag_idx":0,"nd":1465}}
{"sessionId":"0173da","runId":"post-fix","timestamp":1783913472065,"hypothesisId":"L2","location":"dataplane_wan.c:reassemble_l2","message":"l2_reassemble_pending","data":{"pkt_id":2070,"frag_idx":0,"nd":1465}}
{"sessionId":"0173da","runId":"post-fix","timestamp":1783913472065,"hypothesisId":"L2","location":"dataplane_wan.c:reassemble_l2","message":"l2_reassemble_pending","data":{"pkt_id":2229,"frag_idx":0,"nd":1465}}
{"sessionId":"0173da","runId":"post-fix","timestamp":1783913472065,"hypothesisId":"L2","location":"dataplane_wan.c:reassemble_l2","message":"l2_reassemble_pending","data":{"pkt_id":1429,"frag_idx":0,"nd":1465}}
{"sessionId":"0173da","runId":"post-fix","timestamp":1783913472065,"hypothesisId":"L2","location":"dataplane_wan.c:reassemble_l2","message":"l2_reassemble_pending","data":{"pkt_id":2318,"frag_idx":0,"nd":1465}}
{"sessionId":"0173da","runId":"post-fix","timestamp":1783913472065,"hypothesisId":"L2","location":"dataplane_wan.c:reassemble_l2","message":"l2_reassemble_pending","data":{"pkt_id":1880,"frag_idx":0,"nd":1465}}
{"sessionId":"0173da","runId":"post-fix","timestamp":1783913472065,"hypothesisId":"L2","location":"dataplane_wan.c:reassemble_l2","message":"l2_reassemble_pending","data":{"pkt_id":1658,"frag_idx":0,"nd":1465}}
{"sessionId":"0173da","runId":"post-fix","timestamp":1783913472065,"hypothesisId":"L2","location":"dataplane_wan.c:reassemble_l2","message":"l2_reassemble_pending","data":{"pkt_id":2086,"frag_idx":0,"nd":1465}}
{"sessionId":"0173da","runId":"post-fix","timestamp":1783913472065,"hypothesisId":"L2","location":"dataplane_wan.c:reassemble_l2","message":"l2_reassemble_pending","data":{"pkt_id":2267,"frag_idx":0,"nd":1465}}
{"sessionId":"0173da","runId":"post-fix","timestamp":1783913472065,"hypothesisId":"L2","location":"dataplane_wan.c:reassemble_l2","message":"l2_reassemble_pending","data":{"pkt_id":2321,"frag_idx":0,"nd":1465}}
{"sessionId":"0173da","runId":"post-fix","timestamp":1783913472065,"hypothesisId":"L2","location":"dataplane_wan.c:reassemble_l2","message":"l2_reassemble_pending","data":{"pkt_id":1661,"frag_idx":0,"nd":1465}}
{"sessionId":"0173da","runId":"post-fix","timestamp":1783913472065,"hypothesisId":"L2","location":"dataplane_wan.c:reassemble_l2","message":"l2_reassemble_pending","data":{"pkt_id":1422,"frag_idx":0,"nd":1465}}
{"sessionId":"0173da","runId":"post-fix","timestamp":1783913472065,"hypothesisId":"L2","location":"dataplane_wan.c:reassemble_l2","message":"l2_reassemble_pending","data":{"pkt_id":2089,"frag_idx":0,"nd":1465}}
{"sessionId":"0173da","runId":"post-fix","timestamp":1783913472065,"hypothesisId":"L2","location":"dataplane_wan.c:reassemble_l2","message":"l2_reassemble_pending","data":{"pkt_id":1882,"frag_idx":0,"nd":1465}}
{"sessionId":"0173da","runId":"post-fix","timestamp":1783913472065,"hypothesisId":"L2","location":"dataplane_wan.c:reassemble_l2","message":"l2_reassemble_pending","data":{"pkt_id":2261,"frag_idx":0,"nd":1465}}
{"sessionId":"0173da","runId":"post-fix","timestamp":1783913472065,"hypothesisId":"L2","location":"dataplane_wan.c:reassemble_l2","message":"l2_reassemble_pending","data":{"pkt_id":2324,"frag_idx":0,"nd":1465}}
{"sessionId":"0173da","runId":"post-fix","timestamp":1783913472065,"hypothesisId":"L2","location":"dataplane_wan.c:reassemble_l2","message":"l2_reassemble_pending","data":{"pkt_id":1664,"frag_idx":0,"nd":1465}}
{"sessionId":"0173da","runId":"post-fix","timestamp":1783913472065,"hypothesisId":"L2","location":"dataplane_wan.c:reassemble_l2","message":"l2_reassemble_pending","data":{"pkt_id":2092,"frag_idx":0,"nd":1465}}
{"sessionId":"0173da","runId":"post-fix","timestamp":1783913472065,"hypothesisId":"L2","location":"dataplane_wan.c:reassemble_l2","message":"l2_reassemble_pending","data":{"pkt_id":1884,"frag_idx":0,"nd":1465}}
{"sessionId":"0173da","runId":"post-fix","timestamp":1783913472065,"hypothesisId":"L2","location":"dataplane_wan.c:reassemble_l2","message":"l2_reassemble_pending","data":{"pkt_id":2260,"frag_idx":0,"nd":1465}}
{"sessionId":"0173da","runId":"post-fix","timestamp":1783913472065,"hypothesisId":"L2","location":"dataplane_wan.c:reassemble_l2","message":"l2_reassemble_pending","data":{"pkt_id":1423,"frag_idx":0,"nd":1465}}
{"sessionId":"0173da","runId":"post-fix","timestamp":1783913472065,"hypothesisId":"L2","location":"dataplane_wan.c:reassemble_l2","message":"l2_reassemble_pending","data":{"pkt_id":2326,"frag_idx":0,"nd":1465}}
{"sessionId":"0173da","runId":"post-fix","timestamp":1783913472065,"hypothesisId":"L2","location":"dataplane_wan.c:reassemble_l2","message":"l2_reassemble_pending","data":{"pkt_id":1702,"frag_idx":0,"nd":1465}}
{"sessionId":"0173da","runId":"post-fix","timestamp":1783913472065,"hypothesisId":"L2","location":"dataplane_wan.c:reassemble_l2","message":"l2_reassemble_pending","data":{"pkt_id":2079,"frag_idx":0,"nd":1465}}
{"sessionId":"0173da","runId":"post-fix","timestamp":1783913472066,"hypothesisId":"L2","location":"dataplane_wan.c:reassemble_l2","message":"l2_reassemble_pending","data":{"pkt_id":1893,"frag_idx":0,"nd":1465}}
{"sessionId":"0173da","runId":"post-fix","timestamp":1783913472066,"hypothesisId":"L2","location":"dataplane_wan.c:reassemble_l2","message":"l2_reassemble_pending","data":{"pkt_id":2262,"frag_idx":0,"nd":1465}}
{"sessionId":"0173da","runId":"post-fix","timestamp":1783913472066,"hypothesisId":"L2","location":"dataplane_wan.c:reassemble_l2","message":"l2_reassemble_pending","data":{"pkt_id":1729,"frag_idx":0,"nd":1465}}
{"sessionId":"0173da","runId":"post-fix","timestamp":1783913472066,"hypothesisId":"L2","location":"dataplane_wan.c:reassemble_l2","message":"l2_reassemble_pending","data":{"pkt_id":2095,"frag_idx":0,"nd":1465}}
{"sessionId":"0173da","runId":"post-fix","timestamp":1783913472066,"hypothesisId":"L2","location":"dataplane_wan.c:reassemble_l2","message":"l2_reassemble_pending","data":{"pkt_id":2338,"frag_idx":0,"nd":1465}}
{"sessionId":"0173da","runId":"post-fix","timestamp":1783913472066,"hypothesisId":"L2","location":"dataplane_wan.c:reassemble_l2","message":"l2_reassemble_pending","data":{"pkt_id":1426,"frag_idx":0,"nd":1465}}
{"sessionId":"0173da","runId":"post-fix","timestamp":1783913472066,"hypothesisId":"L2","location":"dataplane_wan.c:reassemble_l2","message":"l2_reassemble_pending","data":{"pkt_id":1895,"frag_idx":0,"nd":1465}}
{"sessionId":"0173da","runId":"post-fix","timestamp":1783913472066,"hypothesisId":"L2","location":"dataplane_wan.c:reassemble_l2","message":"l2_reassemble_pending","data":{"pkt_id":1730,"frag_idx":0,"nd":1465}}
{"sessionId":"0173da","runId":"post-fix","timestamp":1783913472066,"hypothesisId":"L2","location":"dataplane_wan.c:reassemble_l2","message":"l2_reassemble_pending","data":{"pkt_id":2263,"frag_idx":0,"nd":1465}}
{"sessionId":"0173da","runId":"post-fix","timestamp":1783913472066,"hypothesisId":"L2","location":"dataplane_wan.c:reassemble_l2","message":"l2_reassemble_pending","data":{"pkt_id":2099,"frag_idx":0,"nd":1465}}
{"sessionId":"0173da","runId":"post-fix","timestamp":1783913472066,"hypothesisId":"L2","location":"dataplane_wan.c:reassemble_l2","message":"l2_reassemble_pending","data":{"pkt_id":2385,"frag_idx":0,"nd":1465}}
{"sessionId":"0173da","runId":"post-fix","timestamp":1783913472066,"hypothesisId":"L2","location":"dataplane_wan.c:reassemble_l2","message":"l2_reassemble_pending","data":{"pkt_id":1888,"frag_idx":0,"nd":1465}}
{"sessionId":"0173da","runId":"post-fix","timestamp":1783913472066,"hypothesisId":"L2","location":"dataplane_wan.c:reassemble_l2","message":"l2_reassemble_pending","data":{"pkt_id":1732,"frag_idx":0,"nd":1465}}
{"sessionId":"0173da","runId":"post-fix","timestamp":1783913472066,"hypothesisId":"L2","location":"dataplane_wan.c:reassemble_l2","message":"l2_reassemble_pending","data":{"pkt_id":1432,"frag_idx":0,"nd":1465}}
{"sessionId":"0173da","runId":"post-fix","timestamp":1783913472066,"hypothesisId":"L2","location":"dataplane_wan.c:reassemble_l2","message":"l2_reassemble_pending","data":{"pkt_id":2388,"frag_idx":0,"nd":1465}}
{"sessionId":"0173da","runId":"post-fix","timestamp":1783913472066,"hypothesisId":"L2","location":"dataplane_wan.c:reassemble_l2","message":"l2_reassemble_pending","data":{"pkt_id":2105,"frag_idx":0,"nd":1465}}
{"sessionId":"0173da","runId":"post-fix","timestamp":1783913472066,"hypothesisId":"L2","location":"dataplane_wan.c:reassemble_l2","message":"l2_reassemble_pending","data":{"pkt_id":1891,"frag_idx":0,"nd":1465}}
{"sessionId":"0173da","runId":"post-fix","timestamp":1783913472066,"hypothesisId":"L2","location":"dataplane_wan.c:reassemble_l2","message":"l2_reassemble_pending","data":{"pkt_id":2264,"frag_idx":0,"nd":1465}}
{"sessionId":"0173da","runId":"post-fix","timestamp":1783913472066,"hypothesisId":"L2","location":"dataplane_wan.c:reassemble_l2","message":"l2_reassemble_pending","data":{"pkt_id":1735,"frag_idx":0,"nd":1465}}
{"sessionId":"0173da","runId":"post-fix","timestamp":1783913472066,"hypothesisId":"L2","location":"dataplane_wan.c:reassemble_l2","message":"l2_reassemble_pending","data":{"pkt_id":1437,"frag_idx":0,"nd":1465}}
{"sessionId":"0173da","runId":"post-fix","timestamp":1783913472066,"hypothesisId":"L2","location":"dataplane_wan.c:reassemble_l2","message":"l2_reassemble_pending","data":{"pkt_id":2422,"frag_idx":0,"nd":1465}}
{"sessionId":"0173da","runId":"post-fix","timestamp":1783913472066,"hypothesisId":"L2","location":"dataplane_wan.c:reassemble_l2","message":"l2_reassemble_pending","data":{"pkt_id":2107,"frag_idx":0,"nd":1465}}
{"sessionId":"0173da","runId":"post-fix","timestamp":1783913472066,"hypothesisId":"L2","location":"dataplane_wan.c:reassemble_l2","message":"l2_reassemble_pending","data":{"pkt_id":2265,"frag_idx":0,"nd":1465}}
{"sessionId":"0173da","runId":"post-fix","timestamp":1783913472066,"hypothesisId":"L2","location":"dataplane_wan.c:reassemble_l2","message":"l2_reassemble_pending","data":{"pkt_id":1737,"frag_idx":0,"nd":1465}}
{"sessionId":"0173da","runId":"post-fix","timestamp":1783913472066,"hypothesisId":"L2","location":"dataplane_wan.c:reassemble_l2","message":"l2_reassemble_pending","data":{"pkt_id":1886,"frag_idx":0,"nd":1465}}
{"sessionId":"0173da","runId":"post-fix","timestamp":1783913472066,"hypothesisId":"L2","location":"dataplane_wan.c:reassemble_l2","message":"l2_reassemble_pending","data":{"pkt_id":2110,"frag_idx":0,"nd":1465}}
{"sessionId":"0173da","runId":"post-fix","timestamp":1783913472066,"hypothesisId":"L2","location":"dataplane_wan.c:reassemble_l2","message":"l2_reassemble_pending","data":{"pkt_id":2424,"frag_idx":0,"nd":1465}}
{"sessionId":"0173da","runId":"post-fix","timestamp":1783913472066,"hypothesisId":"L2","location":"dataplane_wan.c:reassemble_l2","message":"l2_reassemble_pending","data":{"pkt_id":1439,"frag_idx":0,"nd":1465}}
{"sessionId":"0173da","runId":"post-fix","timestamp":1783913472066,"hypothesisId":"L2","location":"dataplane_wan.c:reassemble_l2","message":"l2_reassemble_pending","data":{"pkt_id":1750,"frag_idx":0,"nd":1465}}
{"sessionId":"0173da","runId":"post-fix","timestamp":1783913472066,"hypothesisId":"L2","location":"dataplane_wan.c:reassemble_l2","message":"l2_reassemble_pending","data":{"pkt_id":2269,"frag_idx":0,"nd":1465}}
{"sessionId":"0173da","runId":"post-fix","timestamp":1783913472066,"hypothesisId":"L2","location":"dataplane_wan.c:reassemble_l2","message":"l2_reassemble_pending","data":{"pkt_id":1897,"frag_idx":0,"nd":1465}}
{"sessionId":"0173da","runId":"post-fix","timestamp":1783913472066,"hypothesisId":"L2","location":"dataplane_wan.c:reassemble_l2","message":"l2_reassemble_pending","data":{"pkt_id":2126,"frag_idx":0,"nd":1465}}
{"sessionId":"0173da","runId":"post-fix","timestamp":1783913472066,"hypothesisId":"L2","location":"dataplane_wan.c:reassemble_l2","message":"l2_reassemble_pending","data":{"pkt_id":1754,"frag_idx":0,"nd":1465}}
{"sessionId":"0173da","runId":"post-fix","timestamp":1783913472066,"hypothesisId":"L2","location":"dataplane_wan.c:reassemble_l2","message":"l2_reassemble_pending","data":{"pkt_id":2426,"frag_idx":0,"nd":1465}}
{"sessionId":"0173da","runId":"post-fix","timestamp":1783913472066,"hypothesisId":"L2","location":"dataplane_wan.c:reassemble_l2","message":"l2_reassemble_pending","data":{"pkt_id":1447,"frag_idx":0,"nd":1465}}
{"sessionId":"0173da","runId":"post-fix","timestamp":1783913472066,"hypothesisId":"L2","location":"dataplane_wan.c:reassemble_l2","message":"l2_reassemble_pending","data":{"pkt_id":1899,"frag_idx":0,"nd":1465}}
{"sessionId":"0173da","runId":"post-fix","timestamp":1783913472066,"hypothesisId":"L2","location":"dataplane_wan.c:reassemble_l2","message":"l2_reassemble_pending","data":{"pkt_id":2273,"frag_idx":0,"nd":1465}}
{"sessionId":"0173da","runId":"post-fix","timestamp":1783913472066,"hypothesisId":"L2","location":"dataplane_wan.c:reassemble_l2","message":"l2_reassemble_pending","data":{"pkt_id":2130,"frag_idx":0,"nd":1465}}
{"sessionId":"0173da","runId":"post-fix","timestamp":1783913472066,"hypothesisId":"L2","location":"dataplane_wan.c:reassemble_l2","message":"l2_reassemble_pending","data":{"pkt_id":1739,"frag_idx":0,"nd":1465}}
{"sessionId":"0173da","runId":"post-fix","timestamp":1783913472066,"hypothesisId":"L2","location":"dataplane_wan.c:reassemble_l2","message":"l2_reassemble_pending","data":{"pkt_id":2446,"frag_idx":0,"nd":1465}}
{"sessionId":"0173da","runId":"post-fix","timestamp":1783913472066,"hypothesisId":"L2","location":"dataplane_wan.c:reassemble_l2","message":"l2_reassemble_pending","data":{"pkt_id":2282,"frag_idx":0,"nd":1465}}
{"sessionId":"0173da","runId":"post-fix","timestamp":1783913472066,"hypothesisId":"L2","location":"dataplane_wan.c:reassemble_l2","message":"l2_reassemble_pending","data":{"pkt_id":2132,"frag_idx":0,"nd":1465}}
{"sessionId":"0173da","runId":"post-fix","timestamp":1783913472066,"hypothesisId":"L2","location":"dataplane_wan.c:reassemble_l2","message":"l2_reassemble_pending","data":{"pkt_id":1742,"frag_idx":0,"nd":1465}}
{"sessionId":"0173da","runId":"post-fix","timestamp":1783913472066,"hypothesisId":"L2","location":"dataplane_wan.c:reassemble_l2","message":"l2_reassemble_pending","data":{"pkt_id":1900,"frag_idx":0,"nd":1465}}
{"sessionId":"0173da","runId":"post-fix","timestamp":1783913472066,"hypothesisId":"L2","location":"dataplane_wan.c:reassemble_l2","message":"l2_reassemble_pending","data":{"pkt_id":1451,"frag_idx":0,"nd":1465}}
{"sessionId":"0173da","runId":"post-fix","timestamp":1783913472066,"hypothesisId":"L2","location":"dataplane_wan.c:reassemble_l2","message":"l2_reassemble_pending","data":{"pkt_id":2449,"frag_idx":0,"nd":1465}}
{"sessionId":"0173da","runId":"post-fix","timestamp":1783913472066,"hypothesisId":"L2","location":"dataplane_wan.c:reassemble_l2","message":"l2_reassemble_pending","data":{"pkt_id":2284,"frag_idx":0,"nd":1465}}
{"sessionId":"0173da","runId":"post-fix","timestamp":1783913472066,"hypothesisId":"L2","location":"dataplane_wan.c:reassemble_l2","message":"l2_reassemble_pending","data":{"pkt_id":2134,"frag_idx":0,"nd":1465}}
{"sessionId":"0173da","runId":"post-fix","timestamp":1783913472066,"hypothesisId":"L2","location":"dataplane_wan.c:reassemble_l2","message":"l2_reassemble_pending","data":{"pkt_id":1744,"frag_idx":0,"nd":1465}}
{"sessionId":"0173da","runId":"post-fix","timestamp":1783913472066,"hypothesisId":"L2","location":"dataplane_wan.c:reassemble_l2","message":"l2_reassemble_pending","data":{"pkt_id":1902,"frag_idx":0,"nd":1465}}
{"sessionId":"0173da","runId":"post-fix","timestamp":1783913472066,"hypothesisId":"L2","location":"dataplane_wan.c:reassemble_l2","message":"l2_reassemble_pending","data":{"pkt_id":2450,"frag_idx":0,"nd":1465}}
{"sessionId":"0173da","runId":"post-fix","timestamp":1783913472066,"hypothesisId":"L2","location":"dataplane_wan.c:reassemble_l2","message":"l2_reassemble_pending","data":{"pkt_id":1455,"frag_idx":0,"nd":1465}}
{"sessionId":"0173da","runId":"post-fix","timestamp":1783913472066,"hypothesisId":"L2","location":"dataplane_wan.c:reassemble_l2","message":"l2_reassemble_pending","data":{"pkt_id":2135,"frag_idx":0,"nd":1465}}
{"sessionId":"0173da","runId":"post-fix","timestamp":1783913472066,"hypothesisId":"L2","location":"dataplane_wan.c:reassemble_l2","message":"l2_reassemble_pending","data":{"pkt_id":2288,"frag_idx":0,"nd":1465}}
{"sessionId":"0173da","runId":"post-fix","timestamp":1783913472066,"hypothesisId":"L2","location":"dataplane_wan.c:reassemble_l2","message":"l2_reassemble_pending","data":{"pkt_id":1906,"frag_idx":0,"nd":1465}}
{"sessionId":"0173da","runId":"post-fix","timestamp":1783913472066,"hypothesisId":"L2","location":"dataplane_wan.c:reassemble_l2","message":"l2_reassemble_pending","data":{"pkt_id":1758,"frag_idx":0,"nd":1465}}
{"sessionId":"0173da","runId":"post-fix","timestamp":1783913472066,"hypothesisId":"L2","location":"dataplane_wan.c:reassemble_l2","message":"l2_reassemble_pending","data":{"pkt_id":2452,"frag_idx":0,"nd":1465}}
{"sessionId":"0173da","runId":"post-fix","timestamp":1783913472066,"hypothesisId":"L2","location":"dataplane_wan.c:reassemble_l2","message":"l2_reassemble_pending","data":{"pkt_id":2144,"frag_idx":0,"nd":1465}}
{"sessionId":"0173da","runId":"post-fix","timestamp":1783913472066,"hypothesisId":"L2","location":"dataplane_wan.c:reassemble_l2","message":"l2_reassemble_pending","data":{"pkt_id":2290,"frag_idx":0,"nd":1465}}
{"sessionId":"0173da","runId":"post-fix","timestamp":1783913472066,"hypothesisId":"L2","location":"dataplane_wan.c:reassemble_l2","message":"l2_reassemble_pending","data":{"pkt_id":1459,"frag_idx":0,"nd":1465}}
{"sessionId":"0173da","runId":"post-fix","timestamp":1783913472066,"hypothesisId":"L2","location":"dataplane_wan.c:reassemble_l2","message":"l2_reassemble_pending","data":{"pkt_id":1912,"frag_idx":0,"nd":1465}}
{"sessionId":"0173da","runId":"post-fix","timestamp":1783913472066,"hypothesisId":"L2","location":"dataplane_wan.c:reassemble_l2","message":"l2_reassemble_pending","data":{"pkt_id":1760,"frag_idx":0,"nd":1465}}
{"sessionId":"0173da","runId":"post-fix","timestamp":1783913472066,"hypothesisId":"L2","location":"dataplane_wan.c:reassemble_l2","message":"l2_reassemble_pending","data":{"pkt_id":2455,"frag_idx":0,"nd":1465}}
{"sessionId":"0173da","runId":"post-fix","timestamp":1783913472066,"hypothesisId":"L2","location":"dataplane_wan.c:reassemble_l2","message":"l2_reassemble_pending","data":{"pkt_id":2149,"frag_idx":0,"nd":1465}}
{"sessionId":"0173da","runId":"post-fix","timestamp":1783913472066,"hypothesisId":"L2","location":"dataplane_wan.c:reassemble_l2","message":"l2_reassemble_pending","data":{"pkt_id":2291,"frag_idx":0,"nd":1465}}
{"sessionId":"0173da","runId":"post-fix","timestamp":1783913472066,"hypothesisId":"L2","location":"dataplane_wan.c:reassemble_l2","message":"l2_reassemble_pending","data":{"pkt_id":1461,"frag_idx":0,"nd":1465}}
{"sessionId":"0173da","runId":"post-fix","timestamp":1783913472066,"hypothesisId":"L2","location":"dataplane_wan.c:reassemble_l2","message":"l2_reassemble_pending","data":{"pkt_id":1763,"frag_idx":0,"nd":1465}}
{"sessionId":"0173da","runId":"post-fix","timestamp":1783913472066,"hypothesisId":"L2","location":"dataplane_wan.c:reassemble_l2","message":"l2_reassemble_pending","data":{"pkt_id":2456,"frag_idx":0,"nd":1465}}
{"sessionId":"0173da","runId":"post-fix","timestamp":1783913472066,"hypothesisId":"L2","location":"dataplane_wan.c:reassemble_l2","message":"l2_reassemble_pending","data":{"pkt_id":1913,"frag_idx":0,"nd":1465}}
{"sessionId":"0173da","runId":"post-fix","timestamp":1783913472066,"hypothesisId":"L2","location":"dataplane_wan.c:reassemble_l2","message":"l2_reassemble_pending","data":{"pkt_id":2150,"frag_idx":0,"nd":1465}}
{"sessionId":"0173da","runId":"post-fix","timestamp":1783913472066,"hypothesisId":"L2","location":"dataplane_wan.c:reassemble_l2","message":"l2_reassemble_pending","data":{"pkt_id":2314,"frag_idx":0,"nd":1465}}
{"sessionId":"0173da","runId":"post-fix","timestamp":1783913472066,"hypothesisId":"L2","location":"dataplane_wan.c:reassemble_l2","message":"l2_reassemble_pending","data":{"pkt_id":1767,"frag_idx":0,"nd":1465}}
{"sessionId":"0173da","runId":"post-fix","timestamp":1783913472066,"hypothesisId":"L2","location":"dataplane_wan.c:reassemble_l2","message":"l2_reassemble_pending","data":{"pkt_id":1463,"frag_idx":0,"nd":1465}}
{"sessionId":"0173da","runId":"post-fix","timestamp":1783913472066,"hypothesisId":"L2","location":"dataplane_wan.c:reassemble_l2","message":"l2_reassemble_pending","data":{"pkt_id":2317,"frag_idx":0,"nd":1465}}
{"sessionId":"0173da","runId":"post-fix","timestamp":1783913472066,"hypothesisId":"L2","location":"dataplane_wan.c:reassemble_l2","message":"l2_reassemble_pending","data":{"pkt_id":2167,"frag_idx":0,"nd":1465}}
{"sessionId":"0173da","runId":"post-fix","timestamp":1783913472066,"hypothesisId":"L2","location":"dataplane_wan.c:reassemble_l2","message":"l2_reassemble_pending","data":{"pkt_id":2461,"frag_idx":0,"nd":1465}}
{"sessionId":"0173da","runId":"post-fix","timestamp":1783913472066,"hypothesisId":"L2","location":"dataplane_wan.c:reassemble_l2","message":"l2_reassemble_pending","data":{"pkt_id":1945,"frag_idx":0,"nd":1465}}
{"sessionId":"0173da","runId":"post-fix","timestamp":1783913472066,"hypothesisId":"L2","location":"dataplane_wan.c:reassemble_l2","message":"l2_reassemble_pending","data":{"pkt_id":1771,"frag_idx":0,"nd":1465}}
{"sessionId":"0173da","runId":"post-fix","timestamp":1783913472066,"hypothesisId":"L2","location":"dataplane_wan.c:reassemble_l2","message":"l2_reassemble_pending","data":{"pkt_id":2319,"frag_idx":0,"nd":1465}}
{"sessionId":"0173da","runId":"post-fix","timestamp":1783913472066,"hypothesisId":"L2","location":"dataplane_wan.c:reassemble_l2","message":"l2_reassemble_pending","data":{"pkt_id":2170,"frag_idx":0,"nd":1465}}
{"sessionId":"0173da","runId":"post-fix","timestamp":1783913472066,"hypothesisId":"L2","location":"dataplane_wan.c:reassemble_l2","message":"l2_reassemble_pending","data":{"pkt_id":2463,"frag_idx":0,"nd":1465}}
{"sessionId":"0173da","runId":"post-fix","timestamp":1783913472066,"hypothesisId":"L2","location":"dataplane_wan.c:reassemble_l2","message":"l2_reassemble_pending","data":{"pkt_id":1467,"frag_idx":0,"nd":1465}}
{"sessionId":"0173da","runId":"post-fix","timestamp":1783913472066,"hypothesisId":"L2","location":"dataplane_wan.c:reassemble_l2","message":"l2_reassemble_pending","data":{"pkt_id":1949,"frag_idx":0,"nd":1465}}
{"sessionId":"0173da","runId":"post-fix","timestamp":1783913472066,"hypothesisId":"L2","location":"dataplane_wan.c:reassemble_l2","message":"l2_reassemble_pending","data":{"pkt_id":1773,"frag_idx":0,"nd":1465}}
{"sessionId":"0173da","runId":"post-fix","timestamp":1783913472066,"hypothesisId":"L2","location":"dataplane_wan.c:reassemble_l2","message":"l2_reassemble_pending","data":{"pkt_id":2320,"frag_idx":0,"nd":1465}}
{"sessionId":"0173da","runId":"post-fix","timestamp":1783913472066,"hypothesisId":"L2","location":"dataplane_wan.c:reassemble_l2","message":"l2_reassemble_pending","data":{"pkt_id":2172,"frag_idx":0,"nd":1465}}
{"sessionId":"0173da","runId":"post-fix","timestamp":1783913472066,"hypothesisId":"L2","location":"dataplane_wan.c:reassemble_l2","message":"l2_reassemble_pending","data":{"pkt_id":2465,"frag_idx":0,"nd":1465}}
{"sessionId":"0173da","runId":"post-fix","timestamp":1783913472066,"hypothesisId":"L2","location":"dataplane_wan.c:reassemble_l2","message":"l2_reassemble_pending","data":{"pkt_id":1470,"frag_idx":0,"nd":1465}}
{"sessionId":"0173da","runId":"post-fix","timestamp":1783913472066,"hypothesisId":"L2","location":"dataplane_wan.c:reassemble_l2","message":"l2_reassemble_pending","data":{"pkt_id":1953,"frag_idx":0,"nd":1465}}
{"sessionId":"0173da","runId":"post-fix","timestamp":1783913472066,"hypothesisId":"L2","location":"dataplane_wan.c:reassemble_l2","message":"l2_reassemble_pending","data":{"pkt_id":1775,"frag_idx":0,"nd":1465}}
{"sessionId":"0173da","runId":"post-fix","timestamp":1783913472066,"hypothesisId":"L2","location":"dataplane_wan.c:reassemble_l2","message":"l2_reassemble_pending","data":{"pkt_id":2175,"frag_idx":0,"nd":1465}}
{"sessionId":"0173da","runId":"post-fix","timestamp":1783913472066,"hypothesisId":"L2","location":"dataplane_wan.c:reassemble_l2","message":"l2_reassemble_pending","data":{"pkt_id":1474,"frag_idx":0,"nd":1465}}
{"sessionId":"0173da","runId":"post-fix","timestamp":1783913472066,"hypothesisId":"L2","location":"dataplane_wan.c:reassemble_l2","message":"l2_reassemble_pending","data":{"pkt_id":2467,"frag_idx":0,"nd":1465}}
{"sessionId":"0173da","runId":"post-fix","timestamp":1783913472066,"hypothesisId":"L2","location":"dataplane_wan.c:reassemble_l2","message":"l2_reassemble_pending","data":{"pkt_id":2322,"frag_idx":0,"nd":1465}}
{"sessionId":"0173da","runId":"post-fix","timestamp":1783913472066,"hypothesisId":"L2","location":"dataplane_wan.c:reassemble_l2","message":"l2_reassemble_pending","data":{"pkt_id":1958,"frag_idx":0,"nd":1465}}
{"sessionId":"0173da","runId":"post-fix","timestamp":1783913472066,"hypothesisId":"L2","location":"dataplane_wan.c:reassemble_l2","message":"l2_reassemble_pending","data":{"pkt_id":1776,"frag_idx":0,"nd":1465}}
{"sessionId":"0173da","runId":"post-fix","timestamp":1783913472067,"hypothesisId":"L2","location":"dataplane_wan.c:reassemble_l2","message":"l2_reassemble_pending","data":{"pkt_id":2178,"frag_idx":0,"nd":1465}}
{"sessionId":"0173da","runId":"post-fix","timestamp":1783913472067,"hypothesisId":"L2","location":"dataplane_wan.c:reassemble_l2","message":"l2_reassemble_pending","data":{"pkt_id":2327,"frag_idx":0,"nd":1465}}
{"sessionId":"0173da","runId":"post-fix","timestamp":1783913472067,"hypothesisId":"L2","location":"dataplane_wan.c:reassemble_l2","message":"l2_reassemble_pending","data":{"pkt_id":1786,"frag_idx":0,"nd":1465}}
{"sessionId":"0173da","runId":"post-fix","timestamp":1783913472067,"hypothesisId":"L2","location":"dataplane_wan.c:reassemble_l2","message":"l2_reassemble_pending","data":{"pkt_id":2469,"frag_idx":0,"nd":1465}}
{"sessionId":"0173da","runId":"post-fix","timestamp":1783913472067,"hypothesisId":"L2","location":"dataplane_wan.c:reassemble_l2","message":"l2_reassemble_pending","data":{"pkt_id":1963,"frag_idx":0,"nd":1465}}
{"sessionId":"0173da","runId":"post-fix","timestamp":1783913472067,"hypothesisId":"L2","location":"dataplane_wan.c:reassemble_l2","message":"l2_reassemble_pending","data":{"pkt_id":1476,"frag_idx":0,"nd":1465}}
{"sessionId":"0173da","runId":"post-fix","timestamp":1783913472067,"hypothesisId":"L2","location":"dataplane_wan.c:dataplane_process_wan","message":"l2_frag_pending_hold","data":{"wire_len":1500,"n":2048}}
{"sessionId":"0173da","runId":"post-fix","timestamp":1783913472067,"hypothesisId":"L2","location":"dataplane_wan.c:reassemble_l2","message":"l2_reassemble_join_ok","data":{"pkt_id":1786,"frag_idx":1,"out_len":1514,"n":2048}}
{"sessionId":"0173da","runId":"post-fix","timestamp":1783913472067,"hypothesisId":"L2","location":"dataplane_wan.c:decrypt_wan","message":"l2_frag_reassemble_ok","data":{"wire_in":98,"plain_len":1514,"pkt_id":2469,"n":2048}}
{"sessionId":"0173da","runId":"post-fix","timestamp":1783913472067,"hypothesisId":"L2","location":"dataplane_wan.c:reassemble_l2","message":"l2_reassemble_pending","data":{"pkt_id":2180,"frag_idx":0,"nd":1465}}
{"sessionId":"0173da","runId":"post-fix","timestamp":1783913472067,"hypothesisId":"L2","location":"dataplane_wan.c:reassemble_l2","message":"l2_reassemble_pending","data":{"pkt_id":1978,"frag_idx":0,"nd":1465}}
{"sessionId":"0173da","runId":"post-fix","timestamp":1783913472067,"hypothesisId":"L2","location":"dataplane_wan.c:reassemble_l2","message":"l2_reassemble_pending","data":{"pkt_id":2328,"frag_idx":0,"nd":1465}}
{"sessionId":"0173da","runId":"post-fix","timestamp":1783913472067,"hypothesisId":"L2","location":"dataplane_wan.c:reassemble_l2","message":"l2_reassemble_pending","data":{"pkt_id":1494,"frag_idx":0,"nd":1465}}
{"sessionId":"0173da","runId":"post-fix","timestamp":1783913472067,"hypothesisId":"L2","location":"dataplane_wan.c:reassemble_l2","message":"l2_reassemble_pending","data":{"pkt_id":1779,"frag_idx":0,"nd":1465}}
{"sessionId":"0173da","runId":"post-fix","timestamp":1783913472067,"hypothesisId":"L2","location":"dataplane_wan.c:reassemble_l2","message":"l2_reassemble_pending","data":{"pkt_id":2472,"frag_idx":0,"nd":1465}}
{"sessionId":"0173da","runId":"post-fix","timestamp":1783913472067,"hypothesisId":"L2","location":"dataplane_wan.c:reassemble_l2","message":"l2_reassemble_pending","data":{"pkt_id":1982,"frag_idx":0,"nd":1465}}
{"sessionId":"0173da","runId":"post-fix","timestamp":1783913472067,"hypothesisId":"L2","location":"dataplane_wan.c:reassemble_l2","message":"l2_reassemble_pending","data":{"pkt_id":1498,"frag_idx":0,"nd":1465}}
{"sessionId":"0173da","runId":"post-fix","timestamp":1783913472067,"hypothesisId":"L2","location":"dataplane_wan.c:reassemble_l2","message":"l2_reassemble_pending","data":{"pkt_id":2152,"frag_idx":0,"nd":1465}}
{"sessionId":"0173da","runId":"post-fix","timestamp":1783913472067,"hypothesisId":"L2","location":"dataplane_wan.c:reassemble_l2","message":"l2_reassemble_pending","data":{"pkt_id":1782,"frag_idx":0,"nd":1465}}
{"sessionId":"0173da","runId":"post-fix","timestamp":1783913472067,"hypothesisId":"L2","location":"dataplane_wan.c:reassemble_l2","message":"l2_reassemble_pending","data":{"pkt_id":2330,"frag_idx":0,"nd":1465}}
{"sessionId":"0173da","runId":"post-fix","timestamp":1783913472067,"hypothesisId":"L2","location":"dataplane_wan.c:reassemble_l2","message":"l2_reassemble_pending","data":{"pkt_id":2474,"frag_idx":0,"nd":1465}}
{"sessionId":"0173da","runId":"post-fix","timestamp":1783913472067,"hypothesisId":"L2","location":"dataplane_wan.c:reassemble_l2","message":"l2_reassemble_pending","data":{"pkt_id":2159,"frag_idx":0,"nd":1465}}
{"sessionId":"0173da","runId":"post-fix","timestamp":1783913472067,"hypothesisId":"L2","location":"dataplane_wan.c:reassemble_l2","message":"l2_reassemble_pending","data":{"pkt_id":2005,"frag_idx":0,"nd":1465}}
{"sessionId":"0173da","runId":"post-fix","timestamp":1783913472067,"hypothesisId":"L2","location":"dataplane_wan.c:reassemble_l2","message":"l2_reassemble_pending","data":{"pkt_id":1817,"frag_idx":0,"nd":1465}}
{"sessionId":"0173da","runId":"post-fix","timestamp":1783913472067,"hypothesisId":"L2","location":"dataplane_wan.c:reassemble_l2","message":"l2_reassemble_pending","data":{"pkt_id":1503,"frag_idx":0,"nd":1465}}
{"sessionId":"0173da","runId":"post-fix","timestamp":1783913472067,"hypothesisId":"L2","location":"dataplane_wan.c:reassemble_l2","message":"l2_reassemble_pending","data":{"pkt_id":2337,"frag_idx":0,"nd":1465}}
{"sessionId":"0173da","runId":"post-fix","timestamp":1783913472067,"hypothesisId":"L2","location":"dataplane_wan.c:reassemble_l2","message":"l2_reassemble_pending","data":{"pkt_id":2475,"frag_idx":0,"nd":1465}}
{"sessionId":"0173da","runId":"post-fix","timestamp":1783913472067,"hypothesisId":"L2","location":"dataplane_wan.c:reassemble_l2","message":"l2_reassemble_pending","data":{"pkt_id":2163,"frag_idx":0,"nd":1465}}
{"sessionId":"0173da","runId":"post-fix","timestamp":1783913472067,"hypothesisId":"L2","location":"dataplane_wan.c:reassemble_l2","message":"l2_reassemble_pending","data":{"pkt_id":1828,"frag_idx":0,"nd":1465}}
{"sessionId":"0173da","runId":"post-fix","timestamp":1783913472067,"hypothesisId":"L2","location":"dataplane_wan.c:reassemble_l2","message":"l2_reassemble_pending","data":{"pkt_id":2006,"frag_idx":0,"nd":1465}}
{"sessionId":"0173da","runId":"post-fix","timestamp":1783913472067,"hypothesisId":"L2","location":"dataplane_wan.c:reassemble_l2","message":"l2_reassemble_pending","data":{"pkt_id":1508,"frag_idx":0,"nd":1465}}
{"sessionId":"0173da","runId":"post-fix","timestamp":1783913472067,"hypothesisId":"L2","location":"dataplane_wan.c:reassemble_l2","message":"l2_reassemble_pending","data":{"pkt_id":2340,"frag_idx":0,"nd":1465}}
{"sessionId":"0173da","runId":"post-fix","timestamp":1783913472067,"hypothesisId":"L2","location":"dataplane_wan.c:reassemble_l2","message":"l2_reassemble_pending","data":{"pkt_id":2478,"frag_idx":0,"nd":1465}}
{"sessionId":"0173da","runId":"post-fix","timestamp":1783913472067,"hypothesisId":"L2","location":"dataplane_wan.c:reassemble_l2","message":"l2_reassemble_pending","data":{"pkt_id":2182,"frag_idx":0,"nd":1465}}
{"sessionId":"0173da","runId":"post-fix","timestamp":1783913472067,"hypothesisId":"L2","location":"dataplane_wan.c:reassemble_l2","message":"l2_reassemble_pending","data":{"pkt_id":2007,"frag_idx":0,"nd":1465}}
{"sessionId":"0173da","runId":"post-fix","timestamp":1783913472067,"hypothesisId":"L2","location":"dataplane_wan.c:reassemble_l2","message":"l2_reassemble_pending","data":{"pkt_id":1534,"frag_idx":0,"nd":1465}}
{"sessionId":"0173da","runId":"post-fix","timestamp":1783913472067,"hypothesisId":"L2","location":"dataplane_wan.c:reassemble_l2","message":"l2_reassemble_pending","data":{"pkt_id":1833,"frag_idx":0,"nd":1465}}
{"sessionId":"0173da","runId":"post-fix","timestamp":1783913472067,"hypothesisId":"L2","location":"dataplane_wan.c:reassemble_l2","message":"l2_reassemble_pending","data":{"pkt_id":2480,"frag_idx":0,"nd":1465}}
{"sessionId":"0173da","runId":"post-fix","timestamp":1783913472067,"hypothesisId":"L2","location":"dataplane_wan.c:reassemble_l2","message":"l2_reassemble_pending","data":{"pkt_id":2342,"frag_idx":0,"nd":1465}}
{"sessionId":"0173da","runId":"post-fix","timestamp":1783913472067,"hypothesisId":"L2","location":"dataplane_wan.c:reassemble_l2","message":"l2_reassemble_pending","data":{"pkt_id":2185,"frag_idx":0,"nd":1465}}
{"sessionId":"0173da","runId":"post-fix","timestamp":1783913472067,"hypothesisId":"L2","location":"dataplane_wan.c:reassemble_l2","message":"l2_reassemble_pending","data":{"pkt_id":1516,"frag_idx":0,"nd":1465}}
{"sessionId":"0173da","runId":"post-fix","timestamp":1783913472067,"hypothesisId":"L2","location":"dataplane_wan.c:reassemble_l2","message":"l2_reassemble_pending","data":{"pkt_id":1974,"frag_idx":0,"nd":1465}}
{"sessionId":"0173da","runId":"post-fix","timestamp":1783913472067,"hypothesisId":"L2","location":"dataplane_wan.c:reassemble_l2","message":"l2_reassemble_pending","data":{"pkt_id":1836,"frag_idx":0,"nd":1465}}
{"sessionId":"0173da","runId":"post-fix","timestamp":1783913472067,"hypothesisId":"L2","location":"dataplane_wan.c:reassemble_l2","message":"l2_reassemble_pending","data":{"pkt_id":2347,"frag_idx":0,"nd":1465}}
{"sessionId":"0173da","runId":"post-fix","timestamp":1783913472067,"hypothesisId":"L2","location":"dataplane_wan.c:reassemble_l2","message":"l2_reassemble_pending","data":{"pkt_id":2183,"frag_idx":0,"nd":1465}}
{"sessionId":"0173da","runId":"post-fix","timestamp":1783913472067,"hypothesisId":"L2","location":"dataplane_wan.c:reassemble_l2","message":"l2_reassemble_pending","data":{"pkt_id":2483,"frag_idx":0,"nd":1465}}
{"sessionId":"0173da","runId":"post-fix","timestamp":1783913472067,"hypothesisId":"L2","location":"dataplane_wan.c:reassemble_l2","message":"l2_reassemble_pending","data":{"pkt_id":1536,"frag_idx":0,"nd":1465}}
{"sessionId":"0173da","runId":"post-fix","timestamp":1783913472067,"hypothesisId":"L2","location":"dataplane_wan.c:reassemble_l2","message":"l2_reassemble_pending","data":{"pkt_id":1993,"frag_idx":0,"nd":1465}}
{"sessionId":"0173da","runId":"post-fix","timestamp":1783913472067,"hypothesisId":"L2","location":"dataplane_wan.c:reassemble_l2","message":"l2_reassemble_pending","data":{"pkt_id":1841,"frag_idx":0,"nd":1465}}
{"sessionId":"0173da","runId":"post-fix","timestamp":1783913472067,"hypothesisId":"L2","location":"dataplane_wan.c:reassemble_l2","message":"l2_reassemble_pending","data":{"pkt_id":2350,"frag_idx":0,"nd":1465}}
{"sessionId":"0173da","runId":"post-fix","timestamp":1783913472067,"hypothesisId":"L2","location":"dataplane_wan.c:reassemble_l2","message":"l2_reassemble_pending","data":{"pkt_id":2511,"frag_idx":0,"nd":1465}}
{"sessionId":"0173da","runId":"post-fix","timestamp":1783913472067,"hypothesisId":"L2","location":"dataplane_wan.c:reassemble_l2","message":"l2_reassemble_pending","data":{"pkt_id":2184,"frag_idx":0,"nd":1465}}
{"sessionId":"0173da","runId":"post-fix","timestamp":1783913472067,"hypothesisId":"L2","location":"dataplane_wan.c:reassemble_l2","message":"l2_reassemble_pending","data":{"pkt_id":1995,"frag_idx":0,"nd":1465}}
{"sessionId":"0173da","runId":"post-fix","timestamp":1783913472067,"hypothesisId":"L2","location":"dataplane_wan.c:reassemble_l2","message":"l2_reassemble_pending","data":{"pkt_id":1519,"frag_idx":0,"nd":1465}}
{"sessionId":"0173da","runId":"post-fix","timestamp":1783913472067,"hypothesisId":"L2","location":"dataplane_wan.c:reassemble_l2","message":"l2_reassemble_pending","data":{"pkt_id":1846,"frag_idx":0,"nd":1465}}
{"sessionId":"0173da","runId":"post-fix","timestamp":1783913472067,"hypothesisId":"L2","location":"dataplane_wan.c:reassemble_l2","message":"l2_reassemble_pending","data":{"pkt_id":2353,"frag_idx":0,"nd":1465}}
{"sessionId":"0173da","runId":"post-fix","timestamp":1783913472067,"hypothesisId":"L2","location":"dataplane_wan.c:reassemble_l2","message":"l2_reassemble_pending","data":{"pkt_id":2504,"frag_idx":0,"nd":1465}}
{"sessionId":"0173da","runId":"post-fix","timestamp":1783913472067,"hypothesisId":"L2","location":"dataplane_wan.c:reassemble_l2","message":"l2_reassemble_pending","data":{"pkt_id":2189,"frag_idx":0,"nd":1465}}
{"sessionId":"0173da","runId":"post-fix","timestamp":1783913472067,"hypothesisId":"L2","location":"dataplane_wan.c:reassemble_l2","message":"l2_reassemble_pending","data":{"pkt_id":1997,"frag_idx":0,"nd":1465}}
{"sessionId":"0173da","runId":"post-fix","timestamp":1783913472067,"hypothesisId":"L2","location":"dataplane_wan.c:reassemble_l2","message":"l2_reassemble_pending","data":{"pkt_id":1540,"frag_idx":0,"nd":1465}}
{"sessionId":"0173da","runId":"post-fix","timestamp":1783913472067,"hypothesisId":"L2","location":"dataplane_wan.c:reassemble_l2","message":"l2_reassemble_pending","data":{"pkt_id":1850,"frag_idx":0,"nd":1465}}
{"sessionId":"0173da","runId":"post-fix","timestamp":1783913472067,"hypothesisId":"L2","location":"dataplane_wan.c:reassemble_l2","message":"l2_reassemble_pending","data":{"pkt_id":2505,"frag_idx":0,"nd":1465}}
{"sessionId":"0173da","runId":"post-fix","timestamp":1783913472067,"hypothesisId":"L2","location":"dataplane_wan.c:reassemble_l2","message":"l2_reassemble_pending","data":{"pkt_id":2360,"frag_idx":0,"nd":1465}}
{"sessionId":"0173da","runId":"post-fix","timestamp":1783913472067,"hypothesisId":"L2","location":"dataplane_wan.c:reassemble_l2","message":"l2_reassemble_pending","data":{"pkt_id":2193,"frag_idx":0,"nd":1465}}
{"sessionId":"0173da","runId":"post-fix","timestamp":1783913472067,"hypothesisId":"L2","location":"dataplane_wan.c:reassemble_l2","message":"l2_reassemble_pending","data":{"pkt_id":2000,"frag_idx":0,"nd":1465}}
{"sessionId":"0173da","runId":"post-fix","timestamp":1783913472067,"hypothesisId":"L2","location":"dataplane_wan.c:reassemble_l2","message":"l2_reassemble_pending","data":{"pkt_id":1853,"frag_idx":0,"nd":1465}}
{"sessionId":"0173da","runId":"post-fix","timestamp":1783913472067,"hypothesisId":"L2","location":"dataplane_wan.c:reassemble_l2","message":"l2_reassemble_pending","data":{"pkt_id":1555,"frag_idx":0,"nd":1465}}
{"sessionId":"0173da","runId":"post-fix","timestamp":1783913472067,"hypothesisId":"L2","location":"dataplane_wan.c:reassemble_l2","message":"l2_reassemble_pending","data":{"pkt_id":2507,"frag_idx":0,"nd":1465}}
{"sessionId":"0173da","runId":"post-fix","timestamp":1783913472067,"hypothesisId":"L2","location":"dataplane_wan.c:reassemble_l2","message":"l2_reassemble_pending","data":{"pkt_id":2197,"frag_idx":0,"nd":1465}}
{"sessionId":"0173da","runId":"post-fix","timestamp":1783913472067,"hypothesisId":"L2","location":"dataplane_wan.c:reassemble_l2","message":"l2_reassemble_pending","data":{"pkt_id":2400,"frag_idx":0,"nd":1465}}
{"sessionId":"0173da","runId":"post-fix","timestamp":1783913472067,"hypothesisId":"L2","location":"dataplane_wan.c:reassemble_l2","message":"l2_reassemble_pending","data":{"pkt_id":2003,"frag_idx":0,"nd":1465}}
{"sessionId":"0173da","runId":"post-fix","timestamp":1783913472067,"hypothesisId":"L2","location":"dataplane_wan.c:reassemble_l2","message":"l2_reassemble_pending","data":{"pkt_id":1856,"frag_idx":0,"nd":1465}}
{"sessionId":"0173da","runId":"post-fix","timestamp":1783913472067,"hypothesisId":"L2","location":"dataplane_wan.c:reassemble_l2","message":"l2_reassemble_pending","data":{"pkt_id":1571,"frag_idx":0,"nd":1465}}
{"sessionId":"0173da","runId":"post-fix","timestamp":1783913472067,"hypothesisId":"L2","location":"dataplane_wan.c:reassemble_l2","message":"l2_reassemble_pending","data":{"pkt_id":2509,"frag_idx":0,"nd":1465}}
{"sessionId":"0173da","runId":"post-fix","timestamp":1783913472067,"hypothesisId":"L2","location":"dataplane_wan.c:reassemble_l2","message":"l2_reassemble_pending","data":{"pkt_id":2199,"frag_idx":0,"nd":1465}}
{"sessionId":"0173da","runId":"post-fix","timestamp":1783913472067,"hypothesisId":"L2","location":"dataplane_wan.c:reassemble_l2","message":"l2_reassemble_pending","data":{"pkt_id":2404,"frag_idx":0,"nd":1465}}
{"sessionId":"0173da","runId":"post-fix","timestamp":1783913472067,"hypothesisId":"L2","location":"dataplane_wan.c:reassemble_l2","message":"l2_reassemble_pending","data":{"pkt_id":2015,"frag_idx":0,"nd":1465}}
{"sessionId":"0173da","runId":"post-fix","timestamp":1783913472067,"hypothesisId":"L2","location":"dataplane_wan.c:reassemble_l2","message":"l2_reassemble_pending","data":{"pkt_id":1858,"frag_idx":0,"nd":1465}}
{"sessionId":"0173da","runId":"post-fix","timestamp":1783913472067,"hypothesisId":"L2","location":"dataplane_wan.c:reassemble_l2","message":"l2_reassemble_pending","data":{"pkt_id":2514,"frag_idx":0,"nd":1465}}
{"sessionId":"0173da","runId":"post-fix","timestamp":1783913472067,"hypothesisId":"L2","location":"dataplane_wan.c:reassemble_l2","message":"l2_reassemble_pending","data":{"pkt_id":1570,"frag_idx":0,"nd":1465}}
{"sessionId":"0173da","runId":"post-fix","timestamp":1783913472067,"hypothesisId":"L2","location":"dataplane_wan.c:reassemble_l2","message":"l2_reassemble_pending","data":{"pkt_id":2201,"frag_idx":0,"nd":1465}}
{"sessionId":"0173da","runId":"post-fix","timestamp":1783913472067,"hypothesisId":"L2","location":"dataplane_wan.c:reassemble_l2","message":"l2_reassemble_pending","data":{"pkt_id":2406,"frag_idx":0,"nd":1465}}
{"sessionId":"0173da","runId":"post-fix","timestamp":1783913472067,"hypothesisId":"L2","location":"dataplane_wan.c:reassemble_l2","message":"l2_reassemble_pending","data":{"pkt_id":2011,"frag_idx":0,"nd":1465}}
{"sessionId":"0173da","runId":"post-fix","timestamp":1783913472067,"hypothesisId":"L2","location":"dataplane_wan.c:reassemble_l2","message":"l2_reassemble_pending","data":{"pkt_id":1862,"frag_idx":0,"nd":1465}}
{"sessionId":"0173da","runId":"post-fix","timestamp":1783913472067,"hypothesisId":"L2","location":"dataplane_wan.c:reassemble_l2","message":"l2_reassemble_pending","data":{"pkt_id":2542,"frag_idx":0,"nd":1465}}
{"sessionId":"0173da","runId":"post-fix","timestamp":1783913472067,"hypothesisId":"L2","location":"dataplane_wan.c:reassemble_l2","message":"l2_reassemble_pending","data":{"pkt_id":2202,"frag_idx":0,"nd":1465}}
{"sessionId":"0173da","runId":"post-fix","timestamp":1783913472067,"hypothesisId":"L2","location":"dataplane_wan.c:reassemble_l2","message":"l2_reassemble_pending","data":{"pkt_id":2408,"frag_idx":0,"nd":1465}}
{"sessionId":"0173da","runId":"post-fix","timestamp":1783913472067,"hypothesisId":"L2","location":"dataplane_wan.c:reassemble_l2","message":"l2_reassemble_pending","data":{"pkt_id":1574,"frag_idx":0,"nd":1465}}
{"sessionId":"0173da","runId":"post-fix","timestamp":1783913472067,"hypothesisId":"L2","location":"dataplane_wan.c:reassemble_l2","message":"l2_reassemble_pending","data":{"pkt_id":1864,"frag_idx":0,"nd":1465}}
{"sessionId":"0173da","runId":"post-fix","timestamp":1783913472067,"hypothesisId":"L2","location":"dataplane_wan.c:reassemble_l2","message":"l2_reassemble_pending","data":{"pkt_id":2543,"frag_idx":0,"nd":1465}}
{"sessionId":"0173da","runId":"post-fix","timestamp":1783913472067,"hypothesisId":"L2","location":"dataplane_wan.c:reassemble_l2","message":"l2_reassemble_pending","data":{"pkt_id":2016,"frag_idx":0,"nd":1465}}
{"sessionId":"0173da","runId":"post-fix","timestamp":1783913472067,"hypothesisId":"L2","location":"dataplane_wan.c:reassemble_l2","message":"l2_reassemble_pending","data":{"pkt_id":2204,"frag_idx":0,"nd":1465}}
{"sessionId":"0173da","runId":"post-fix","timestamp":1783913472067,"hypothesisId":"L2","location":"dataplane_wan.c:reassemble_l2","message":"l2_reassemble_pending","data":{"pkt_id":1577,"frag_idx":0,"nd":1465}}
{"sessionId":"0173da","runId":"post-fix","timestamp":1783913472067,"hypothesisId":"L2","location":"dataplane_wan.c:reassemble_l2","message":"l2_reassemble_pending","data":{"pkt_id":2018,"frag_idx":0,"nd":1465}}
{"sessionId":"0173da","runId":"post-fix","timestamp":1783913472067,"hypothesisId":"L2","location":"dataplane_wan.c:reassemble_l2","message":"l2_reassemble_pending","data":{"pkt_id":2410,"frag_idx":0,"nd":1465}}
{"sessionId":"0173da","runId":"post-fix","timestamp":1783913472067,"hypothesisId":"L2","location":"dataplane_wan.c:reassemble_l2","message":"l2_reassemble_pending","data":{"pkt_id":2544,"frag_idx":0,"nd":1465}}
{"sessionId":"0173da","runId":"post-fix","timestamp":1783913472067,"hypothesisId":"L2","location":"dataplane_wan.c:reassemble_l2","message":"l2_reassemble_pending","data":{"pkt_id":1867,"frag_idx":0,"nd":1465}}
{"sessionId":"0173da","runId":"post-fix","timestamp":1783913472067,"hypothesisId":"L2","location":"dataplane_wan.c:reassemble_l2","message":"l2_reassemble_pending","data":{"pkt_id":2205,"frag_idx":0,"nd":1465}}
{"sessionId":"0173da","runId":"post-fix","timestamp":1783913472067,"hypothesisId":"L2","location":"dataplane_wan.c:reassemble_l2","message":"l2_reassemble_pending","data":{"pkt_id":1580,"frag_idx":0,"nd":1465}}
{"sessionId":"0173da","runId":"post-fix","timestamp":1783913472067,"hypothesisId":"L2","location":"dataplane_wan.c:reassemble_l2","message":"l2_reassemble_pending","data":{"pkt_id":2412,"frag_idx":0,"nd":1465}}
{"sessionId":"0173da","runId":"post-fix","timestamp":1783913472067,"hypothesisId":"L2","location":"dataplane_wan.c:reassemble_l2","message":"l2_reassemble_pending","data":{"pkt_id":2551,"frag_idx":0,"nd":1465}}
{"sessionId":"0173da","runId":"post-fix","timestamp":1783913472067,"hypothesisId":"L2","location":"dataplane_wan.c:reassemble_l2","message":"l2_reassemble_pending","data":{"pkt_id":1860,"frag_idx":0,"nd":1465}}
{"sessionId":"0173da","runId":"post-fix","timestamp":1783913472067,"hypothesisId":"L2","location":"dataplane_wan.c:reassemble_l2","message":"l2_reassemble_pending","data":{"pkt_id":2024,"frag_idx":0,"nd":1465}}
{"sessionId":"0173da","runId":"post-fix","timestamp":1783913472067,"hypothesisId":"L2","location":"dataplane_wan.c:reassemble_l2","message":"l2_reassemble_pending","data":{"pkt_id":2206,"frag_idx":0,"nd":1465}}
{"sessionId":"0173da","runId":"post-fix","timestamp":1783913472068,"hypothesisId":"L2","location":"dataplane_wan.c:reassemble_l2","message":"l2_reassemble_pending","data":{"pkt_id":1583,"frag_idx":0,"nd":1465}}
{"sessionId":"0173da","runId":"post-fix","timestamp":1783913472068,"hypothesisId":"L2","location":"dataplane_wan.c:reassemble_l2","message":"l2_reassemble_pending","data":{"pkt_id":2413,"frag_idx":0,"nd":1465}}
{"sessionId":"0173da","runId":"post-fix","timestamp":1783913472068,"hypothesisId":"L2","location":"dataplane_wan.c:reassemble_l2","message":"l2_reassemble_pending","data":{"pkt_id":2552,"frag_idx":0,"nd":1465}}
{"sessionId":"0173da","runId":"post-fix","timestamp":1783913472068,"hypothesisId":"L2","location":"dataplane_wan.c:reassemble_l2","message":"l2_reassemble_pending","data":{"pkt_id":1870,"frag_idx":0,"nd":1465}}
{"sessionId":"0173da","runId":"post-fix","timestamp":1783913472068,"hypothesisId":"L2","location":"dataplane_wan.c:reassemble_l2","message":"l2_reassemble_pending","data":{"pkt_id":2030,"frag_idx":0,"nd":1465}}
{"sessionId":"0173da","runId":"post-fix","timestamp":1783913472068,"hypothesisId":"L2","location":"dataplane_wan.c:reassemble_l2","message":"l2_reassemble_pending","data":{"pkt_id":2207,"frag_idx":0,"nd":1465}}
{"sessionId":"0173da","runId":"post-fix","timestamp":1783913472068,"hypothesisId":"L2","location":"dataplane_wan.c:reassemble_l2","message":"l2_reassemble_pending","data":{"pkt_id":1585,"frag_idx":0,"nd":1465}}
{"sessionId":"0173da","runId":"post-fix","timestamp":1783913472068,"hypothesisId":"L2","location":"dataplane_wan.c:reassemble_l2","message":"l2_reassemble_pending","data":{"pkt_id":2554,"frag_idx":0,"nd":1465}}
{"sessionId":"0173da","runId":"post-fix","timestamp":1783913472068,"hypothesisId":"L2","location":"dataplane_wan.c:reassemble_l2","message":"l2_reassemble_pending","data":{"pkt_id":1875,"frag_idx":0,"nd":1465}}
{"sessionId":"0173da","runId":"post-fix","timestamp":1783913472068,"hypothesisId":"L2","location":"dataplane_wan.c:reassemble_l2","message":"l2_reassemble_pending","data":{"pkt_id":2037,"frag_idx":0,"nd":1465}}
{"sessionId":"0173da","runId":"post-fix","timestamp":1783913472068,"hypothesisId":"L2","location":"dataplane_wan.c:reassemble_l2","message":"l2_reassemble_pending","data":{"pkt_id":2209,"frag_idx":0,"nd":1465}}
{"sessionId":"0173da","runId":"post-fix","timestamp":1783913472068,"hypothesisId":"L2","location":"dataplane_wan.c:reassemble_l2","message":"l2_reassemble_pending","data":{"pkt_id":2416,"frag_idx":0,"nd":1465}}
{"sessionId":"0173da","runId":"post-fix","timestamp":1783913472068,"hypothesisId":"L2","location":"dataplane_wan.c:reassemble_l2","message":"l2_reassemble_pending","data":{"pkt_id":1587,"frag_idx":0,"nd":1465}}
{"sessionId":"0173da","runId":"post-fix","timestamp":1783913472068,"hypothesisId":"L2","location":"dataplane_wan.c:reassemble_l2","message":"l2_reassemble_pending","data":{"pkt_id":2033,"frag_idx":0,"nd":1465}}
{"sessionId":"0173da","runId":"post-fix","timestamp":1783913472068,"hypothesisId":"L2","location":"dataplane_wan.c:reassemble_l2","message":"l2_reassemble_pending","data":{"pkt_id":2414,"frag_idx":0,"nd":1465}}
{"sessionId":"0173da","runId":"post-fix","timestamp":1783913472068,"hypothesisId":"L2","location":"dataplane_wan.c:reassemble_l2","message":"l2_reassemble_pending","data":{"pkt_id":2563,"frag_idx":0,"nd":1465}}
{"sessionId":"0173da","runId":"post-fix","timestamp":1783913472068,"hypothesisId":"L2","location":"dataplane_wan.c:reassemble_l2","message":"l2_reassemble_pending","data":{"pkt_id":2217,"frag_idx":0,"nd":1465}}
{"sessionId":"0173da","runId":"post-fix","timestamp":1783913472068,"hypothesisId":"L2","location":"dataplane_wan.c:reassemble_l2","message":"l2_reassemble_pending","data":{"pkt_id":1903,"frag_idx":0,"nd":1465}}
{"sessionId":"0173da","runId":"post-fix","timestamp":1783913472068,"hypothesisId":"L2","location":"dataplane_wan.c:reassemble_l2","message":"l2_reassemble_pending","data":{"pkt_id":1588,"frag_idx":0,"nd":1465}}
{"sessionId":"0173da","runId":"post-fix","timestamp":1783913472068,"hypothesisId":"L2","location":"dataplane_wan.c:reassemble_l2","message":"l2_reassemble_pending","data":{"pkt_id":2419,"frag_idx":0,"nd":1465}}
{"sessionId":"0173da","runId":"post-fix","timestamp":1783913472068,"hypothesisId":"L2","location":"dataplane_wan.c:reassemble_l2","message":"l2_reassemble_pending","data":{"pkt_id":2595,"frag_idx":0,"nd":1465}}
{"sessionId":"0173da","runId":"post-fix","timestamp":1783913472068,"hypothesisId":"L2","location":"dataplane_wan.c:reassemble_l2","message":"l2_reassemble_pending","data":{"pkt_id":2053,"frag_idx":0,"nd":1465}}
{"sessionId":"0173da","runId":"post-fix","timestamp":1783913472068,"hypothesisId":"L2","location":"dataplane_wan.c:reassemble_l2","message":"l2_reassemble_pending","data":{"pkt_id":2222,"frag_idx":0,"nd":1465}}
{"sessionId":"0173da","runId":"post-fix","timestamp":1783913472068,"hypothesisId":"L2","location":"dataplane_wan.c:reassemble_l2","message":"l2_reassemble_pending","data":{"pkt_id":1907,"frag_idx":0,"nd":1465}}
{"sessionId":"0173da","runId":"post-fix","timestamp":1783913472068,"hypothesisId":"L2","location":"dataplane_wan.c:reassemble_l2","message":"l2_reassemble_pending","data":{"pkt_id":1591,"frag_idx":0,"nd":1465}}
{"sessionId":"0173da","runId":"post-fix","timestamp":1783913472068,"hypothesisId":"L2","location":"dataplane_wan.c:reassemble_l2","message":"l2_reassemble_pending","data":{"pkt_id":2421,"frag_idx":0,"nd":1465}}
{"sessionId":"0173da","runId":"post-fix","timestamp":1783913472068,"hypothesisId":"L2","location":"dataplane_wan.c:reassemble_l2","message":"l2_reassemble_pending","data":{"pkt_id":2602,"frag_idx":0,"nd":1465}}
{"sessionId":"0173da","runId":"post-fix","timestamp":1783913472068,"hypothesisId":"L2","location":"dataplane_wan.c:reassemble_l2","message":"l2_reassemble_pending","data":{"pkt_id":2054,"frag_idx":0,"nd":1465}}
{"sessionId":"0173da","runId":"post-fix","timestamp":1783913472068,"hypothesisId":"L2","location":"dataplane_wan.c:reassemble_l2","message":"l2_reassemble_pending","data":{"pkt_id":1920,"frag_idx":0,"nd":1465}}
{"sessionId":"0173da","runId":"post-fix","timestamp":1783913472068,"hypothesisId":"L2","location":"dataplane_wan.c:reassemble_l2","message":"l2_reassemble_pending","data":{"pkt_id":2226,"frag_idx":0,"nd":1465}}
{"sessionId":"0173da","runId":"post-fix","timestamp":1783913472068,"hypothesisId":"L2","location":"dataplane_wan.c:reassemble_l2","message":"l2_reassemble_pending","data":{"pkt_id":2423,"frag_idx":0,"nd":1465}}
{"sessionId":"0173da","runId":"post-fix","timestamp":1783913472068,"hypothesisId":"L2","location":"dataplane_wan.c:reassemble_l2","message":"l2_reassemble_pending","data":{"pkt_id":1603,"frag_idx":0,"nd":1465}}
{"sessionId":"0173da","runId":"post-fix","timestamp":1783913472068,"hypothesisId":"L2","location":"dataplane_wan.c:reassemble_l2","message":"l2_reassemble_pending","data":{"pkt_id":2057,"frag_idx":0,"nd":1465}}
{"sessionId":"0173da","runId":"post-fix","timestamp":1783913472068,"hypothesisId":"L2","location":"dataplane_wan.c:reassemble_l2","message":"l2_reassemble_pending","data":{"pkt_id":1921,"frag_idx":0,"nd":1465}}
{"sessionId":"0173da","runId":"post-fix","timestamp":1783913472068,"hypothesisId":"L2","location":"dataplane_wan.c:reassemble_l2","message":"l2_reassemble_pending","data":{"pkt_id":2600,"frag_idx":0,"nd":1465}}
{"sessionId":"0173da","runId":"post-fix","timestamp":1783913472068,"hypothesisId":"L2","location":"dataplane_wan.c:reassemble_l2","message":"l2_reassemble_pending","data":{"pkt_id":2228,"frag_idx":0,"nd":1465}}
{"sessionId":"0173da","runId":"post-fix","timestamp":1783913472068,"hypothesisId":"L2","location":"dataplane_wan.c:reassemble_l2","message":"l2_reassemble_pending","data":{"pkt_id":2425,"frag_idx":0,"nd":1465}}
{"sessionId":"0173da","runId":"post-fix","timestamp":1783913472068,"hypothesisId":"L2","location":"dataplane_wan.c:reassemble_l2","message":"l2_reassemble_pending","data":{"pkt_id":1922,"frag_idx":1,"nd":63}}
{"sessionId":"0173da","runId":"post-fix","timestamp":1783913472068,"hypothesisId":"L2","location":"dataplane_wan.c:reassemble_l2","message":"l2_reassemble_pending","data":{"pkt_id":2065,"frag_idx":0,"nd":1465}}
{"sessionId":"0173da","runId":"post-fix","timestamp":1783913472068,"hypothesisId":"L2","location":"dataplane_wan.c:reassemble_l2","message":"l2_reassemble_pending","data":{"pkt_id":2604,"frag_idx":0,"nd":1465}}
{"sessionId":"0173da","runId":"post-fix","timestamp":1783913472068,"hypothesisId":"L2","location":"dataplane_wan.c:reassemble_l2","message":"l2_reassemble_pending","data":{"pkt_id":1608,"frag_idx":0,"nd":1465}}
{"sessionId":"0173da","runId":"post-fix","timestamp":1783913472068,"hypothesisId":"L2","location":"dataplane_wan.c:reassemble_l2","message":"l2_reassemble_pending","data":{"pkt_id":2230,"frag_idx":0,"nd":1465}}
{"sessionId":"0173da","runId":"post-fix","timestamp":1783913472068,"hypothesisId":"L2","location":"dataplane_wan.c:reassemble_l2","message":"l2_reassemble_pending","data":{"pkt_id":2427,"frag_idx":0,"nd":1465}}
{"sessionId":"0173da","runId":"post-fix","timestamp":1783913472068,"hypothesisId":"L2","location":"dataplane_wan.c:reassemble_l2","message":"l2_reassemble_pending","data":{"pkt_id":1925,"frag_idx":0,"nd":1465}}
{"sessionId":"0173da","runId":"post-fix","timestamp":1783913472068,"hypothesisId":"L2","location":"dataplane_wan.c:reassemble_l2","message":"l2_reassemble_pending","data":{"pkt_id":2607,"frag_idx":0,"nd":1465}}
{"sessionId":"0173da","runId":"post-fix","timestamp":1783913472068,"hypothesisId":"L2","location":"dataplane_wan.c:reassemble_l2","message":"l2_reassemble_pending","data":{"pkt_id":2071,"frag_idx":0,"nd":1465}}
{"sessionId":"0173da","runId":"post-fix","timestamp":1783913472068,"hypothesisId":"L2","location":"dataplane_wan.c:reassemble_l2","message":"l2_reassemble_pending","data":{"pkt_id":2231,"frag_idx":0,"nd":1465}}
{"sessionId":"0173da","runId":"post-fix","timestamp":1783913472068,"hypothesisId":"L2","location":"dataplane_wan.c:reassemble_l2","message":"l2_reassemble_pending","data":{"pkt_id":1612,"frag_idx":0,"nd":1465}}
{"sessionId":"0173da","runId":"post-fix","timestamp":1783913472068,"hypothesisId":"L2","location":"dataplane_wan.c:reassemble_l2","message":"l2_reassemble_pending","data":{"pkt_id":2428,"frag_idx":0,"nd":1465}}
{"sessionId":"0173da","runId":"post-fix","timestamp":1783913472068,"hypothesisId":"L2","location":"dataplane_wan.c:reassemble_l2","message":"l2_reassemble_pending","data":{"pkt_id":1927,"frag_idx":0,"nd":1465}}
{"sessionId":"0173da","runId":"post-fix","timestamp":1783913472068,"hypothesisId":"L2","location":"dataplane_wan.c:reassemble_l2","message":"l2_reassemble_pending","data":{"pkt_id":2611,"frag_idx":0,"nd":1465}}
{"sessionId":"0173da","runId":"post-fix","timestamp":1783913472068,"hypothesisId":"L2","location":"dataplane_wan.c:reassemble_l2","message":"l2_reassemble_pending","data":{"pkt_id":2076,"frag_idx":0,"nd":1465}}
{"sessionId":"0173da","runId":"post-fix","timestamp":1783913472068,"hypothesisId":"L2","location":"dataplane_wan.c:reassemble_l2","message":"l2_reassemble_pending","data":{"pkt_id":2232,"frag_idx":0,"nd":1465}}
{"sessionId":"0173da","runId":"post-fix","timestamp":1783913472068,"hypothesisId":"L2","location":"dataplane_wan.c:reassemble_l2","message":"l2_reassemble_pending","data":{"pkt_id":2470,"frag_idx":0,"nd":1465}}
{"sessionId":"0173da","runId":"post-fix","timestamp":1783913472068,"hypothesisId":"L2","location":"dataplane_wan.c:reassemble_l2","message":"l2_reassemble_pending","data":{"pkt_id":1929,"frag_idx":0,"nd":1465}}
{"sessionId":"0173da","runId":"post-fix","timestamp":1783913472068,"hypothesisId":"L2","location":"dataplane_wan.c:reassemble_l2","message":"l2_reassemble_pending","data":{"pkt_id":1614,"frag_idx":0,"nd":1465}}
{"sessionId":"0173da","runId":"post-fix","timestamp":1783913472068,"hypothesisId":"L2","location":"dataplane_wan.c:reassemble_l2","message":"l2_reassemble_pending","data":{"pkt_id":2637,"frag_idx":0,"nd":1465}}
{"sessionId":"0173da","runId":"post-fix","timestamp":1783913472068,"hypothesisId":"L2","location":"dataplane_wan.c:reassemble_l2","message":"l2_reassemble_pending","data":{"pkt_id":2082,"frag_idx":0,"nd":1465}}
{"sessionId":"0173da","runId":"post-fix","timestamp":1783913472068,"hypothesisId":"L2","location":"dataplane_wan.c:reassemble_l2","message":"l2_reassemble_pending","data":{"pkt_id":2477,"frag_idx":0,"nd":1465}}
{"sessionId":"0173da","runId":"post-fix","timestamp":1783913472068,"hypothesisId":"L2","location":"dataplane_wan.c:reassemble_l2","message":"l2_reassemble_pending","data":{"pkt_id":2233,"frag_idx":0,"nd":1465}}
{"sessionId":"0173da","runId":"post-fix","timestamp":1783913472068,"hypothesisId":"L2","location":"dataplane_wan.c:reassemble_l2","message":"l2_reassemble_pending","data":{"pkt_id":1931,"frag_idx":0,"nd":1465}}
{"sessionId":"0173da","runId":"post-fix","timestamp":1783913472068,"hypothesisId":"L2","location":"dataplane_wan.c:reassemble_l2","message":"l2_reassemble_pending","data":{"pkt_id":2617,"frag_idx":0,"nd":1465}}
{"sessionId":"0173da","runId":"post-fix","timestamp":1783913472068,"hypothesisId":"L2","location":"dataplane_wan.c:reassemble_l2","message":"l2_reassemble_pending","data":{"pkt_id":1701,"frag_idx":0,"nd":1465}}
{"sessionId":"0173da","runId":"post-fix","timestamp":1783913472068,"hypothesisId":"L2","location":"dataplane_wan.c:reassemble_l2","message":"l2_reassemble_pending","data":{"pkt_id":2088,"frag_idx":0,"nd":1465}}
{"sessionId":"0173da","runId":"post-fix","timestamp":1783913472068,"hypothesisId":"L2","location":"dataplane_wan.c:reassemble_l2","message":"l2_reassemble_pending","data":{"pkt_id":2545,"frag_idx":0,"nd":1465}}
{"sessionId":"0173da","runId":"post-fix","timestamp":1783913472068,"hypothesisId":"L2","location":"dataplane_wan.c:reassemble_l2","message":"l2_reassemble_pending","data":{"pkt_id":2234,"frag_idx":0,"nd":1465}}
{"sessionId":"0173da","runId":"post-fix","timestamp":1783913472068,"hypothesisId":"L2","location":"dataplane_wan.c:reassemble_l2","message":"l2_reassemble_pending","data":{"pkt_id":1933,"frag_idx":0,"nd":1465}}
{"sessionId":"0173da","runId":"post-fix","timestamp":1783913472068,"hypothesisId":"L2","location":"dataplane_wan.c:reassemble_l2","message":"l2_reassemble_pending","data":{"pkt_id":1706,"frag_idx":0,"nd":1465}}
{"sessionId":"0173da","runId":"post-fix","timestamp":1783913472068,"hypothesisId":"L2","location":"dataplane_wan.c:reassemble_l2","message":"l2_reassemble_pending","data":{"pkt_id":2622,"frag_idx":0,"nd":1465}}
{"sessionId":"0173da","runId":"post-fix","timestamp":1783913472068,"hypothesisId":"L2","location":"dataplane_wan.c:reassemble_l2","message":"l2_reassemble_pending","data":{"pkt_id":2091,"frag_idx":0,"nd":1465}}
{"sessionId":"0173da","runId":"post-fix","timestamp":1783913472068,"hypothesisId":"L2","location":"dataplane_wan.c:reassemble_l2","message":"l2_reassemble_pending","data":{"pkt_id":2557,"frag_idx":0,"nd":1465}}
{"sessionId":"0173da","runId":"post-fix","timestamp":1783913472068,"hypothesisId":"L2","location":"dataplane_wan.c:reassemble_l2","message":"l2_reassemble_pending","data":{"pkt_id":2235,"frag_idx":0,"nd":1465}}
{"sessionId":"0173da","runId":"post-fix","timestamp":1783913472068,"hypothesisId":"L2","location":"dataplane_wan.c:reassemble_l2","message":"l2_reassemble_pending","data":{"pkt_id":1936,"frag_idx":0,"nd":1465}}
{"sessionId":"0173da","runId":"post-fix","timestamp":1783913472068,"hypothesisId":"L2","location":"dataplane_wan.c:reassemble_l2","message":"l2_reassemble_pending","data":{"pkt_id":1710,"frag_idx":0,"nd":1465}}
{"sessionId":"0173da","runId":"post-fix","timestamp":1783913472068,"hypothesisId":"L2","location":"dataplane_wan.c:reassemble_l2","message":"l2_reassemble_pending","data":{"pkt_id":2625,"frag_idx":0,"nd":1465}}
{"sessionId":"0173da","runId":"post-fix","timestamp":1783913472068,"hypothesisId":"L2","location":"dataplane_wan.c:reassemble_l2","message":"l2_reassemble_pending","data":{"pkt_id":2562,"frag_idx":0,"nd":1465}}
{"sessionId":"0173da","runId":"post-fix","timestamp":1783913472068,"hypothesisId":"L2","location":"dataplane_wan.c:reassemble_l2","message":"l2_reassemble_pending","data":{"pkt_id":2098,"frag_idx":0,"nd":1465}}
{"sessionId":"0173da","runId":"post-fix","timestamp":1783913472068,"hypothesisId":"L2","location":"dataplane_wan.c:reassemble_l2","message":"l2_reassemble_pending","data":{"pkt_id":2236,"frag_idx":0,"nd":1465}}
{"sessionId":"0173da","runId":"post-fix","timestamp":1783913472068,"hypothesisId":"L2","location":"dataplane_wan.c:reassemble_l2","message":"l2_reassemble_pending","data":{"pkt_id":1938,"frag_idx":0,"nd":1465}}
{"sessionId":"0173da","runId":"post-fix","timestamp":1783913472068,"hypothesisId":"L2","location":"dataplane_wan.c:reassemble_l2","message":"l2_reassemble_pending","data":{"pkt_id":1715,"frag_idx":0,"nd":1465}}
{"sessionId":"0173da","runId":"post-fix","timestamp":1783913472068,"hypothesisId":"L2","location":"dataplane_wan.c:reassemble_l2","message":"l2_reassemble_pending","data":{"pkt_id":2627,"frag_idx":0,"nd":1465}}
{"sessionId":"0173da","runId":"post-fix","timestamp":1783913472068,"hypothesisId":"L2","location":"dataplane_wan.c:reassemble_l2","message":"l2_reassemble_pending","data":{"pkt_id":2566,"frag_idx":0,"nd":1465}}
{"sessionId":"0173da","runId":"post-fix","timestamp":1783913472068,"hypothesisId":"L2","location":"dataplane_wan.c:reassemble_l2","message":"l2_reassemble_pending","data":{"pkt_id":2237,"frag_idx":0,"nd":1465}}
{"sessionId":"0173da","runId":"post-fix","timestamp":1783913472068,"hypothesisId":"L2","location":"dataplane_wan.c:reassemble_l2","message":"l2_reassemble_pending","data":{"pkt_id":2103,"frag_idx":0,"nd":1465}}
{"sessionId":"0173da","runId":"post-fix","timestamp":1783913472068,"hypothesisId":"L2","location":"dataplane_wan.c:reassemble_l2","message":"l2_reassemble_pending","data":{"pkt_id":1940,"frag_idx":0,"nd":1465}}
{"sessionId":"0173da","runId":"post-fix","timestamp":1783913472068,"hypothesisId":"L2","location":"dataplane_wan.c:reassemble_l2","message":"l2_reassemble_pending","data":{"pkt_id":2631,"frag_idx":0,"nd":1465}}
{"sessionId":"0173da","runId":"post-fix","timestamp":1783913472068,"hypothesisId":"L2","location":"dataplane_wan.c:reassemble_l2","message":"l2_reassemble_pending","data":{"pkt_id":1795,"frag_idx":0,"nd":1465}}
{"sessionId":"0173da","runId":"post-fix","timestamp":1783913472068,"hypothesisId":"L2","location":"dataplane_wan.c:reassemble_l2","message":"l2_reassemble_pending","data":{"pkt_id":2567,"frag_idx":0,"nd":1465}}
{"sessionId":"0173da","runId":"post-fix","timestamp":1783913472068,"hypothesisId":"L2","location":"dataplane_wan.c:reassemble_l2","message":"l2_reassemble_pending","data":{"pkt_id":2238,"frag_idx":0,"nd":1465}}
{"sessionId":"0173da","runId":"post-fix","timestamp":1783913472068,"hypothesisId":"L2","location":"dataplane_wan.c:reassemble_l2","message":"l2_reassemble_pending","data":{"pkt_id":2116,"frag_idx":0,"nd":1465}}
{"sessionId":"0173da","runId":"post-fix","timestamp":1783913472068,"hypothesisId":"L2","location":"dataplane_wan.c:reassemble_l2","message":"l2_reassemble_pending","data":{"pkt_id":1943,"frag_idx":0,"nd":1465}}
{"sessionId":"0173da","runId":"post-fix","timestamp":1783913472068,"hypothesisId":"L2","location":"dataplane_wan.c:reassemble_l2","message":"l2_reassemble_pending","data":{"pkt_id":2634,"frag_idx":0,"nd":1465}}
{"sessionId":"0173da","runId":"post-fix","timestamp":1783913472068,"hypothesisId":"L2","location":"dataplane_wan.c:reassemble_l2","message":"l2_reassemble_pending","data":{"pkt_id":2568,"frag_idx":0,"nd":1465}}
{"sessionId":"0173da","runId":"post-fix","timestamp":1783913472068,"hypothesisId":"L2","location":"dataplane_wan.c:reassemble_l2","message":"l2_reassemble_pending","data":{"pkt_id":2239,"frag_idx":0,"nd":1465}}
{"sessionId":"0173da","runId":"post-fix","timestamp":1783913472068,"hypothesisId":"L2","location":"dataplane_wan.c:reassemble_l2","message":"l2_reassemble_pending","data":{"pkt_id":1803,"frag_idx":0,"nd":1465}}
{"sessionId":"0173da","runId":"post-fix","timestamp":1783913472068,"hypothesisId":"L2","location":"dataplane_wan.c:reassemble_l2","message":"l2_reassemble_pending","data":{"pkt_id":2242,"frag_idx":0,"nd":1465}}
{"sessionId":"0173da","runId":"post-fix","timestamp":1783913472068,"hypothesisId":"L2","location":"dataplane_wan.c:reassemble_l2","message":"l2_reassemble_pending","data":{"pkt_id":2658,"frag_idx":0,"nd":1465}}
{"sessionId":"0173da","runId":"post-fix","timestamp":1783913472068,"hypothesisId":"L2","location":"dataplane_wan.c:reassemble_l2","message":"l2_reassemble_pending","data":{"pkt_id":2248,"frag_idx":0,"nd":1465}}
{"sessionId":"0173da","runId":"post-fix","timestamp":1783913472068,"hypothesisId":"L2","location":"dataplane_wan.c:reassemble_l2","message":"l2_reassemble_pending","data":{"pkt_id":1806,"frag_idx":0,"nd":1465}}
{"sessionId":"0173da","runId":"post-fix","timestamp":1783913472068,"hypothesisId":"L2","location":"dataplane_wan.c:dataplane_process_wan","message":"wan_l2_forward_ok","data":{"wire_in":98,"plain_len":1514,"n":2560}}
{"sessionId":"0173da","runId":"post-fix","timestamp":1783913472068,"hypothesisId":"L2","location":"dataplane_wan.c:reassemble_l2","message":"l2_reassemble_pending","data":{"pkt_id":1946,"frag_idx":0,"nd":1465}}
{"sessionId":"0173da","runId":"post-fix","timestamp":1783913472068,"hypothesisId":"L2","location":"dataplane_wan.c:reassemble_l2","message":"l2_reassemble_pending","data":{"pkt_id":2118,"frag_idx":0,"nd":1465}}
{"sessionId":"0173da","runId":"post-fix","timestamp":1783913472069,"hypothesisId":"L2","location":"dataplane_wan.c:reassemble_l2","message":"l2_reassemble_pending","data":{"pkt_id":2664,"frag_idx":0,"nd":1465}}
{"sessionId":"0173da","runId":"post-fix","timestamp":1783913472069,"hypothesisId":"L2","location":"dataplane_wan.c:reassemble_l2","message":"l2_reassemble_pending","data":{"pkt_id":2250,"frag_idx":0,"nd":1465}}
{"sessionId":"0173da","runId":"post-fix","timestamp":1783913472069,"hypothesisId":"L2","location":"dataplane_wan.c:reassemble_l2","message":"l2_reassemble_pending","data":{"pkt_id":2569,"frag_idx":0,"nd":1465}}
{"sessionId":"0173da","runId":"post-fix","timestamp":1783913472069,"hypothesisId":"L2","location":"dataplane_wan.c:reassemble_l2","message":"l2_reassemble_pending","data":{"pkt_id":1808,"frag_idx":0,"nd":1465}}
{"sessionId":"0173da","runId":"post-fix","timestamp":1783913472069,"hypothesisId":"L2","location":"dataplane_wan.c:reassemble_l2","message":"l2_reassemble_pending","data":{"pkt_id":1955,"frag_idx":0,"nd":1465}}
{"sessionId":"0173da","runId":"post-fix","timestamp":1783913472069,"hypothesisId":"L2","location":"dataplane_wan.c:reassemble_l2","message":"l2_reassemble_pending","data":{"pkt_id":2120,"frag_idx":0,"nd":1465}}
{"sessionId":"0173da","runId":"post-fix","timestamp":1783913472069,"hypothesisId":"L2","location":"dataplane_wan.c:reassemble_l2","message":"l2_reassemble_pending","data":{"pkt_id":2672,"frag_idx":0,"nd":1465}}
{"sessionId":"0173da","runId":"post-fix","timestamp":1783913472069,"hypothesisId":"L2","location":"dataplane_wan.c:reassemble_l2","message":"l2_reassemble_pending","data":{"pkt_id":2253,"frag_idx":0,"nd":1465}}
{"sessionId":"0173da","runId":"post-fix","timestamp":1783913472069,"hypothesisId":"L2","location":"dataplane_wan.c:reassemble_l2","message":"l2_reassemble_pending","data":{"pkt_id":2570,"frag_idx":0,"nd":1465}}
{"sessionId":"0173da","runId":"post-fix","timestamp":1783913472069,"hypothesisId":"L2","location":"dataplane_wan.c:reassemble_l2","message":"l2_reassemble_pending","data":{"pkt_id":1813,"frag_idx":0,"nd":1465}}
{"sessionId":"0173da","runId":"post-fix","timestamp":1783913472069,"hypothesisId":"L2","location":"dataplane_wan.c:reassemble_l2","message":"l2_reassemble_pending","data":{"pkt_id":1959,"frag_idx":0,"nd":1465}}
{"sessionId":"0173da","runId":"post-fix","timestamp":1783913472069,"hypothesisId":"L2","location":"dataplane_wan.c:reassemble_l2","message":"l2_reassemble_pending","data":{"pkt_id":2121,"frag_idx":0,"nd":1465}}
{"sessionId":"0173da","runId":"post-fix","timestamp":1783913472069,"hypothesisId":"L2","location":"dataplane_wan.c:reassemble_l2","message":"l2_reassemble_pending","data":{"pkt_id":2675,"frag_idx":0,"nd":1465}}
{"sessionId":"0173da","runId":"post-fix","timestamp":1783913472069,"hypothesisId":"L2","location":"dataplane_wan.c:reassemble_l2","message":"l2_reassemble_pending","data":{"pkt_id":2266,"frag_idx":0,"nd":1465}}
{"sessionId":"0173da","runId":"post-fix","timestamp":1783913472069,"hypothesisId":"L2","location":"dataplane_wan.c:reassemble_l2","message":"l2_reassemble_pending","data":{"pkt_id":2571,"frag_idx":0,"nd":1465}}
{"sessionId":"0173da","runId":"post-fix","timestamp":1783913472069,"hypothesisId":"L2","location":"dataplane_wan.c:reassemble_l2","message":"l2_reassemble_pending","data":{"pkt_id":1976,"frag_idx":0,"nd":1465}}
{"sessionId":"0173da","runId":"post-fix","timestamp":1783913472069,"hypothesisId":"L2","location":"dataplane_wan.c:reassemble_l2","message":"l2_reassemble_pending","data":{"pkt_id":1816,"frag_idx":0,"nd":1465}}
{"sessionId":"0173da","runId":"post-fix","timestamp":1783913472069,"hypothesisId":"L2","location":"dataplane_wan.c:reassemble_l2","message":"l2_reassemble_pending","data":{"pkt_id":2272,"frag_idx":0,"nd":1465}}
{"sessionId":"0173da","runId":"post-fix","timestamp":1783913472069,"hypothesisId":"L2","location":"dataplane_wan.c:reassemble_l2","message":"l2_reassemble_pending","data":{"pkt_id":2124,"frag_idx":0,"nd":1465}}
{"sessionId":"0173da","runId":"post-fix","timestamp":1783913472069,"hypothesisId":"L2","location":"dataplane_wan.c:reassemble_l2","message":"l2_reassemble_pending","data":{"pkt_id":2679,"frag_idx":0,"nd":1465}}
{"sessionId":"0173da","runId":"post-fix","timestamp":1783913472069,"hypothesisId":"L2","location":"dataplane_wan.c:reassemble_l2","message":"l2_reassemble_pending","data":{"pkt_id":2585,"frag_idx":0,"nd":1465}}
{"sessionId":"0173da","runId":"post-fix","timestamp":1783913472069,"hypothesisId":"L2","location":"dataplane_wan.c:reassemble_l2","message":"l2_reassemble_pending","data":{"pkt_id":1980,"frag_idx":0,"nd":1465}}
{"sessionId":"0173da","runId":"post-fix","timestamp":1783913472069,"hypothesisId":"L2","location":"dataplane_wan.c:reassemble_l2","message":"l2_reassemble_pending","data":{"pkt_id":2129,"frag_idx":0,"nd":1465}}
{"sessionId":"0173da","runId":"post-fix","timestamp":1783913472069,"hypothesisId":"L2","location":"dataplane_wan.c:reassemble_l2","message":"l2_reassemble_pending","data":{"pkt_id":2682,"frag_idx":0,"nd":1465}}
{"sessionId":"0173da","runId":"post-fix","timestamp":1783913472069,"hypothesisId":"L2","location":"dataplane_wan.c:reassemble_l2","message":"l2_reassemble_pending","data":{"pkt_id":2275,"frag_idx":0,"nd":1465}}
{"sessionId":"0173da","runId":"post-fix","timestamp":1783913472069,"hypothesisId":"L2","location":"dataplane_wan.c:reassemble_l2","message":"l2_reassemble_pending","data":{"pkt_id":1822,"frag_idx":0,"nd":1465}}
{"sessionId":"0173da","runId":"post-fix","timestamp":1783913472069,"hypothesisId":"L2","location":"dataplane_wan.c:reassemble_l2","message":"l2_reassemble_pending","data":{"pkt_id":2588,"frag_idx":0,"nd":1465}}
{"sessionId":"0173da","runId":"post-fix","timestamp":1783913472069,"hypothesisId":"L2","location":"dataplane_wan.c:reassemble_l2","message":"l2_reassemble_pending","data":{"pkt_id":1983,"frag_idx":0,"nd":1465}}
{"sessionId":"0173da","runId":"post-fix","timestamp":1783913472069,"hypothesisId":"L2","location":"dataplane_wan.c:reassemble_l2","message":"l2_reassemble_pending","data":{"pkt_id":2685,"frag_idx":0,"nd":1465}}
{"sessionId":"0173da","runId":"post-fix","timestamp":1783913472069,"hypothesisId":"L2","location":"dataplane_wan.c:reassemble_l2","message":"l2_reassemble_pending","data":{"pkt_id":2277,"frag_idx":0,"nd":1465}}
{"sessionId":"0173da","runId":"post-fix","timestamp":1783913472069,"hypothesisId":"L2","location":"dataplane_wan.c:reassemble_l2","message":"l2_reassemble_pending","data":{"pkt_id":2139,"frag_idx":0,"nd":1465}}
{"sessionId":"0173da","runId":"post-fix","timestamp":1783913472069,"hypothesisId":"L2","location":"dataplane_wan.c:reassemble_l2","message":"l2_reassemble_pending","data":{"pkt_id":1800,"frag_idx":0,"nd":1465}}
{"sessionId":"0173da","runId":"post-fix","timestamp":1783913472069,"hypothesisId":"L2","location":"dataplane_wan.c:reassemble_l2","message":"l2_reassemble_pending","data":{"pkt_id":2609,"frag_idx":0,"nd":1465}}
{"sessionId":"0173da","runId":"post-fix","timestamp":1783913472069,"hypothesisId":"L2","location":"dataplane_wan.c:reassemble_l2","message":"l2_reassemble_pending","data":{"pkt_id":1985,"frag_idx":0,"nd":1465}}
{"sessionId":"0173da","runId":"post-fix","timestamp":1783913472069,"hypothesisId":"L2","location":"dataplane_wan.c:reassemble_l2","message":"l2_reassemble_pending","data":{"pkt_id":2691,"frag_idx":0,"nd":1465}}
{"sessionId":"0173da","runId":"post-fix","timestamp":1783913472069,"hypothesisId":"L2","location":"dataplane_wan.c:reassemble_l2","message":"l2_reassemble_pending","data":{"pkt_id":2143,"frag_idx":0,"nd":1465}}
{"sessionId":"0173da","runId":"post-fix","timestamp":1783913472069,"hypothesisId":"L2","location":"dataplane_wan.c:reassemble_l2","message":"l2_reassemble_pending","data":{"pkt_id":2612,"frag_idx":0,"nd":1465}}
{"sessionId":"0173da","runId":"post-fix","timestamp":1783913472069,"hypothesisId":"L2","location":"dataplane_wan.c:reassemble_l2","message":"l2_reassemble_pending","data":{"pkt_id":1962,"frag_idx":0,"nd":1465}}
{"sessionId":"0173da","runId":"post-fix","timestamp":1783913472069,"hypothesisId":"L2","location":"dataplane_wan.c:reassemble_l2","message":"l2_reassemble_pending","data":{"pkt_id":2280,"frag_idx":0,"nd":1465}}
{"sessionId":"0173da","runId":"post-fix","timestamp":1783913472069,"hypothesisId":"L2","location":"dataplane_wan.c:reassemble_l2","message":"l2_reassemble_pending","data":{"pkt_id":1819,"frag_idx":0,"nd":1465}}
{"sessionId":"0173da","runId":"post-fix","timestamp":1783913472069,"hypothesisId":"L2","location":"dataplane_wan.c:reassemble_l2","message":"l2_reassemble_pending","data":{"pkt_id":2694,"frag_idx":0,"nd":1465}}
{"sessionId":"0173da","runId":"post-fix","timestamp":1783913472069,"hypothesisId":"L2","location":"dataplane_wan.c:reassemble_l2","message":"l2_reassemble_pending","data":{"pkt_id":2613,"frag_idx":0,"nd":1465}}
{"sessionId":"0173da","runId":"post-fix","timestamp":1783913472069,"hypothesisId":"L2","location":"dataplane_wan.c:reassemble_l2","message":"l2_reassemble_pending","data":{"pkt_id":2287,"frag_idx":0,"nd":1465}}
{"sessionId":"0173da","runId":"post-fix","timestamp":1783913472069,"hypothesisId":"L2","location":"dataplane_wan.c:reassemble_l2","message":"l2_reassemble_pending","data":{"pkt_id":2148,"frag_idx":0,"nd":1465}}
{"sessionId":"0173da","runId":"post-fix","timestamp":1783913472069,"hypothesisId":"L2","location":"dataplane_wan.c:reassemble_l2","message":"l2_reassemble_pending","data":{"pkt_id":2698,"frag_idx":0,"nd":1465}}
{"sessionId":"0173da","runId":"post-fix","timestamp":1783913472069,"hypothesisId":"L2","location":"dataplane_wan.c:reassemble_l2","message":"l2_reassemble_pending","data":{"pkt_id":1987,"frag_idx":0,"nd":1465}}
{"sessionId":"0173da","runId":"post-fix","timestamp":1783913472069,"hypothesisId":"L2","location":"dataplane_wan.c:reassemble_l2","message":"l2_reassemble_pending","data":{"pkt_id":1824,"frag_idx":0,"nd":1465}}
{"sessionId":"0173da","runId":"post-fix","timestamp":1783913472069,"hypothesisId":"L2","location":"dataplane_wan.c:reassemble_l2","message":"l2_reassemble_pending","data":{"pkt_id":2614,"frag_idx":0,"nd":1465}}
{"sessionId":"0173da","runId":"post-fix","timestamp":1783913472069,"hypothesisId":"L2","location":"dataplane_wan.c:reassemble_l2","message":"l2_reassemble_pending","data":{"pkt_id":2295,"frag_idx":0,"nd":1465}}
{"sessionId":"0173da","runId":"post-fix","timestamp":1783913472069,"hypothesisId":"L2","location":"dataplane_wan.c:reassemble_l2","message":"l2_reassemble_pending","data":{"pkt_id":2700,"frag_idx":0,"nd":1465}}
{"sessionId":"0173da","runId":"post-fix","timestamp":1783913472069,"hypothesisId":"L2","location":"dataplane_wan.c:reassemble_l2","message":"l2_reassemble_pending","data":{"pkt_id":2188,"frag_idx":0,"nd":1465}}
{"sessionId":"0173da","runId":"post-fix","timestamp":1783913472069,"hypothesisId":"L2","location":"dataplane_wan.c:reassemble_l2","message":"l2_reassemble_pending","data":{"pkt_id":1989,"frag_idx":0,"nd":1465}}
{"sessionId":"0173da","runId":"post-fix","timestamp":1783913472069,"hypothesisId":"L2","location":"dataplane_wan.c:reassemble_l2","message":"l2_reassemble_pending","data":{"pkt_id":1849,"frag_idx":0,"nd":1465}}
{"sessionId":"0173da","runId":"post-fix","timestamp":1783913472069,"hypothesisId":"L2","location":"dataplane_wan.c:reassemble_l2","message":"l2_reassemble_pending","data":{"pkt_id":2303,"frag_idx":0,"nd":1465}}
{"sessionId":"0173da","runId":"post-fix","timestamp":1783913472069,"hypothesisId":"L2","location":"dataplane_wan.c:reassemble_l2","message":"l2_reassemble_pending","data":{"pkt_id":2615,"frag_idx":0,"nd":1465}}
{"sessionId":"0173da","runId":"post-fix","timestamp":1783913472069,"hypothesisId":"L2","location":"dataplane_wan.c:reassemble_l2","message":"l2_reassemble_pending","data":{"pkt_id":2702,"frag_idx":0,"nd":1465}}
{"sessionId":"0173da","runId":"post-fix","timestamp":1783913472069,"hypothesisId":"L2","location":"dataplane_wan.c:reassemble_l2","message":"l2_reassemble_pending","data":{"pkt_id":2190,"frag_idx":0,"nd":1465}}
{"sessionId":"0173da","runId":"post-fix","timestamp":1783913472069,"hypothesisId":"L2","location":"dataplane_wan.c:reassemble_l2","message":"l2_reassemble_pending","data":{"pkt_id":1967,"frag_idx":0,"nd":1465}}
{"sessionId":"0173da","runId":"post-fix","timestamp":1783913472069,"hypothesisId":"L2","location":"dataplane_wan.c:reassemble_l2","message":"l2_reassemble_pending","data":{"pkt_id":1852,"frag_idx":0,"nd":1465}}
{"sessionId":"0173da","runId":"post-fix","timestamp":1783913472069,"hypothesisId":"L2","location":"dataplane_wan.c:reassemble_l2","message":"l2_reassemble_pending","data":{"pkt_id":2306,"frag_idx":0,"nd":1465}}
{"sessionId":"0173da","runId":"post-fix","timestamp":1783913472069,"hypothesisId":"L2","location":"dataplane_wan.c:dataplane_process_wan","message":"l2_frag_pending_hold","data":{"wire_len":1500,"n":2304}}
{"sessionId":"0173da","runId":"post-fix","timestamp":1783913472069,"hypothesisId":"L2","location":"dataplane_wan.c:reassemble_l2","message":"l2_reassemble_join_ok","data":{"pkt_id":2190,"frag_idx":1,"out_len":1514,"n":2304}}
{"sessionId":"0173da","runId":"post-fix","timestamp":1783913472069,"hypothesisId":"L2","location":"dataplane_wan.c:reassemble_l2","message":"l2_reassemble_pending","data":{"pkt_id":2619,"frag_idx":0,"nd":1465}}
{"sessionId":"0173da","runId":"post-fix","timestamp":1783913472069,"hypothesisId":"L2","location":"dataplane_wan.c:decrypt_wan","message":"l2_frag_reassemble_ok","data":{"wire_in":98,"plain_len":1514,"pkt_id":1852,"n":2304}}
{"sessionId":"0173da","runId":"post-fix","timestamp":1783913472069,"hypothesisId":"L2","location":"dataplane_wan.c:reassemble_l2","message":"l2_reassemble_pending","data":{"pkt_id":1970,"frag_idx":0,"nd":1465}}
{"sessionId":"0173da","runId":"post-fix","timestamp":1783913472069,"hypothesisId":"L2","location":"dataplane_wan.c:reassemble_l2","message":"l2_reassemble_pending","data":{"pkt_id":2316,"frag_idx":0,"nd":1465}}
{"sessionId":"0173da","runId":"post-fix","timestamp":1783913472069,"hypothesisId":"L2","location":"dataplane_wan.c:reassemble_l2","message":"l2_reassemble_pending","data":{"pkt_id":2703,"frag_idx":0,"nd":1465}}
{"sessionId":"0173da","runId":"post-fix","timestamp":1783913472069,"hypothesisId":"L2","location":"dataplane_wan.c:reassemble_l2","message":"l2_reassemble_pending","data":{"pkt_id":2210,"frag_idx":0,"nd":1465}}
{"sessionId":"0173da","runId":"post-fix","timestamp":1783913472069,"hypothesisId":"L2","location":"dataplane_wan.c:reassemble_l2","message":"l2_reassemble_pending","data":{"pkt_id":2623,"frag_idx":0,"nd":1465}}
{"sessionId":"0173da","runId":"post-fix","timestamp":1783913472069,"hypothesisId":"L2","location":"dataplane_wan.c:reassemble_l2","message":"l2_reassemble_pending","data":{"pkt_id":1855,"frag_idx":0,"nd":1465}}
{"sessionId":"0173da","runId":"post-fix","timestamp":1783913472069,"hypothesisId":"L2","location":"dataplane_wan.c:reassemble_l2","message":"l2_reassemble_pending","data":{"pkt_id":1992,"frag_idx":0,"nd":1465}}
{"sessionId":"0173da","runId":"post-fix","timestamp":1783913472069,"hypothesisId":"L2","location":"dataplane_wan.c:reassemble_l2","message":"l2_reassemble_pending","data":{"pkt_id":2345,"frag_idx":0,"nd":1465}}
{"sessionId":"0173da","runId":"post-fix","timestamp":1783913472069,"hypothesisId":"L2","location":"dataplane_wan.c:reassemble_l2","message":"l2_reassemble_pending","data":{"pkt_id":2704,"frag_idx":0,"nd":1465}}
{"sessionId":"0173da","runId":"post-fix","timestamp":1783913472069,"hypothesisId":"L2","location":"dataplane_wan.c:reassemble_l2","message":"l2_reassemble_pending","data":{"pkt_id":2214,"frag_idx":0,"nd":1465}}
{"sessionId":"0173da","runId":"post-fix","timestamp":1783913472069,"hypothesisId":"L2","location":"dataplane_wan.c:reassemble_l2","message":"l2_reassemble_pending","data":{"pkt_id":2668,"frag_idx":0,"nd":1465}}
{"sessionId":"0173da","runId":"post-fix","timestamp":1783913472069,"hypothesisId":"L2","location":"dataplane_wan.c:reassemble_l2","message":"l2_reassemble_pending","data":{"pkt_id":1829,"frag_idx":0,"nd":1465}}
{"sessionId":"0173da","runId":"post-fix","timestamp":1783913472069,"hypothesisId":"L2","location":"dataplane_wan.c:reassemble_l2","message":"l2_reassemble_pending","data":{"pkt_id":2349,"frag_idx":0,"nd":1465}}
{"sessionId":"0173da","runId":"post-fix","timestamp":1783913472069,"hypothesisId":"L2","location":"dataplane_wan.c:reassemble_l2","message":"l2_reassemble_pending","data":{"pkt_id":2008,"frag_idx":0,"nd":1465}}
{"sessionId":"0173da","runId":"post-fix","timestamp":1783913472069,"hypothesisId":"L2","location":"dataplane_wan.c:reassemble_l2","message":"l2_reassemble_pending","data":{"pkt_id":2705,"frag_idx":0,"nd":1465}}
{"sessionId":"0173da","runId":"post-fix","timestamp":1783913472069,"hypothesisId":"L2","location":"dataplane_wan.c:reassemble_l2","message":"l2_reassemble_pending","data":{"pkt_id":2240,"frag_idx":0,"nd":1465}}
{"sessionId":"0173da","runId":"post-fix","timestamp":1783913472069,"hypothesisId":"L2","location":"dataplane_wan.c:reassemble_l2","message":"l2_reassemble_pending","data":{"pkt_id":2669,"frag_idx":0,"nd":1465}}
{"sessionId":"0173da","runId":"post-fix","timestamp":1783913472069,"hypothesisId":"L2","location":"dataplane_wan.c:reassemble_l2","message":"l2_reassemble_pending","data":{"pkt_id":2013,"frag_idx":0,"nd":1465}}
{"sessionId":"0173da","runId":"post-fix","timestamp":1783913472069,"hypothesisId":"L2","location":"dataplane_wan.c:reassemble_l2","message":"l2_reassemble_pending","data":{"pkt_id":1835,"frag_idx":0,"nd":1465}}
{"sessionId":"0173da","runId":"post-fix","timestamp":1783913472069,"hypothesisId":"L2","location":"dataplane_wan.c:reassemble_l2","message":"l2_reassemble_pending","data":{"pkt_id":2352,"frag_idx":0,"nd":1465}}
{"sessionId":"0173da","runId":"post-fix","timestamp":1783913472069,"hypothesisId":"L2","location":"dataplane_wan.c:reassemble_l2","message":"l2_reassemble_pending","data":{"pkt_id":2723,"frag_idx":0,"nd":1465}}
{"sessionId":"0173da","runId":"post-fix","timestamp":1783913472069,"hypothesisId":"L2","location":"dataplane_wan.c:reassemble_l2","message":"l2_reassemble_pending","data":{"pkt_id":2670,"frag_idx":0,"nd":1465}}
{"sessionId":"0173da","runId":"post-fix","timestamp":1783913472069,"hypothesisId":"L2","location":"dataplane_wan.c:reassemble_l2","message":"l2_reassemble_pending","data":{"pkt_id":2023,"frag_idx":0,"nd":1465}}
{"sessionId":"0173da","runId":"post-fix","timestamp":1783913472069,"hypothesisId":"L2","location":"dataplane_wan.c:reassemble_l2","message":"l2_reassemble_pending","data":{"pkt_id":2244,"frag_idx":0,"nd":1465}}
{"sessionId":"0173da","runId":"post-fix","timestamp":1783913472069,"hypothesisId":"L2","location":"dataplane_wan.c:reassemble_l2","message":"l2_reassemble_pending","data":{"pkt_id":2356,"frag_idx":0,"nd":1465}}
{"sessionId":"0173da","runId":"post-fix","timestamp":1783913472069,"hypothesisId":"L2","location":"dataplane_wan.c:reassemble_l2","message":"l2_reassemble_pending","data":{"pkt_id":1842,"frag_idx":0,"nd":1465}}
{"sessionId":"0173da","runId":"post-fix","timestamp":1783913472069,"hypothesisId":"L2","location":"dataplane_wan.c:reassemble_l2","message":"l2_reassemble_pending","data":{"pkt_id":2740,"frag_idx":0,"nd":1465}}
{"sessionId":"0173da","runId":"post-fix","timestamp":1783913472069,"hypothesisId":"L2","location":"dataplane_wan.c:reassemble_l2","message":"l2_reassemble_pending","data":{"pkt_id":2671,"frag_idx":0,"nd":1465}}
{"sessionId":"0173da","runId":"post-fix","timestamp":1783913472069,"hypothesisId":"L2","location":"dataplane_wan.c:reassemble_l2","message":"l2_reassemble_pending","data":{"pkt_id":2029,"frag_idx":0,"nd":1465}}
{"sessionId":"0173da","runId":"post-fix","timestamp":1783913472069,"hypothesisId":"L2","location":"dataplane_wan.c:reassemble_l2","message":"l2_reassemble_pending","data":{"pkt_id":2251,"frag_idx":0,"nd":1465}}
{"sessionId":"0173da","runId":"post-fix","timestamp":1783913472069,"hypothesisId":"L2","location":"dataplane_wan.c:reassemble_l2","message":"l2_reassemble_pending","data":{"pkt_id":2362,"frag_idx":0,"nd":1465}}
{"sessionId":"0173da","runId":"post-fix","timestamp":1783913472069,"hypothesisId":"L2","location":"dataplane_wan.c:reassemble_l2","message":"l2_reassemble_pending","data":{"pkt_id":1844,"frag_idx":0,"nd":1465}}
{"sessionId":"0173da","runId":"post-fix","timestamp":1783913472069,"hypothesisId":"L2","location":"dataplane_wan.c:reassemble_l2","message":"l2_reassemble_pending","data":{"pkt_id":2741,"frag_idx":0,"nd":1465}}
{"sessionId":"0173da","runId":"post-fix","timestamp":1783913472069,"hypothesisId":"L2","location":"dataplane_wan.c:reassemble_l2","message":"l2_reassemble_pending","data":{"pkt_id":2673,"frag_idx":0,"nd":1465}}
{"sessionId":"0173da","runId":"post-fix","timestamp":1783913472070,"hypothesisId":"L2","location":"dataplane_wan.c:reassemble_l2","message":"l2_reassemble_pending","data":{"pkt_id":1845,"frag_idx":0,"nd":1465}}
{"sessionId":"0173da","runId":"post-fix","timestamp":1783913472070,"hypothesisId":"L2","location":"dataplane_wan.c:reassemble_l2","message":"l2_reassemble_pending","data":{"pkt_id":2247,"frag_idx":0,"nd":1465}}
{"sessionId":"0173da","runId":"post-fix","timestamp":1783913472070,"hypothesisId":"L2","location":"dataplane_wan.c:reassemble_l2","message":"l2_reassemble_pending","data":{"pkt_id":2364,"frag_idx":0,"nd":1465}}
{"sessionId":"0173da","runId":"post-fix","timestamp":1783913472070,"hypothesisId":"L2","location":"dataplane_wan.c:reassemble_l2","message":"l2_reassemble_pending","data":{"pkt_id":2036,"frag_idx":0,"nd":1465}}
{"sessionId":"0173da","runId":"post-fix","timestamp":1783913472070,"hypothesisId":"L2","location":"dataplane_wan.c:reassemble_l2","message":"l2_reassemble_pending","data":{"pkt_id":2676,"frag_idx":0,"nd":1465}}
{"sessionId":"0173da","runId":"post-fix","timestamp":1783913472070,"hypothesisId":"L2","location":"dataplane_wan.c:reassemble_l2","message":"l2_reassemble_pending","data":{"pkt_id":2743,"frag_idx":0,"nd":1465}}
{"sessionId":"0173da","runId":"post-fix","timestamp":1783913472070,"hypothesisId":"L2","location":"dataplane_wan.c:reassemble_l2","message":"l2_reassemble_pending","data":{"pkt_id":1889,"frag_idx":0,"nd":1465}}
{"sessionId":"0173da","runId":"post-fix","timestamp":1783913472070,"hypothesisId":"L2","location":"dataplane_wan.c:reassemble_l2","message":"l2_reassemble_pending","data":{"pkt_id":2371,"frag_idx":0,"nd":1465}}
{"sessionId":"0173da","runId":"post-fix","timestamp":1783913472070,"hypothesisId":"L2","location":"dataplane_wan.c:reassemble_l2","message":"l2_reassemble_pending","data":{"pkt_id":2678,"frag_idx":0,"nd":1465}}
{"sessionId":"0173da","runId":"post-fix","timestamp":1783913472070,"hypothesisId":"L2","location":"dataplane_wan.c:reassemble_l2","message":"l2_reassemble_pending","data":{"pkt_id":2252,"frag_idx":0,"nd":1465}}
{"sessionId":"0173da","runId":"post-fix","timestamp":1783913472070,"hypothesisId":"L2","location":"dataplane_wan.c:reassemble_l2","message":"l2_reassemble_pending","data":{"pkt_id":2039,"frag_idx":0,"nd":1465}}
{"sessionId":"0173da","runId":"post-fix","timestamp":1783913472070,"hypothesisId":"L2","location":"dataplane_wan.c:reassemble_l2","message":"l2_reassemble_pending","data":{"pkt_id":2783,"frag_idx":0,"nd":1465}}
{"sessionId":"0173da","runId":"post-fix","timestamp":1783913472070,"hypothesisId":"L2","location":"dataplane_wan.c:reassemble_l2","message":"l2_reassemble_pending","data":{"pkt_id":1896,"frag_idx":0,"nd":1465}}
{"sessionId":"0173da","runId":"post-fix","timestamp":1783913472070,"hypothesisId":"L2","location":"dataplane_wan.c:reassemble_l2","message":"l2_reassemble_pending","data":{"pkt_id":2374,"frag_idx":0,"nd":1465}}
{"sessionId":"0173da","runId":"post-fix","timestamp":1783913472070,"hypothesisId":"L2","location":"dataplane_wan.c:reassemble_l2","message":"l2_reassemble_pending","data":{"pkt_id":2255,"frag_idx":0,"nd":1465}}
{"sessionId":"0173da","runId":"post-fix","timestamp":1783913472070,"hypothesisId":"L2","location":"dataplane_wan.c:reassemble_l2","message":"l2_reassemble_pending","data":{"pkt_id":2062,"frag_idx":0,"nd":1465}}
{"sessionId":"0173da","runId":"post-fix","timestamp":1783913472070,"hypothesisId":"L2","location":"dataplane_wan.c:reassemble_l2","message":"l2_reassemble_pending","data":{"pkt_id":2681,"frag_idx":0,"nd":1465}}
{"sessionId":"0173da","runId":"post-fix","timestamp":1783913472070,"hypothesisId":"L2","location":"dataplane_wan.c:reassemble_l2","message":"l2_reassemble_pending","data":{"pkt_id":2796,"frag_idx":0,"nd":1465}}
{"sessionId":"0173da","runId":"post-fix","timestamp":1783913472070,"hypothesisId":"L2","location":"dataplane_wan.c:reassemble_l2","message":"l2_reassemble_pending","data":{"pkt_id":1901,"frag_idx":0,"nd":1465}}
{"sessionId":"0173da","runId":"post-fix","timestamp":1783913472070,"hypothesisId":"L2","location":"dataplane_wan.c:reassemble_l2","message":"l2_reassemble_pending","data":{"pkt_id":2375,"frag_idx":0,"nd":1465}}
{"sessionId":"0173da","runId":"post-fix","timestamp":1783913472070,"hypothesisId":"L2","location":"dataplane_wan.c:reassemble_l2","message":"l2_reassemble_pending","data":{"pkt_id":2256,"frag_idx":0,"nd":1465}}
{"sessionId":"0173da","runId":"post-fix","timestamp":1783913472070,"hypothesisId":"L2","location":"dataplane_wan.c:reassemble_l2","message":"l2_reassemble_pending","data":{"pkt_id":2802,"frag_idx":0,"nd":1465}}
{"sessionId":"0173da","runId":"post-fix","timestamp":1783913472070,"hypothesisId":"L2","location":"dataplane_wan.c:reassemble_l2","message":"l2_reassemble_pending","data":{"pkt_id":2081,"frag_idx":0,"nd":1465}}
{"sessionId":"0173da","runId":"post-fix","timestamp":1783913472070,"hypothesisId":"L2","location":"dataplane_wan.c:reassemble_l2","message":"l2_reassemble_pending","data":{"pkt_id":2684,"frag_idx":0,"nd":1465}}
{"sessionId":"0173da","runId":"post-fix","timestamp":1783913472070,"hypothesisId":"L2","location":"dataplane_wan.c:reassemble_l2","message":"l2_reassemble_pending","data":{"pkt_id":2369,"frag_idx":0,"nd":1465}}
{"sessionId":"0173da","runId":"post-fix","timestamp":1783913472070,"hypothesisId":"L2","location":"dataplane_wan.c:reassemble_l2","message":"l2_reassemble_pending","data":{"pkt_id":1905,"frag_idx":0,"nd":1465}}
{"sessionId":"0173da","runId":"post-fix","timestamp":1783913472070,"hypothesisId":"L2","location":"dataplane_wan.c:reassemble_l2","message":"l2_reassemble_pending","data":{"pkt_id":2803,"frag_idx":0,"nd":1465}}
{"sessionId":"0173da","runId":"post-fix","timestamp":1783913472070,"hypothesisId":"L2","location":"dataplane_wan.c:reassemble_l2","message":"l2_reassemble_pending","data":{"pkt_id":2257,"frag_idx":0,"nd":1465}}
{"sessionId":"0173da","runId":"post-fix","timestamp":1783913472070,"hypothesisId":"L2","location":"dataplane_wan.c:reassemble_l2","message":"l2_reassemble_pending","data":{"pkt_id":2068,"frag_idx":0,"nd":1465}}
{"sessionId":"0173da","runId":"post-fix","timestamp":1783913472070,"hypothesisId":"L2","location":"dataplane_wan.c:reassemble_l2","message":"l2_reassemble_pending","data":{"pkt_id":2686,"frag_idx":0,"nd":1465}}
{"sessionId":"0173da","runId":"post-fix","timestamp":1783913472070,"hypothesisId":"L2","location":"dataplane_wan.c:reassemble_l2","message":"l2_reassemble_pending","data":{"pkt_id":2390,"frag_idx":0,"nd":1465}}
{"sessionId":"0173da","runId":"post-fix","timestamp":1783913472070,"hypothesisId":"L2","location":"dataplane_wan.c:reassemble_l2","message":"l2_reassemble_pending","data":{"pkt_id":2820,"frag_idx":0,"nd":1465}}
{"sessionId":"0173da","runId":"post-fix","timestamp":1783913472070,"hypothesisId":"L2","location":"dataplane_wan.c:reassemble_l2","message":"l2_reassemble_pending","data":{"pkt_id":1909,"frag_idx":0,"nd":1465}}
{"sessionId":"0173da","runId":"post-fix","timestamp":1783913472070,"hypothesisId":"L2","location":"dataplane_wan.c:reassemble_l2","message":"l2_reassemble_pending","data":{"pkt_id":2258,"frag_idx":0,"nd":1465}}
{"sessionId":"0173da","runId":"post-fix","timestamp":1783913472070,"hypothesisId":"L2","location":"dataplane_wan.c:reassemble_l2","message":"l2_reassemble_pending","data":{"pkt_id":2074,"frag_idx":0,"nd":1465}}
{"sessionId":"0173da","runId":"post-fix","timestamp":1783913472070,"hypothesisId":"L2","location":"dataplane_wan.c:reassemble_l2","message":"l2_reassemble_pending","data":{"pkt_id":2393,"frag_idx":0,"nd":1465}}
{"sessionId":"0173da","runId":"post-fix","timestamp":1783913472070,"hypothesisId":"L2","location":"dataplane_wan.c:reassemble_l2","message":"l2_reassemble_pending","data":{"pkt_id":2687,"frag_idx":0,"nd":1465}}
{"sessionId":"0173da","runId":"post-fix","timestamp":1783913472070,"hypothesisId":"L2","location":"dataplane_wan.c:reassemble_l2","message":"l2_reassemble_pending","data":{"pkt_id":2823,"frag_idx":0,"nd":1465}}
{"sessionId":"0173da","runId":"post-fix","timestamp":1783913472070,"hypothesisId":"L2","location":"dataplane_wan.c:reassemble_l2","message":"l2_reassemble_pending","data":{"pkt_id":1916,"frag_idx":0,"nd":1465}}
{"sessionId":"0173da","runId":"post-fix","timestamp":1783913472070,"hypothesisId":"L2","location":"dataplane_wan.c:reassemble_l2","message":"l2_reassemble_pending","data":{"pkt_id":2297,"frag_idx":0,"nd":1465}}
{"sessionId":"0173da","runId":"post-fix","timestamp":1783913472070,"hypothesisId":"L2","location":"dataplane_wan.c:reassemble_l2","message":"l2_reassemble_pending","data":{"pkt_id":2688,"frag_idx":0,"nd":1465}}
{"sessionId":"0173da","runId":"post-fix","timestamp":1783913472070,"hypothesisId":"L2","location":"dataplane_wan.c:reassemble_l2","message":"l2_reassemble_pending","data":{"pkt_id":2397,"frag_idx":0,"nd":1465}}
{"sessionId":"0173da","runId":"post-fix","timestamp":1783913472070,"hypothesisId":"L2","location":"dataplane_wan.c:reassemble_l2","message":"l2_reassemble_pending","data":{"pkt_id":2077,"frag_idx":0,"nd":1465}}
{"sessionId":"0173da","runId":"post-fix","timestamp":1783913472070,"hypothesisId":"L2","location":"dataplane_wan.c:reassemble_l2","message":"l2_reassemble_pending","data":{"pkt_id":2824,"frag_idx":0,"nd":1465}}
{"sessionId":"0173da","runId":"post-fix","timestamp":1783913472070,"hypothesisId":"L2","location":"dataplane_wan.c:reassemble_l2","message":"l2_reassemble_pending","data":{"pkt_id":1911,"frag_idx":0,"nd":1465}}
{"sessionId":"0173da","runId":"post-fix","timestamp":1783913472070,"hypothesisId":"L2","location":"dataplane_wan.c:reassemble_l2","message":"l2_reassemble_pending","data":{"pkt_id":2302,"frag_idx":0,"nd":1465}}
{"sessionId":"0173da","runId":"post-fix","timestamp":1783913472070,"hypothesisId":"L2","location":"dataplane_wan.c:reassemble_l2","message":"l2_reassemble_pending","data":{"pkt_id":2403,"frag_idx":0,"nd":1465}}
{"sessionId":"0173da","runId":"post-fix","timestamp":1783913472070,"hypothesisId":"L2","location":"dataplane_wan.c:reassemble_l2","message":"l2_reassemble_pending","data":{"pkt_id":2689,"frag_idx":0,"nd":1465}}
{"sessionId":"0173da","runId":"post-fix","timestamp":1783913472070,"hypothesisId":"L2","location":"dataplane_wan.c:reassemble_l2","message":"l2_reassemble_pending","data":{"pkt_id":2114,"frag_idx":0,"nd":1465}}
{"sessionId":"0173da","runId":"post-fix","timestamp":1783913472070,"hypothesisId":"L2","location":"dataplane_wan.c:reassemble_l2","message":"l2_reassemble_pending","data":{"pkt_id":2826,"frag_idx":0,"nd":1465}}
{"sessionId":"0173da","runId":"post-fix","timestamp":1783913472070,"hypothesisId":"L2","location":"dataplane_wan.c:reassemble_l2","message":"l2_reassemble_pending","data":{"pkt_id":1924,"frag_idx":0,"nd":1465}}
{"sessionId":"0173da","runId":"post-fix","timestamp":1783913472070,"hypothesisId":"L2","location":"dataplane_wan.c:reassemble_l2","message":"l2_reassemble_pending","data":{"pkt_id":2418,"frag_idx":0,"nd":1465}}
{"sessionId":"0173da","runId":"post-fix","timestamp":1783913472070,"hypothesisId":"L2","location":"dataplane_wan.c:reassemble_l2","message":"l2_reassemble_pending","data":{"pkt_id":2690,"frag_idx":0,"nd":1465}}
{"sessionId":"0173da","runId":"post-fix","timestamp":1783913472070,"hypothesisId":"L2","location":"dataplane_wan.c:reassemble_l2","message":"l2_reassemble_pending","data":{"pkt_id":2117,"frag_idx":0,"nd":1465}}
{"sessionId":"0173da","runId":"post-fix","timestamp":1783913472070,"hypothesisId":"L2","location":"dataplane_wan.c:reassemble_l2","message":"l2_reassemble_pending","data":{"pkt_id":2828,"frag_idx":0,"nd":1465}}
{"sessionId":"0173da","runId":"post-fix","timestamp":1783913472070,"hypothesisId":"L2","location":"dataplane_wan.c:reassemble_l2","message":"l2_reassemble_pending","data":{"pkt_id":2359,"frag_idx":0,"nd":1465}}
{"sessionId":"0173da","runId":"post-fix","timestamp":1783913472070,"hypothesisId":"L2","location":"dataplane_wan.c:reassemble_l2","message":"l2_reassemble_pending","data":{"pkt_id":1950,"frag_idx":0,"nd":1465}}
{"sessionId":"0173da","runId":"post-fix","timestamp":1783913472070,"hypothesisId":"L2","location":"dataplane_wan.c:reassemble_l2","message":"l2_reassemble_pending","data":{"pkt_id":2429,"frag_idx":0,"nd":1465}}
{"sessionId":"0173da","runId":"post-fix","timestamp":1783913472070,"hypothesisId":"L2","location":"dataplane_wan.c:reassemble_l2","message":"l2_reassemble_pending","data":{"pkt_id":2119,"frag_idx":0,"nd":1465}}
{"sessionId":"0173da","runId":"post-fix","timestamp":1783913472070,"hypothesisId":"L2","location":"dataplane_wan.c:reassemble_l2","message":"l2_reassemble_pending","data":{"pkt_id":2830,"frag_idx":0,"nd":1465}}
{"sessionId":"0173da","runId":"post-fix","timestamp":1783913472070,"hypothesisId":"L2","location":"dataplane_wan.c:reassemble_l2","message":"l2_reassemble_pending","data":{"pkt_id":2693,"frag_idx":0,"nd":1465}}
{"sessionId":"0173da","runId":"post-fix","timestamp":1783913472070,"hypothesisId":"L2","location":"dataplane_wan.c:reassemble_l2","message":"l2_reassemble_pending","data":{"pkt_id":2361,"frag_idx":0,"nd":1465}}
{"sessionId":"0173da","runId":"post-fix","timestamp":1783913472070,"hypothesisId":"L2","location":"dataplane_wan.c:reassemble_l2","message":"l2_reassemble_pending","data":{"pkt_id":1954,"frag_idx":0,"nd":1465}}
{"sessionId":"0173da","runId":"post-fix","timestamp":1783913472070,"hypothesisId":"L2","location":"dataplane_wan.c:reassemble_l2","message":"l2_reassemble_pending","data":{"pkt_id":2439,"frag_idx":0,"nd":1465}}
{"sessionId":"0173da","runId":"post-fix","timestamp":1783913472070,"hypothesisId":"L2","location":"dataplane_wan.c:reassemble_l2","message":"l2_reassemble_pending","data":{"pkt_id":2835,"frag_idx":0,"nd":1465}}
{"sessionId":"0173da","runId":"post-fix","timestamp":1783913472070,"hypothesisId":"L2","location":"dataplane_wan.c:reassemble_l2","message":"l2_reassemble_pending","data":{"pkt_id":2696,"frag_idx":0,"nd":1465}}
{"sessionId":"0173da","runId":"post-fix","timestamp":1783913472070,"hypothesisId":"L2","location":"dataplane_wan.c:reassemble_l2","message":"l2_reassemble_pending","data":{"pkt_id":2122,"frag_idx":0,"nd":1465}}
{"sessionId":"0173da","runId":"post-fix","timestamp":1783913472070,"hypothesisId":"L2","location":"dataplane_wan.c:reassemble_l2","message":"l2_reassemble_pending","data":{"pkt_id":1957,"frag_idx":0,"nd":1465}}
{"sessionId":"0173da","runId":"post-fix","timestamp":1783913472070,"hypothesisId":"L2","location":"dataplane_wan.c:reassemble_l2","message":"l2_reassemble_pending","data":{"pkt_id":2363,"frag_idx":0,"nd":1465}}
{"sessionId":"0173da","runId":"post-fix","timestamp":1783913472070,"hypothesisId":"L2","location":"dataplane_wan.c:reassemble_l2","message":"l2_reassemble_pending","data":{"pkt_id":2441,"frag_idx":0,"nd":1465}}
{"sessionId":"0173da","runId":"post-fix","timestamp":1783913472070,"hypothesisId":"L2","location":"dataplane_wan.c:reassemble_l2","message":"l2_reassemble_pending","data":{"pkt_id":2837,"frag_idx":0,"nd":1465}}
{"sessionId":"0173da","runId":"post-fix","timestamp":1783913472070,"hypothesisId":"L2","location":"dataplane_wan.c:reassemble_l2","message":"l2_reassemble_pending","data":{"pkt_id":2697,"frag_idx":0,"nd":1465}}
{"sessionId":"0173da","runId":"post-fix","timestamp":1783913472070,"hypothesisId":"L2","location":"dataplane_wan.c:reassemble_l2","message":"l2_reassemble_pending","data":{"pkt_id":2123,"frag_idx":0,"nd":1465}}
{"sessionId":"0173da","runId":"post-fix","timestamp":1783913472070,"hypothesisId":"L2","location":"dataplane_wan.c:reassemble_l2","message":"l2_reassemble_pending","data":{"pkt_id":1961,"frag_idx":0,"nd":1465}}
{"sessionId":"0173da","runId":"post-fix","timestamp":1783913472070,"hypothesisId":"L2","location":"dataplane_wan.c:reassemble_l2","message":"l2_reassemble_pending","data":{"pkt_id":2442,"frag_idx":0,"nd":1465}}
{"sessionId":"0173da","runId":"post-fix","timestamp":1783913472070,"hypothesisId":"L2","location":"dataplane_wan.c:reassemble_l2","message":"l2_reassemble_pending","data":{"pkt_id":2365,"frag_idx":0,"nd":1465}}
{"sessionId":"0173da","runId":"post-fix","timestamp":1783913472070,"hypothesisId":"L2","location":"dataplane_wan.c:reassemble_l2","message":"l2_reassemble_pending","data":{"pkt_id":2839,"frag_idx":0,"nd":1465}}
{"sessionId":"0173da","runId":"post-fix","timestamp":1783913472070,"hypothesisId":"L2","location":"dataplane_wan.c:reassemble_l2","message":"l2_reassemble_pending","data":{"pkt_id":2722,"frag_idx":0,"nd":1465}}
{"sessionId":"0173da","runId":"post-fix","timestamp":1783913472070,"hypothesisId":"L2","location":"dataplane_wan.c:reassemble_l2","message":"l2_reassemble_pending","data":{"pkt_id":2128,"frag_idx":0,"nd":1465}}
{"sessionId":"0173da","runId":"post-fix","timestamp":1783913472070,"hypothesisId":"L2","location":"dataplane_wan.c:reassemble_l2","message":"l2_reassemble_pending","data":{"pkt_id":1966,"frag_idx":0,"nd":1465}}
{"sessionId":"0173da","runId":"post-fix","timestamp":1783913472070,"hypothesisId":"L2","location":"dataplane_wan.c:reassemble_l2","message":"l2_reassemble_pending","data":{"pkt_id":2845,"frag_idx":0,"nd":1465}}
{"sessionId":"0173da","runId":"post-fix","timestamp":1783913472070,"hypothesisId":"L2","location":"dataplane_wan.c:reassemble_l2","message":"l2_reassemble_pending","data":{"pkt_id":2725,"frag_idx":0,"nd":1465}}
{"sessionId":"0173da","runId":"post-fix","timestamp":1783913472070,"hypothesisId":"L2","location":"dataplane_wan.c:reassemble_l2","message":"l2_reassemble_pending","data":{"pkt_id":2366,"frag_idx":0,"nd":1465}}
{"sessionId":"0173da","runId":"post-fix","timestamp":1783913472070,"hypothesisId":"L2","location":"dataplane_wan.c:reassemble_l2","message":"l2_reassemble_pending","data":{"pkt_id":2131,"frag_idx":0,"nd":1465}}
{"sessionId":"0173da","runId":"post-fix","timestamp":1783913472070,"hypothesisId":"L2","location":"dataplane_wan.c:reassemble_l2","message":"l2_reassemble_pending","data":{"pkt_id":2443,"frag_idx":0,"nd":1465}}
{"sessionId":"0173da","runId":"post-fix","timestamp":1783913472070,"hypothesisId":"L2","location":"dataplane_wan.c:reassemble_l2","message":"l2_reassemble_pending","data":{"pkt_id":2848,"frag_idx":0,"nd":1465}}
{"sessionId":"0173da","runId":"post-fix","timestamp":1783913472070,"hypothesisId":"L2","location":"dataplane_wan.c:reassemble_l2","message":"l2_reassemble_pending","data":{"pkt_id":1969,"frag_idx":0,"nd":1465}}
{"sessionId":"0173da","runId":"post-fix","timestamp":1783913472070,"hypothesisId":"L2","location":"dataplane_wan.c:reassemble_l2","message":"l2_reassemble_pending","data":{"pkt_id":2726,"frag_idx":0,"nd":1465}}
{"sessionId":"0173da","runId":"post-fix","timestamp":1783913472070,"hypothesisId":"L2","location":"dataplane_wan.c:reassemble_l2","message":"l2_reassemble_pending","data":{"pkt_id":2083,"frag_idx":0,"nd":1465}}
{"sessionId":"0173da","runId":"post-fix","timestamp":1783913472070,"hypothesisId":"L2","location":"dataplane_wan.c:reassemble_l2","message":"l2_reassemble_pending","data":{"pkt_id":2367,"frag_idx":0,"nd":1465}}
{"sessionId":"0173da","runId":"post-fix","timestamp":1783913472070,"hypothesisId":"L2","location":"dataplane_wan.c:reassemble_l2","message":"l2_reassemble_pending","data":{"pkt_id":2444,"frag_idx":0,"nd":1465}}
{"sessionId":"0173da","runId":"post-fix","timestamp":1783913472070,"hypothesisId":"L2","location":"dataplane_wan.c:reassemble_l2","message":"l2_reassemble_pending","data":{"pkt_id":2850,"frag_idx":0,"nd":1465}}
{"sessionId":"0173da","runId":"post-fix","timestamp":1783913472070,"hypothesisId":"L2","location":"dataplane_wan.c:reassemble_l2","message":"l2_reassemble_pending","data":{"pkt_id":2727,"frag_idx":0,"nd":1465}}
{"sessionId":"0173da","runId":"post-fix","timestamp":1783913472070,"hypothesisId":"L2","location":"dataplane_wan.c:reassemble_l2","message":"l2_reassemble_pending","data":{"pkt_id":1971,"frag_idx":0,"nd":1465}}
{"sessionId":"0173da","runId":"post-fix","timestamp":1783913472070,"hypothesisId":"L2","location":"dataplane_wan.c:reassemble_l2","message":"l2_reassemble_pending","data":{"pkt_id":2370,"frag_idx":0,"nd":1465}}
{"sessionId":"0173da","runId":"post-fix","timestamp":1783913472070,"hypothesisId":"L2","location":"dataplane_wan.c:reassemble_l2","message":"l2_reassemble_pending","data":{"pkt_id":2445,"frag_idx":0,"nd":1465}}
{"sessionId":"0173da","runId":"post-fix","timestamp":1783913472070,"hypothesisId":"L2","location":"dataplane_wan.c:reassemble_l2","message":"l2_reassemble_pending","data":{"pkt_id":2093,"frag_idx":0,"nd":1465}}
{"sessionId":"0173da","runId":"post-fix","timestamp":1783913472070,"hypothesisId":"L2","location":"dataplane_wan.c:reassemble_l2","message":"l2_reassemble_pending","data":{"pkt_id":2853,"frag_idx":0,"nd":1465}}
{"sessionId":"0173da","runId":"post-fix","timestamp":1783913472070,"hypothesisId":"L2","location":"dataplane_wan.c:reassemble_l2","message":"l2_reassemble_pending","data":{"pkt_id":2373,"frag_idx":0,"nd":1465}}
{"sessionId":"0173da","runId":"post-fix","timestamp":1783913472070,"hypothesisId":"L2","location":"dataplane_wan.c:reassemble_l2","message":"l2_reassemble_pending","data":{"pkt_id":1975,"frag_idx":0,"nd":1465}}
{"sessionId":"0173da","runId":"post-fix","timestamp":1783913472070,"hypothesisId":"L2","location":"dataplane_wan.c:reassemble_l2","message":"l2_reassemble_pending","data":{"pkt_id":2729,"frag_idx":0,"nd":1465}}
{"sessionId":"0173da","runId":"post-fix","timestamp":1783913472070,"hypothesisId":"L2","location":"dataplane_wan.c:reassemble_l2","message":"l2_reassemble_pending","data":{"pkt_id":2468,"frag_idx":0,"nd":1465}}
{"sessionId":"0173da","runId":"post-fix","timestamp":1783913472070,"hypothesisId":"L2","location":"dataplane_wan.c:reassemble_l2","message":"l2_reassemble_pending","data":{"pkt_id":2096,"frag_idx":0,"nd":1465}}
{"sessionId":"0173da","runId":"post-fix","timestamp":1783913472070,"hypothesisId":"L2","location":"dataplane_wan.c:reassemble_l2","message":"l2_reassemble_pending","data":{"pkt_id":2856,"frag_idx":0,"nd":1465}}
{"sessionId":"0173da","runId":"post-fix","timestamp":1783913472070,"hypothesisId":"L2","location":"dataplane_wan.c:reassemble_l2","message":"l2_reassemble_pending","data":{"pkt_id":2002,"frag_idx":0,"nd":1465}}
{"sessionId":"0173da","runId":"post-fix","timestamp":1783913472071,"hypothesisId":"L2","location":"dataplane_wan.c:reassemble_l2","message":"l2_reassemble_pending","data":{"pkt_id":2376,"frag_idx":0,"nd":1465}}
{"sessionId":"0173da","runId":"post-fix","timestamp":1783913472071,"hypothesisId":"L2","location":"dataplane_wan.c:reassemble_l2","message":"l2_reassemble_pending","data":{"pkt_id":2730,"frag_idx":0,"nd":1465}}
{"sessionId":"0173da","runId":"post-fix","timestamp":1783913472071,"hypothesisId":"L2","location":"dataplane_wan.c:reassemble_l2","message":"l2_reassemble_pending","data":{"pkt_id":2476,"frag_idx":0,"nd":1465}}
{"sessionId":"0173da","runId":"post-fix","timestamp":1783913472071,"hypothesisId":"L2","location":"dataplane_wan.c:reassemble_l2","message":"l2_reassemble_pending","data":{"pkt_id":2100,"frag_idx":0,"nd":1465}}
{"sessionId":"0173da","runId":"post-fix","timestamp":1783913472071,"hypothesisId":"L2","location":"dataplane_wan.c:reassemble_l2","message":"l2_reassemble_pending","data":{"pkt_id":2860,"frag_idx":0,"nd":1465}}
{"sessionId":"0173da","runId":"post-fix","timestamp":1783913472071,"hypothesisId":"L2","location":"dataplane_wan.c:reassemble_l2","message":"l2_reassemble_pending","data":{"pkt_id":2010,"frag_idx":0,"nd":1465}}
{"sessionId":"0173da","runId":"post-fix","timestamp":1783913472071,"hypothesisId":"L2","location":"dataplane_wan.c:reassemble_l2","message":"l2_reassemble_pending","data":{"pkt_id":2378,"frag_idx":0,"nd":1465}}
{"sessionId":"0173da","runId":"post-fix","timestamp":1783913472071,"hypothesisId":"L2","location":"dataplane_wan.c:reassemble_l2","message":"l2_reassemble_pending","data":{"pkt_id":2732,"frag_idx":0,"nd":1465}}
{"sessionId":"0173da","runId":"post-fix","timestamp":1783913472071,"hypothesisId":"L2","location":"dataplane_wan.c:reassemble_l2","message":"l2_reassemble_pending","data":{"pkt_id":2479,"frag_idx":0,"nd":1465}}
{"sessionId":"0173da","runId":"post-fix","timestamp":1783913472071,"hypothesisId":"L2","location":"dataplane_wan.c:reassemble_l2","message":"l2_reassemble_pending","data":{"pkt_id":2021,"frag_idx":0,"nd":1465}}
{"sessionId":"0173da","runId":"post-fix","timestamp":1783913472071,"hypothesisId":"L2","location":"dataplane_wan.c:reassemble_l2","message":"l2_reassemble_pending","data":{"pkt_id":2863,"frag_idx":0,"nd":1465}}
{"sessionId":"0173da","runId":"post-fix","timestamp":1783913472071,"hypothesisId":"L2","location":"dataplane_wan.c:reassemble_l2","message":"l2_reassemble_pending","data":{"pkt_id":2133,"frag_idx":0,"nd":1465}}
{"sessionId":"0173da","runId":"post-fix","timestamp":1783913472071,"hypothesisId":"L2","location":"dataplane_wan.c:reassemble_l2","message":"l2_reassemble_pending","data":{"pkt_id":2735,"frag_idx":0,"nd":1465}}
{"sessionId":"0173da","runId":"post-fix","timestamp":1783913472071,"hypothesisId":"L2","location":"dataplane_wan.c:reassemble_l2","message":"l2_reassemble_pending","data":{"pkt_id":2380,"frag_idx":0,"nd":1465}}
{"sessionId":"0173da","runId":"post-fix","timestamp":1783913472071,"hypothesisId":"L2","location":"dataplane_wan.c:reassemble_l2","message":"l2_reassemble_pending","data":{"pkt_id":2482,"frag_idx":0,"nd":1465}}
{"sessionId":"0173da","runId":"post-fix","timestamp":1783913472071,"hypothesisId":"L2","location":"dataplane_wan.c:reassemble_l2","message":"l2_reassemble_pending","data":{"pkt_id":2027,"frag_idx":0,"nd":1465}}
{"sessionId":"0173da","runId":"post-fix","timestamp":1783913472071,"hypothesisId":"L2","location":"dataplane_wan.c:reassemble_l2","message":"l2_reassemble_pending","data":{"pkt_id":2865,"frag_idx":0,"nd":1465}}
{"sessionId":"0173da","runId":"post-fix","timestamp":1783913472071,"hypothesisId":"L2","location":"dataplane_wan.c:reassemble_l2","message":"l2_reassemble_pending","data":{"pkt_id":2739,"frag_idx":0,"nd":1465}}
{"sessionId":"0173da","runId":"post-fix","timestamp":1783913472071,"hypothesisId":"L2","location":"dataplane_wan.c:reassemble_l2","message":"l2_reassemble_pending","data":{"pkt_id":2136,"frag_idx":0,"nd":1465}}
{"sessionId":"0173da","runId":"post-fix","timestamp":1783913472071,"hypothesisId":"L2","location":"dataplane_wan.c:reassemble_l2","message":"l2_reassemble_pending","data":{"pkt_id":2382,"frag_idx":0,"nd":1465}}
{"sessionId":"0173da","runId":"post-fix","timestamp":1783913472071,"hypothesisId":"L2","location":"dataplane_wan.c:reassemble_l2","message":"l2_reassemble_pending","data":{"pkt_id":2485,"frag_idx":0,"nd":1465}}
{"sessionId":"0173da","runId":"post-fix","timestamp":1783913472071,"hypothesisId":"L2","location":"dataplane_wan.c:reassemble_l2","message":"l2_reassemble_pending","data":{"pkt_id":2897,"frag_idx":0,"nd":1465}}
{"sessionId":"0173da","runId":"post-fix","timestamp":1783913472071,"hypothesisId":"L2","location":"dataplane_wan.c:reassemble_l2","message":"l2_reassemble_pending","data":{"pkt_id":2742,"frag_idx":0,"nd":1465}}
{"sessionId":"0173da","runId":"post-fix","timestamp":1783913472071,"hypothesisId":"L2","location":"dataplane_wan.c:reassemble_l2","message":"l2_reassemble_pending","data":{"pkt_id":2137,"frag_idx":0,"nd":1465}}
{"sessionId":"0173da","runId":"post-fix","timestamp":1783913472071,"hypothesisId":"L2","location":"dataplane_wan.c:reassemble_l2","message":"l2_reassemble_pending","data":{"pkt_id":2032,"frag_idx":0,"nd":1465}}
{"sessionId":"0173da","runId":"post-fix","timestamp":1783913472071,"hypothesisId":"L2","location":"dataplane_wan.c:reassemble_l2","message":"l2_reassemble_pending","data":{"pkt_id":2389,"frag_idx":0,"nd":1465}}
{"sessionId":"0173da","runId":"post-fix","timestamp":1783913472071,"hypothesisId":"L2","location":"dataplane_wan.c:reassemble_l2","message":"l2_reassemble_pending","data":{"pkt_id":2487,"frag_idx":0,"nd":1465}}
{"sessionId":"0173da","runId":"post-fix","timestamp":1783913472071,"hypothesisId":"L2","location":"dataplane_wan.c:reassemble_l2","message":"l2_reassemble_pending","data":{"pkt_id":2957,"frag_idx":0,"nd":1465}}
{"sessionId":"0173da","runId":"post-fix","timestamp":1783913472071,"hypothesisId":"L2","location":"dataplane_wan.c:reassemble_l2","message":"l2_reassemble_pending","data":{"pkt_id":2141,"frag_idx":0,"nd":1465}}
{"sessionId":"0173da","runId":"post-fix","timestamp":1783913472071,"hypothesisId":"L2","location":"dataplane_wan.c:reassemble_l2","message":"l2_reassemble_pending","data":{"pkt_id":2747,"frag_idx":0,"nd":1465}}
{"sessionId":"0173da","runId":"post-fix","timestamp":1783913472071,"hypothesisId":"L2","location":"dataplane_wan.c:reassemble_l2","message":"l2_reassemble_pending","data":{"pkt_id":2041,"frag_idx":0,"nd":1465}}
{"sessionId":"0173da","runId":"post-fix","timestamp":1783913472071,"hypothesisId":"L2","location":"dataplane_wan.c:reassemble_l2","message":"l2_reassemble_pending","data":{"pkt_id":2384,"frag_idx":0,"nd":1465}}
{"sessionId":"0173da","runId":"post-fix","timestamp":1783913472071,"hypothesisId":"L2","location":"dataplane_wan.c:reassemble_l2","message":"l2_reassemble_pending","data":{"pkt_id":3051,"frag_idx":0,"nd":1465}}
{"sessionId":"0173da","runId":"post-fix","timestamp":1783913472071,"hypothesisId":"L2","location":"dataplane_wan.c:reassemble_l2","message":"l2_reassemble_pending","data":{"pkt_id":2146,"frag_idx":0,"nd":1465}}
{"sessionId":"0173da","runId":"post-fix","timestamp":1783913472071,"hypothesisId":"L2","location":"dataplane_wan.c:reassemble_l2","message":"l2_reassemble_pending","data":{"pkt_id":2490,"frag_idx":0,"nd":1465}}
{"sessionId":"0173da","runId":"post-fix","timestamp":1783913472071,"hypothesisId":"L2","location":"dataplane_wan.c:reassemble_l2","message":"l2_reassemble_pending","data":{"pkt_id":2751,"frag_idx":0,"nd":1465}}
{"sessionId":"0173da","runId":"post-fix","timestamp":1783913472071,"hypothesisId":"L2","location":"dataplane_wan.c:reassemble_l2","message":"l2_reassemble_pending","data":{"pkt_id":2061,"frag_idx":0,"nd":1465}}
{"sessionId":"0173da","runId":"post-fix","timestamp":1783913472071,"hypothesisId":"L2","location":"dataplane_wan.c:reassemble_l2","message":"l2_reassemble_pending","data":{"pkt_id":2387,"frag_idx":0,"nd":1465}}
{"sessionId":"0173da","runId":"post-fix","timestamp":1783913472071,"hypothesisId":"L2","location":"dataplane_wan.c:reassemble_l2","message":"l2_reassemble_pending","data":{"pkt_id":3055,"frag_idx":0,"nd":1465}}
{"sessionId":"0173da","runId":"post-fix","timestamp":1783913472071,"hypothesisId":"L2","location":"dataplane_wan.c:reassemble_l2","message":"l2_reassemble_pending","data":{"pkt_id":2157,"frag_idx":0,"nd":1465}}
{"sessionId":"0173da","runId":"post-fix","timestamp":1783913472071,"hypothesisId":"L2","location":"dataplane_wan.c:reassemble_l2","message":"l2_reassemble_pending","data":{"pkt_id":2492,"frag_idx":0,"nd":1465}}
{"sessionId":"0173da","runId":"post-fix","timestamp":1783913472071,"hypothesisId":"L2","location":"dataplane_wan.c:reassemble_l2","message":"l2_reassemble_pending","data":{"pkt_id":2754,"frag_idx":0,"nd":1465}}
{"sessionId":"0173da","runId":"post-fix","timestamp":1783913472071,"hypothesisId":"L2","location":"dataplane_wan.c:reassemble_l2","message":"l2_reassemble_pending","data":{"pkt_id":2072,"frag_idx":0,"nd":1465}}
{"sessionId":"0173da","runId":"post-fix","timestamp":1783913472071,"hypothesisId":"L2","location":"dataplane_wan.c:reassemble_l2","message":"l2_reassemble_pending","data":{"pkt_id":3056,"frag_idx":0,"nd":1465}}
{"sessionId":"0173da","runId":"post-fix","timestamp":1783913472071,"hypothesisId":"L2","location":"dataplane_wan.c:reassemble_l2","message":"l2_reassemble_pending","data":{"pkt_id":2394,"frag_idx":0,"nd":1465}}
{"sessionId":"0173da","runId":"post-fix","timestamp":1783913472071,"hypothesisId":"L2","location":"dataplane_wan.c:reassemble_l2","message":"l2_reassemble_pending","data":{"pkt_id":2186,"frag_idx":0,"nd":1465}}
{"sessionId":"0173da","runId":"post-fix","timestamp":1783913472071,"hypothesisId":"L2","location":"dataplane_wan.c:reassemble_l2","message":"l2_reassemble_pending","data":{"pkt_id":2495,"frag_idx":0,"nd":1465}}
{"sessionId":"0173da","runId":"post-fix","timestamp":1783913472071,"hypothesisId":"L2","location":"dataplane_wan.c:reassemble_l2","message":"l2_reassemble_pending","data":{"pkt_id":3058,"frag_idx":0,"nd":1465}}
{"sessionId":"0173da","runId":"post-fix","timestamp":1783913472071,"hypothesisId":"L2","location":"dataplane_wan.c:reassemble_l2","message":"l2_reassemble_pending","data":{"pkt_id":2757,"frag_idx":0,"nd":1465}}
{"sessionId":"0173da","runId":"post-fix","timestamp":1783913472071,"hypothesisId":"L2","location":"dataplane_wan.c:reassemble_l2","message":"l2_reassemble_pending","data":{"pkt_id":2396,"frag_idx":0,"nd":1465}}
{"sessionId":"0173da","runId":"post-fix","timestamp":1783913472071,"hypothesisId":"L2","location":"dataplane_wan.c:reassemble_l2","message":"l2_reassemble_pending","data":{"pkt_id":2078,"frag_idx":0,"nd":1465}}
{"sessionId":"0173da","runId":"post-fix","timestamp":1783913472071,"hypothesisId":"L2","location":"dataplane_wan.c:reassemble_l2","message":"l2_reassemble_pending","data":{"pkt_id":2497,"frag_idx":0,"nd":1465}}
{"sessionId":"0173da","runId":"post-fix","timestamp":1783913472071,"hypothesisId":"L2","location":"dataplane_wan.c:reassemble_l2","message":"l2_reassemble_pending","data":{"pkt_id":2191,"frag_idx":0,"nd":1465}}
{"sessionId":"0173da","runId":"post-fix","timestamp":1783913472071,"hypothesisId":"L2","location":"dataplane_wan.c:reassemble_l2","message":"l2_reassemble_pending","data":{"pkt_id":3059,"frag_idx":0,"nd":1465}}
{"sessionId":"0173da","runId":"post-fix","timestamp":1783913472071,"hypothesisId":"L2","location":"dataplane_wan.c:reassemble_l2","message":"l2_reassemble_pending","data":{"pkt_id":2399,"frag_idx":0,"nd":1465}}
{"sessionId":"0173da","runId":"post-fix","timestamp":1783913472071,"hypothesisId":"L2","location":"dataplane_wan.c:reassemble_l2","message":"l2_reassemble_pending","data":{"pkt_id":2762,"frag_idx":0,"nd":1465}}
{"sessionId":"0173da","runId":"post-fix","timestamp":1783913472071,"hypothesisId":"L2","location":"dataplane_wan.c:reassemble_l2","message":"l2_reassemble_pending","data":{"pkt_id":2066,"frag_idx":0,"nd":1465}}
{"sessionId":"0173da","runId":"post-fix","timestamp":1783913472071,"hypothesisId":"L2","location":"dataplane_wan.c:reassemble_l2","message":"l2_reassemble_pending","data":{"pkt_id":2499,"frag_idx":0,"nd":1465}}
{"sessionId":"0173da","runId":"post-fix","timestamp":1783913472071,"hypothesisId":"L2","location":"dataplane_wan.c:reassemble_l2","message":"l2_reassemble_pending","data":{"pkt_id":2194,"frag_idx":0,"nd":1465}}
{"sessionId":"0173da","runId":"post-fix","timestamp":1783913472071,"hypothesisId":"L2","location":"dataplane_wan.c:reassemble_l2","message":"l2_reassemble_pending","data":{"pkt_id":3060,"frag_idx":0,"nd":1465}}
{"sessionId":"0173da","runId":"post-fix","timestamp":1783913472071,"hypothesisId":"L2","location":"dataplane_wan.c:reassemble_l2","message":"l2_reassemble_pending","data":{"pkt_id":2766,"frag_idx":0,"nd":1465}}
{"sessionId":"0173da","runId":"post-fix","timestamp":1783913472071,"hypothesisId":"L2","location":"dataplane_wan.c:reassemble_l2","message":"l2_reassemble_pending","data":{"pkt_id":2113,"frag_idx":0,"nd":1465}}
{"sessionId":"0173da","runId":"post-fix","timestamp":1783913472071,"hypothesisId":"L2","location":"dataplane_wan.c:reassemble_l2","message":"l2_reassemble_pending","data":{"pkt_id":2415,"frag_idx":0,"nd":1465}}
{"sessionId":"0173da","runId":"post-fix","timestamp":1783913472071,"hypothesisId":"L2","location":"dataplane_wan.c:reassemble_l2","message":"l2_reassemble_pending","data":{"pkt_id":2500,"frag_idx":0,"nd":1465}}
{"sessionId":"0173da","runId":"post-fix","timestamp":1783913472071,"hypothesisId":"L2","location":"dataplane_wan.c:reassemble_l2","message":"l2_reassemble_pending","data":{"pkt_id":2195,"frag_idx":0,"nd":1465}}
{"sessionId":"0173da","runId":"post-fix","timestamp":1783913472071,"hypothesisId":"L2","location":"dataplane_wan.c:reassemble_l2","message":"l2_reassemble_pending","data":{"pkt_id":3062,"frag_idx":0,"nd":1465}}
{"sessionId":"0173da","runId":"post-fix","timestamp":1783913472071,"hypothesisId":"L2","location":"dataplane_wan.c:reassemble_l2","message":"l2_reassemble_pending","data":{"pkt_id":2125,"frag_idx":0,"nd":1465}}
{"sessionId":"0173da","runId":"post-fix","timestamp":1783913472071,"hypothesisId":"L2","location":"dataplane_wan.c:reassemble_l2","message":"l2_reassemble_pending","data":{"pkt_id":2769,"frag_idx":0,"nd":1465}}
{"sessionId":"0173da","runId":"post-fix","timestamp":1783913472071,"hypothesisId":"L2","location":"dataplane_wan.c:reassemble_l2","message":"l2_reassemble_pending","data":{"pkt_id":2417,"frag_idx":0,"nd":1465}}
{"sessionId":"0173da","runId":"post-fix","timestamp":1783913472071,"hypothesisId":"L2","location":"dataplane_wan.c:reassemble_l2","message":"l2_reassemble_pending","data":{"pkt_id":2501,"frag_idx":0,"nd":1465}}
{"sessionId":"0173da","runId":"post-fix","timestamp":1783913472071,"hypothesisId":"L2","location":"dataplane_wan.c:reassemble_l2","message":"l2_reassemble_pending","data":{"pkt_id":3064,"frag_idx":0,"nd":1465}}
{"sessionId":"0173da","runId":"post-fix","timestamp":1783913472071,"hypothesisId":"L2","location":"dataplane_wan.c:reassemble_l2","message":"l2_reassemble_pending","data":{"pkt_id":2200,"frag_idx":0,"nd":1465}}
{"sessionId":"0173da","runId":"post-fix","timestamp":1783913472071,"hypothesisId":"L2","location":"dataplane_wan.c:reassemble_l2","message":"l2_reassemble_pending","data":{"pkt_id":2420,"frag_idx":0,"nd":1465}}
{"sessionId":"0173da","runId":"post-fix","timestamp":1783913472071,"hypothesisId":"L2","location":"dataplane_wan.c:reassemble_l2","message":"l2_reassemble_pending","data":{"pkt_id":2140,"frag_idx":0,"nd":1465}}
{"sessionId":"0173da","runId":"post-fix","timestamp":1783913472071,"hypothesisId":"L2","location":"dataplane_wan.c:reassemble_l2","message":"l2_reassemble_pending","data":{"pkt_id":2790,"frag_idx":0,"nd":1465}}
{"sessionId":"0173da","runId":"post-fix","timestamp":1783913472071,"hypothesisId":"L2","location":"dataplane_wan.c:reassemble_l2","message":"l2_reassemble_pending","data":{"pkt_id":2502,"frag_idx":0,"nd":1465}}
{"sessionId":"0173da","runId":"post-fix","timestamp":1783913472071,"hypothesisId":"L2","location":"dataplane_wan.c:reassemble_l2","message":"l2_reassemble_pending","data":{"pkt_id":3069,"frag_idx":0,"nd":1465}}
{"sessionId":"0173da","runId":"post-fix","timestamp":1783913472071,"hypothesisId":"L2","location":"dataplane_wan.c:reassemble_l2","message":"l2_reassemble_pending","data":{"pkt_id":2196,"frag_idx":0,"nd":1465}}
{"sessionId":"0173da","runId":"post-fix","timestamp":1783913472071,"hypothesisId":"L2","location":"dataplane_wan.c:reassemble_l2","message":"l2_reassemble_pending","data":{"pkt_id":2431,"frag_idx":0,"nd":1465}}
{"sessionId":"0173da","runId":"post-fix","timestamp":1783913472071,"hypothesisId":"L2","location":"dataplane_wan.c:reassemble_l2","message":"l2_reassemble_pending","data":{"pkt_id":2198,"frag_idx":0,"nd":1465}}
{"sessionId":"0173da","runId":"post-fix","timestamp":1783913472071,"hypothesisId":"L2","location":"dataplane_wan.c:reassemble_l2","message":"l2_reassemble_pending","data":{"pkt_id":2145,"frag_idx":0,"nd":1465}}
{"sessionId":"0173da","runId":"post-fix","timestamp":1783913472071,"hypothesisId":"L2","location":"dataplane_wan.c:reassemble_l2","message":"l2_reassemble_pending","data":{"pkt_id":2793,"frag_idx":0,"nd":1465}}
{"sessionId":"0173da","runId":"post-fix","timestamp":1783913472071,"hypothesisId":"L2","location":"dataplane_wan.c:reassemble_l2","message":"l2_reassemble_pending","data":{"pkt_id":3077,"frag_idx":0,"nd":1465}}
{"sessionId":"0173da","runId":"post-fix","timestamp":1783913472071,"hypothesisId":"L2","location":"dataplane_wan.c:reassemble_l2","message":"l2_reassemble_pending","data":{"pkt_id":2503,"frag_idx":0,"nd":1465}}
{"sessionId":"0173da","runId":"post-fix","timestamp":1783913472071,"hypothesisId":"L2","location":"dataplane_wan.c:reassemble_l2","message":"l2_reassemble_pending","data":{"pkt_id":2432,"frag_idx":0,"nd":1465}}
{"sessionId":"0173da","runId":"post-fix","timestamp":1783913472071,"hypothesisId":"L2","location":"dataplane_wan.c:reassemble_l2","message":"l2_reassemble_pending","data":{"pkt_id":2219,"frag_idx":0,"nd":1465}}
{"sessionId":"0173da","runId":"post-fix","timestamp":1783913472071,"hypothesisId":"L2","location":"dataplane_wan.c:reassemble_l2","message":"l2_reassemble_pending","data":{"pkt_id":2153,"frag_idx":0,"nd":1465}}
{"sessionId":"0173da","runId":"post-fix","timestamp":1783913472071,"hypothesisId":"L2","location":"dataplane_wan.c:reassemble_l2","message":"l2_reassemble_pending","data":{"pkt_id":3079,"frag_idx":0,"nd":1465}}
{"sessionId":"0173da","runId":"post-fix","timestamp":1783913472071,"hypothesisId":"L2","location":"dataplane_wan.c:reassemble_l2","message":"l2_reassemble_pending","data":{"pkt_id":2794,"frag_idx":0,"nd":1465}}
{"sessionId":"0173da","runId":"post-fix","timestamp":1783913472071,"hypothesisId":"L2","location":"dataplane_wan.c:reassemble_l2","message":"l2_reassemble_pending","data":{"pkt_id":2506,"frag_idx":0,"nd":1465}}
{"sessionId":"0173da","runId":"post-fix","timestamp":1783913472071,"hypothesisId":"L2","location":"dataplane_wan.c:reassemble_l2","message":"l2_reassemble_pending","data":{"pkt_id":2155,"frag_idx":0,"nd":1465}}
{"sessionId":"0173da","runId":"post-fix","timestamp":1783913472071,"hypothesisId":"L2","location":"dataplane_wan.c:reassemble_l2","message":"l2_reassemble_pending","data":{"pkt_id":2220,"frag_idx":1,"nd":63}}
{"sessionId":"0173da","runId":"post-fix","timestamp":1783913472071,"hypothesisId":"L2","location":"dataplane_wan.c:reassemble_l2","message":"l2_reassemble_pending","data":{"pkt_id":2433,"frag_idx":0,"nd":1465}}
{"sessionId":"0173da","runId":"post-fix","timestamp":1783913472071,"hypothesisId":"L2","location":"dataplane_wan.c:reassemble_l2","message":"l2_reassemble_pending","data":{"pkt_id":3080,"frag_idx":0,"nd":1465}}
{"sessionId":"0173da","runId":"post-fix","timestamp":1783913472071,"hypothesisId":"L2","location":"dataplane_wan.c:reassemble_l2","message":"l2_reassemble_pending","data":{"pkt_id":2797,"frag_idx":0,"nd":1465}}
{"sessionId":"0173da","runId":"post-fix","timestamp":1783913472071,"hypothesisId":"L2","location":"dataplane_wan.c:reassemble_l2","message":"l2_reassemble_pending","data":{"pkt_id":2508,"frag_idx":0,"nd":1465}}
{"sessionId":"0173da","runId":"post-fix","timestamp":1783913472071,"hypothesisId":"L2","location":"dataplane_wan.c:reassemble_l2","message":"l2_reassemble_pending","data":{"pkt_id":2156,"frag_idx":0,"nd":1465}}
{"sessionId":"0173da","runId":"post-fix","timestamp":1783913472071,"hypothesisId":"L2","location":"dataplane_wan.c:reassemble_l2","message":"l2_reassemble_pending","data":{"pkt_id":3083,"frag_idx":0,"nd":1465}}
{"sessionId":"0173da","runId":"post-fix","timestamp":1783913472071,"hypothesisId":"L2","location":"dataplane_wan.c:reassemble_l2","message":"l2_reassemble_pending","data":{"pkt_id":2798,"frag_idx":0,"nd":1465}}
{"sessionId":"0173da","runId":"post-fix","timestamp":1783913472071,"hypothesisId":"L2","location":"dataplane_wan.c:reassemble_l2","message":"l2_reassemble_pending","data":{"pkt_id":2221,"frag_idx":0,"nd":1465}}
{"sessionId":"0173da","runId":"post-fix","timestamp":1783913472071,"hypothesisId":"L2","location":"dataplane_wan.c:reassemble_l2","message":"l2_reassemble_pending","data":{"pkt_id":2434,"frag_idx":0,"nd":1465}}
{"sessionId":"0173da","runId":"post-fix","timestamp":1783913472072,"hypothesisId":"L2","location":"dataplane_wan.c:reassemble_l2","message":"l2_reassemble_pending","data":{"pkt_id":2510,"frag_idx":0,"nd":1465}}
{"sessionId":"0173da","runId":"post-fix","timestamp":1783913472072,"hypothesisId":"L2","location":"dataplane_wan.c:reassemble_l2","message":"l2_reassemble_pending","data":{"pkt_id":3086,"frag_idx":0,"nd":1465}}
{"sessionId":"0173da","runId":"post-fix","timestamp":1783913472072,"hypothesisId":"L2","location":"dataplane_wan.c:reassemble_l2","message":"l2_reassemble_pending","data":{"pkt_id":2799,"frag_idx":0,"nd":1465}}
{"sessionId":"0173da","runId":"post-fix","timestamp":1783913472072,"hypothesisId":"L2","location":"dataplane_wan.c:reassemble_l2","message":"l2_reassemble_pending","data":{"pkt_id":2161,"frag_idx":0,"nd":1465}}
{"sessionId":"0173da","runId":"post-fix","timestamp":1783913472072,"hypothesisId":"L2","location":"dataplane_wan.c:reassemble_l2","message":"l2_reassemble_pending","data":{"pkt_id":2270,"frag_idx":0,"nd":1465}}
{"sessionId":"0173da","runId":"post-fix","timestamp":1783913472072,"hypothesisId":"L2","location":"dataplane_wan.c:reassemble_l2","message":"l2_reassemble_pending","data":{"pkt_id":2512,"frag_idx":0,"nd":1465}}
{"sessionId":"0173da","runId":"post-fix","timestamp":1783913472072,"hypothesisId":"L2","location":"dataplane_wan.c:reassemble_l2","message":"l2_reassemble_pending","data":{"pkt_id":3088,"frag_idx":0,"nd":1465}}
{"sessionId":"0173da","runId":"post-fix","timestamp":1783913472072,"hypothesisId":"L2","location":"dataplane_wan.c:reassemble_l2","message":"l2_reassemble_pending","data":{"pkt_id":2435,"frag_idx":0,"nd":1465}}
{"sessionId":"0173da","runId":"post-fix","timestamp":1783913472072,"hypothesisId":"L2","location":"dataplane_wan.c:reassemble_l2","message":"l2_reassemble_pending","data":{"pkt_id":2917,"frag_idx":0,"nd":1465}}
{"sessionId":"0173da","runId":"post-fix","timestamp":1783913472072,"hypothesisId":"L2","location":"dataplane_wan.c:reassemble_l2","message":"l2_reassemble_pending","data":{"pkt_id":2164,"frag_idx":0,"nd":1465}}
{"sessionId":"0173da","runId":"post-fix","timestamp":1783913472072,"hypothesisId":"L2","location":"dataplane_wan.c:reassemble_l2","message":"l2_reassemble_pending","data":{"pkt_id":2278,"frag_idx":0,"nd":1465}}
{"sessionId":"0173da","runId":"post-fix","timestamp":1783913472072,"hypothesisId":"L2","location":"dataplane_wan.c:reassemble_l2","message":"l2_reassemble_pending","data":{"pkt_id":2515,"frag_idx":0,"nd":1465}}
{"sessionId":"0173da","runId":"post-fix","timestamp":1783913472072,"hypothesisId":"L2","location":"dataplane_wan.c:reassemble_l2","message":"l2_reassemble_pending","data":{"pkt_id":2436,"frag_idx":0,"nd":1465}}
{"sessionId":"0173da","runId":"post-fix","timestamp":1783913472072,"hypothesisId":"L2","location":"dataplane_wan.c:reassemble_l2","message":"l2_reassemble_pending","data":{"pkt_id":3089,"frag_idx":0,"nd":1465}}
{"sessionId":"0173da","runId":"post-fix","timestamp":1783913472072,"hypothesisId":"L2","location":"dataplane_wan.c:dataplane_process_wan","message":"l2_frag_pending_hold","data":{"wire_len":1500,"n":2560}}
{"sessionId":"0173da","runId":"post-fix","timestamp":1783913472072,"hypothesisId":"L2","location":"dataplane_wan.c:reassemble_l2","message":"l2_reassemble_pending","data":{"pkt_id":2919,"frag_idx":0,"nd":1465}}
{"sessionId":"0173da","runId":"post-fix","timestamp":1783913472072,"hypothesisId":"L2","location":"dataplane_wan.c:reassemble_l2","message":"l2_reassemble_pending","data":{"pkt_id":2516,"frag_idx":0,"nd":1465}}
{"sessionId":"0173da","runId":"post-fix","timestamp":1783913472072,"hypothesisId":"L2","location":"dataplane_wan.c:reassemble_l2","message":"l2_reassemble_pending","data":{"pkt_id":2168,"frag_idx":0,"nd":1465}}
{"sessionId":"0173da","runId":"post-fix","timestamp":1783913472072,"hypothesisId":"L2","location":"dataplane_wan.c:decrypt_wan","message":"l2_frag_reassemble_ok","data":{"wire_in":98,"plain_len":1514,"pkt_id":3089,"n":2560}}
{"sessionId":"0173da","runId":"post-fix","timestamp":1783913472072,"hypothesisId":"L2","location":"dataplane_wan.c:reassemble_l2","message":"l2_reassemble_join_ok","data":{"pkt_id":2436,"frag_idx":1,"out_len":1514,"n":2560}}
{"sessionId":"0173da","runId":"post-fix","timestamp":1783913472072,"hypothesisId":"L2","location":"dataplane_wan.c:reassemble_l2","message":"l2_reassemble_pending","data":{"pkt_id":2279,"frag_idx":0,"nd":1465}}
{"sessionId":"0173da","runId":"post-fix","timestamp":1783913472072,"hypothesisId":"L2","location":"dataplane_wan.c:reassemble_l2","message":"l2_reassemble_pending","data":{"pkt_id":2921,"frag_idx":0,"nd":1465}}
{"sessionId":"0173da","runId":"post-fix","timestamp":1783913472072,"hypothesisId":"L2","location":"dataplane_wan.c:reassemble_l2","message":"l2_reassemble_pending","data":{"pkt_id":2517,"frag_idx":0,"nd":1465}}
{"sessionId":"0173da","runId":"post-fix","timestamp":1783913472072,"hypothesisId":"L2","location":"dataplane_wan.c:reassemble_l2","message":"l2_reassemble_pending","data":{"pkt_id":2171,"frag_idx":0,"nd":1465}}
{"sessionId":"0173da","runId":"post-fix","timestamp":1783913472072,"hypothesisId":"L2","location":"dataplane_wan.c:reassemble_l2","message":"l2_reassemble_pending","data":{"pkt_id":3118,"frag_idx":0,"nd":1465}}
{"sessionId":"0173da","runId":"post-fix","timestamp":1783913472072,"hypothesisId":"L2","location":"dataplane_wan.c:reassemble_l2","message":"l2_reassemble_pending","data":{"pkt_id":2437,"frag_idx":0,"nd":1465}}
{"sessionId":"0173da","runId":"post-fix","timestamp":1783913472072,"hypothesisId":"L2","location":"dataplane_wan.c:reassemble_l2","message":"l2_reassemble_pending","data":{"pkt_id":2281,"frag_idx":0,"nd":1465}}
{"sessionId":"0173da","runId":"post-fix","timestamp":1783913472072,"hypothesisId":"L2","location":"dataplane_wan.c:reassemble_l2","message":"l2_reassemble_pending","data":{"pkt_id":2518,"frag_idx":0,"nd":1465}}
{"sessionId":"0173da","runId":"post-fix","timestamp":1783913472072,"hypothesisId":"L2","location":"dataplane_wan.c:reassemble_l2","message":"l2_reassemble_pending","data":{"pkt_id":2922,"frag_idx":0,"nd":1465}}
{"sessionId":"0173da","runId":"post-fix","timestamp":1783913472072,"hypothesisId":"L2","location":"dataplane_wan.c:reassemble_l2","message":"l2_reassemble_pending","data":{"pkt_id":3119,"frag_idx":0,"nd":1465}}
{"sessionId":"0173da","runId":"post-fix","timestamp":1783913472072,"hypothesisId":"L2","location":"dataplane_wan.c:reassemble_l2","message":"l2_reassemble_pending","data":{"pkt_id":2283,"frag_idx":0,"nd":1465}}
{"sessionId":"0173da","runId":"post-fix","timestamp":1783913472072,"hypothesisId":"L2","location":"dataplane_wan.c:reassemble_l2","message":"l2_reassemble_pending","data":{"pkt_id":2173,"frag_idx":0,"nd":1465}}
{"sessionId":"0173da","runId":"post-fix","timestamp":1783913472072,"hypothesisId":"L2","location":"dataplane_wan.c:reassemble_l2","message":"l2_reassemble_pending","data":{"pkt_id":2438,"frag_idx":0,"nd":1465}}
{"sessionId":"0173da","runId":"post-fix","timestamp":1783913472072,"hypothesisId":"L2","location":"dataplane_wan.c:reassemble_l2","message":"l2_reassemble_pending","data":{"pkt_id":2519,"frag_idx":0,"nd":1465}}
{"sessionId":"0173da","runId":"post-fix","timestamp":1783913472072,"hypothesisId":"L2","location":"dataplane_wan.c:reassemble_l2","message":"l2_reassemble_pending","data":{"pkt_id":2923,"frag_idx":0,"nd":1465}}
{"sessionId":"0173da","runId":"post-fix","timestamp":1783913472072,"hypothesisId":"L2","location":"dataplane_wan.c:reassemble_l2","message":"l2_reassemble_pending","data":{"pkt_id":2286,"frag_idx":0,"nd":1465}}
{"sessionId":"0173da","runId":"post-fix","timestamp":1783913472072,"hypothesisId":"L2","location":"dataplane_wan.c:reassemble_l2","message":"l2_reassemble_pending","data":{"pkt_id":3121,"frag_idx":0,"nd":1465}}
{"sessionId":"0173da","runId":"post-fix","timestamp":1783913472072,"hypothesisId":"L2","location":"dataplane_wan.c:reassemble_l2","message":"l2_reassemble_pending","data":{"pkt_id":2447,"frag_idx":0,"nd":1465}}
{"sessionId":"0173da","runId":"post-fix","timestamp":1783913472072,"hypothesisId":"L2","location":"dataplane_wan.c:reassemble_l2","message":"l2_reassemble_pending","data":{"pkt_id":2176,"frag_idx":0,"nd":1465}}
{"sessionId":"0173da","runId":"post-fix","timestamp":1783913472072,"hypothesisId":"L2","location":"dataplane_wan.c:reassemble_l2","message":"l2_reassemble_pending","data":{"pkt_id":2521,"frag_idx":0,"nd":1465}}
{"sessionId":"0173da","runId":"post-fix","timestamp":1783913472072,"hypothesisId":"L2","location":"dataplane_wan.c:reassemble_l2","message":"l2_reassemble_pending","data":{"pkt_id":2924,"frag_idx":0,"nd":1465}}
{"sessionId":"0173da","runId":"post-fix","timestamp":1783913472072,"hypothesisId":"L2","location":"dataplane_wan.c:reassemble_l2","message":"l2_reassemble_pending","data":{"pkt_id":3123,"frag_idx":0,"nd":1465}}
{"sessionId":"0173da","runId":"post-fix","timestamp":1783913472072,"hypothesisId":"L2","location":"dataplane_wan.c:reassemble_l2","message":"l2_reassemble_pending","data":{"pkt_id":2285,"frag_idx":0,"nd":1465}}
{"sessionId":"0173da","runId":"post-fix","timestamp":1783913472072,"hypothesisId":"L2","location":"dataplane_wan.c:reassemble_l2","message":"l2_reassemble_pending","data":{"pkt_id":2448,"frag_idx":0,"nd":1465}}
{"sessionId":"0173da","runId":"post-fix","timestamp":1783913472072,"hypothesisId":"L2","location":"dataplane_wan.c:reassemble_l2","message":"l2_reassemble_pending","data":{"pkt_id":2524,"frag_idx":0,"nd":1465}}
{"sessionId":"0173da","runId":"post-fix","timestamp":1783913472072,"hypothesisId":"L2","location":"dataplane_wan.c:reassemble_l2","message":"l2_reassemble_pending","data":{"pkt_id":2203,"frag_idx":0,"nd":1465}}
{"sessionId":"0173da","runId":"post-fix","timestamp":1783913472072,"hypothesisId":"L2","location":"dataplane_wan.c:reassemble_l2","message":"l2_reassemble_pending","data":{"pkt_id":2940,"frag_idx":0,"nd":1465}}
{"sessionId":"0173da","runId":"post-fix","timestamp":1783913472072,"hypothesisId":"L2","location":"dataplane_wan.c:reassemble_l2","message":"l2_reassemble_pending","data":{"pkt_id":2296,"frag_idx":0,"nd":1465}}
{"sessionId":"0173da","runId":"post-fix","timestamp":1783913472072,"hypothesisId":"L2","location":"dataplane_wan.c:reassemble_l2","message":"l2_reassemble_pending","data":{"pkt_id":3125,"frag_idx":0,"nd":1465}}
{"sessionId":"0173da","runId":"post-fix","timestamp":1783913472072,"hypothesisId":"L2","location":"dataplane_wan.c:reassemble_l2","message":"l2_reassemble_pending","data":{"pkt_id":2451,"frag_idx":0,"nd":1465}}
{"sessionId":"0173da","runId":"post-fix","timestamp":1783913472072,"hypothesisId":"L2","location":"dataplane_wan.c:reassemble_l2","message":"l2_reassemble_pending","data":{"pkt_id":2528,"frag_idx":0,"nd":1465}}
{"sessionId":"0173da","runId":"post-fix","timestamp":1783913472072,"hypothesisId":"L2","location":"dataplane_wan.c:reassemble_l2","message":"l2_reassemble_pending","data":{"pkt_id":2212,"frag_idx":0,"nd":1465}}
{"sessionId":"0173da","runId":"post-fix","timestamp":1783913472072,"hypothesisId":"L2","location":"dataplane_wan.c:reassemble_l2","message":"l2_reassemble_pending","data":{"pkt_id":2944,"frag_idx":0,"nd":1465}}
{"sessionId":"0173da","runId":"post-fix","timestamp":1783913472072,"hypothesisId":"L2","location":"dataplane_wan.c:reassemble_l2","message":"l2_reassemble_pending","data":{"pkt_id":2304,"frag_idx":0,"nd":1465}}
{"sessionId":"0173da","runId":"post-fix","timestamp":1783913472072,"hypothesisId":"L2","location":"dataplane_wan.c:reassemble_l2","message":"l2_reassemble_pending","data":{"pkt_id":2539,"frag_idx":0,"nd":1465}}
{"sessionId":"0173da","runId":"post-fix","timestamp":1783913472072,"hypothesisId":"L2","location":"dataplane_wan.c:reassemble_l2","message":"l2_reassemble_pending","data":{"pkt_id":2453,"frag_idx":0,"nd":1465}}
{"sessionId":"0173da","runId":"post-fix","timestamp":1783913472072,"hypothesisId":"L2","location":"dataplane_wan.c:reassemble_l2","message":"l2_reassemble_pending","data":{"pkt_id":2216,"frag_idx":0,"nd":1465}}
{"sessionId":"0173da","runId":"post-fix","timestamp":1783913472072,"hypothesisId":"L2","location":"dataplane_wan.c:reassemble_l2","message":"l2_reassemble_pending","data":{"pkt_id":3197,"frag_idx":0,"nd":1465}}
{"sessionId":"0173da","runId":"post-fix","timestamp":1783913472072,"hypothesisId":"L2","location":"dataplane_wan.c:reassemble_l2","message":"l2_reassemble_pending","data":{"pkt_id":2946,"frag_idx":0,"nd":1465}}
{"sessionId":"0173da","runId":"post-fix","timestamp":1783913472072,"hypothesisId":"L2","location":"dataplane_wan.c:reassemble_l2","message":"l2_reassemble_pending","data":{"pkt_id":2307,"frag_idx":0,"nd":1465}}
{"sessionId":"0173da","runId":"post-fix","timestamp":1783913472072,"hypothesisId":"L2","location":"dataplane_wan.c:reassemble_l2","message":"l2_reassemble_pending","data":{"pkt_id":2564,"frag_idx":0,"nd":1465}}
{"sessionId":"0173da","runId":"post-fix","timestamp":1783913472072,"hypothesisId":"L2","location":"dataplane_wan.c:reassemble_l2","message":"l2_reassemble_pending","data":{"pkt_id":2218,"frag_idx":0,"nd":1465}}
{"sessionId":"0173da","runId":"post-fix","timestamp":1783913472072,"hypothesisId":"L2","location":"dataplane_wan.c:reassemble_l2","message":"l2_reassemble_pending","data":{"pkt_id":3225,"frag_idx":0,"nd":1465}}
{"sessionId":"0173da","runId":"post-fix","timestamp":1783913472072,"hypothesisId":"L2","location":"dataplane_wan.c:reassemble_l2","message":"l2_reassemble_pending","data":{"pkt_id":2454,"frag_idx":0,"nd":1465}}
{"sessionId":"0173da","runId":"post-fix","timestamp":1783913472072,"hypothesisId":"L2","location":"dataplane_wan.c:reassemble_l2","message":"l2_reassemble_pending","data":{"pkt_id":2953,"frag_idx":0,"nd":1465}}
{"sessionId":"0173da","runId":"post-fix","timestamp":1783913472072,"hypothesisId":"L2","location":"dataplane_wan.c:reassemble_l2","message":"l2_reassemble_pending","data":{"pkt_id":2308,"frag_idx":0,"nd":1465}}
{"sessionId":"0173da","runId":"post-fix","timestamp":1783913472072,"hypothesisId":"L2","location":"dataplane_wan.c:reassemble_l2","message":"l2_reassemble_pending","data":{"pkt_id":2565,"frag_idx":0,"nd":1465}}
{"sessionId":"0173da","runId":"post-fix","timestamp":1783913472072,"hypothesisId":"L2","location":"dataplane_wan.c:reassemble_l2","message":"l2_reassemble_pending","data":{"pkt_id":2457,"frag_idx":0,"nd":1465}}
{"sessionId":"0173da","runId":"post-fix","timestamp":1783913472072,"hypothesisId":"L2","location":"dataplane_wan.c:reassemble_l2","message":"l2_reassemble_pending","data":{"pkt_id":3240,"frag_idx":0,"nd":1465}}
{"sessionId":"0173da","runId":"post-fix","timestamp":1783913472072,"hypothesisId":"L2","location":"dataplane_wan.c:reassemble_l2","message":"l2_reassemble_pending","data":{"pkt_id":2293,"frag_idx":0,"nd":1465}}
{"sessionId":"0173da","runId":"post-fix","timestamp":1783913472072,"hypothesisId":"L2","location":"dataplane_wan.c:reassemble_l2","message":"l2_reassemble_pending","data":{"pkt_id":2310,"frag_idx":0,"nd":1465}}
{"sessionId":"0173da","runId":"post-fix","timestamp":1783913472072,"hypothesisId":"L2","location":"dataplane_wan.c:reassemble_l2","message":"l2_reassemble_pending","data":{"pkt_id":2972,"frag_idx":0,"nd":1465}}
{"sessionId":"0173da","runId":"post-fix","timestamp":1783913472072,"hypothesisId":"L2","location":"dataplane_wan.c:reassemble_l2","message":"l2_reassemble_pending","data":{"pkt_id":2577,"frag_idx":0,"nd":1465}}
{"sessionId":"0173da","runId":"post-fix","timestamp":1783913472072,"hypothesisId":"L2","location":"dataplane_wan.c:reassemble_l2","message":"l2_reassemble_pending","data":{"pkt_id":2458,"frag_idx":0,"nd":1465}}
{"sessionId":"0173da","runId":"post-fix","timestamp":1783913472072,"hypothesisId":"L2","location":"dataplane_wan.c:reassemble_l2","message":"l2_reassemble_pending","data":{"pkt_id":3243,"frag_idx":0,"nd":1465}}
{"sessionId":"0173da","runId":"post-fix","timestamp":1783913472072,"hypothesisId":"L2","location":"dataplane_wan.c:reassemble_l2","message":"l2_reassemble_pending","data":{"pkt_id":2298,"frag_idx":0,"nd":1465}}
{"sessionId":"0173da","runId":"post-fix","timestamp":1783913472072,"hypothesisId":"L2","location":"dataplane_wan.c:reassemble_l2","message":"l2_reassemble_pending","data":{"pkt_id":2312,"frag_idx":0,"nd":1465}}
{"sessionId":"0173da","runId":"post-fix","timestamp":1783913472072,"hypothesisId":"L2","location":"dataplane_wan.c:reassemble_l2","message":"l2_reassemble_pending","data":{"pkt_id":3042,"frag_idx":0,"nd":1465}}
{"sessionId":"0173da","runId":"post-fix","timestamp":1783913472072,"hypothesisId":"L2","location":"dataplane_wan.c:reassemble_l2","message":"l2_reassemble_pending","data":{"pkt_id":2578,"frag_idx":0,"nd":1465}}
{"sessionId":"0173da","runId":"post-fix","timestamp":1783913472072,"hypothesisId":"L2","location":"dataplane_wan.c:reassemble_l2","message":"l2_reassemble_pending","data":{"pkt_id":3246,"frag_idx":0,"nd":1465}}
{"sessionId":"0173da","runId":"post-fix","timestamp":1783913472072,"hypothesisId":"L2","location":"dataplane_wan.c:reassemble_l2","message":"l2_reassemble_pending","data":{"pkt_id":2300,"frag_idx":0,"nd":1465}}
{"sessionId":"0173da","runId":"post-fix","timestamp":1783913472072,"hypothesisId":"L2","location":"dataplane_wan.c:reassemble_l2","message":"l2_reassemble_pending","data":{"pkt_id":2325,"frag_idx":0,"nd":1465}}
{"sessionId":"0173da","runId":"post-fix","timestamp":1783913472072,"hypothesisId":"L2","location":"dataplane_wan.c:reassemble_l2","message":"l2_reassemble_pending","data":{"pkt_id":2460,"frag_idx":0,"nd":1465}}
{"sessionId":"0173da","runId":"post-fix","timestamp":1783913472072,"hypothesisId":"L2","location":"dataplane_wan.c:reassemble_l2","message":"l2_reassemble_pending","data":{"pkt_id":2579,"frag_idx":0,"nd":1465}}
{"sessionId":"0173da","runId":"post-fix","timestamp":1783913472072,"hypothesisId":"L2","location":"dataplane_wan.c:reassemble_l2","message":"l2_reassemble_pending","data":{"pkt_id":3045,"frag_idx":0,"nd":1465}}
{"sessionId":"0173da","runId":"post-fix","timestamp":1783913472072,"hypothesisId":"L2","location":"dataplane_wan.c:reassemble_l2","message":"l2_reassemble_pending","data":{"pkt_id":3247,"frag_idx":0,"nd":1465}}
{"sessionId":"0173da","runId":"post-fix","timestamp":1783913472072,"hypothesisId":"L2","location":"dataplane_wan.c:reassemble_l2","message":"l2_reassemble_pending","data":{"pkt_id":2323,"frag_idx":0,"nd":1465}}
{"sessionId":"0173da","runId":"post-fix","timestamp":1783913472072,"hypothesisId":"L2","location":"dataplane_wan.c:reassemble_l2","message":"l2_reassemble_pending","data":{"pkt_id":3048,"frag_idx":0,"nd":1465}}
{"sessionId":"0173da","runId":"post-fix","timestamp":1783913472072,"hypothesisId":"L2","location":"dataplane_wan.c:reassemble_l2","message":"l2_reassemble_pending","data":{"pkt_id":2335,"frag_idx":0,"nd":1465}}
{"sessionId":"0173da","runId":"post-fix","timestamp":1783913472072,"hypothesisId":"L2","location":"dataplane_wan.c:reassemble_l2","message":"l2_reassemble_pending","data":{"pkt_id":2580,"frag_idx":0,"nd":1465}}
{"sessionId":"0173da","runId":"post-fix","timestamp":1783913472072,"hypothesisId":"L2","location":"dataplane_wan.c:reassemble_l2","message":"l2_reassemble_pending","data":{"pkt_id":3249,"frag_idx":0,"nd":1465}}
{"sessionId":"0173da","runId":"post-fix","timestamp":1783913472072,"hypothesisId":"L2","location":"dataplane_wan.c:reassemble_l2","message":"l2_reassemble_pending","data":{"pkt_id":2462,"frag_idx":0,"nd":1465}}
{"sessionId":"0173da","runId":"post-fix","timestamp":1783913472072,"hypothesisId":"L2","location":"dataplane_wan.c:reassemble_l2","message":"l2_reassemble_pending","data":{"pkt_id":2315,"frag_idx":0,"nd":1465}}
{"sessionId":"0173da","runId":"post-fix","timestamp":1783913472072,"hypothesisId":"L2","location":"dataplane_wan.c:reassemble_l2","message":"l2_reassemble_pending","data":{"pkt_id":3054,"frag_idx":0,"nd":1465}}
{"sessionId":"0173da","runId":"post-fix","timestamp":1783913472072,"hypothesisId":"L2","location":"dataplane_wan.c:reassemble_l2","message":"l2_reassemble_pending","data":{"pkt_id":2582,"frag_idx":0,"nd":1465}}
{"sessionId":"0173da","runId":"post-fix","timestamp":1783913472072,"hypothesisId":"L2","location":"dataplane_wan.c:reassemble_l2","message":"l2_reassemble_pending","data":{"pkt_id":2339,"frag_idx":0,"nd":1465}}
{"sessionId":"0173da","runId":"post-fix","timestamp":1783913472072,"hypothesisId":"L2","location":"dataplane_wan.c:reassemble_l2","message":"l2_reassemble_pending","data":{"pkt_id":3288,"frag_idx":0,"nd":1465}}
{"sessionId":"0173da","runId":"post-fix","timestamp":1783913472072,"hypothesisId":"L2","location":"dataplane_wan.c:reassemble_l2","message":"l2_reassemble_pending","data":{"pkt_id":2464,"frag_idx":0,"nd":1465}}
{"sessionId":"0173da","runId":"post-fix","timestamp":1783913472072,"hypothesisId":"L2","location":"dataplane_wan.c:reassemble_l2","message":"l2_reassemble_pending","data":{"pkt_id":2333,"frag_idx":0,"nd":1465}}
{"sessionId":"0173da","runId":"post-fix","timestamp":1783913472072,"hypothesisId":"L2","location":"dataplane_wan.c:reassemble_l2","message":"l2_reassemble_pending","data":{"pkt_id":3103,"frag_idx":0,"nd":1465}}
{"sessionId":"0173da","runId":"post-fix","timestamp":1783913472072,"hypothesisId":"L2","location":"dataplane_wan.c:reassemble_l2","message":"l2_reassemble_pending","data":{"pkt_id":3298,"frag_idx":0,"nd":1465}}
{"sessionId":"0173da","runId":"post-fix","timestamp":1783913472072,"hypothesisId":"L2","location":"dataplane_wan.c:reassemble_l2","message":"l2_reassemble_pending","data":{"pkt_id":2343,"frag_idx":0,"nd":1465}}
{"sessionId":"0173da","runId":"post-fix","timestamp":1783913472072,"hypothesisId":"L2","location":"dataplane_wan.c:reassemble_l2","message":"l2_reassemble_pending","data":{"pkt_id":2466,"frag_idx":0,"nd":1465}}
{"sessionId":"0173da","runId":"post-fix","timestamp":1783913472072,"hypothesisId":"L2","location":"dataplane_wan.c:reassemble_l2","message":"l2_reassemble_pending","data":{"pkt_id":2586,"frag_idx":0,"nd":1465}}
{"sessionId":"0173da","runId":"post-fix","timestamp":1783913472073,"hypothesisId":"L2","location":"dataplane_wan.c:reassemble_l2","message":"l2_reassemble_pending","data":{"pkt_id":3342,"frag_idx":0,"nd":1465}}
{"sessionId":"0173da","runId":"post-fix","timestamp":1783913472073,"hypothesisId":"L2","location":"dataplane_wan.c:reassemble_l2","message":"l2_reassemble_pending","data":{"pkt_id":2344,"frag_idx":0,"nd":1465}}
{"sessionId":"0173da","runId":"post-fix","timestamp":1783913472073,"hypothesisId":"L2","location":"dataplane_wan.c:reassemble_l2","message":"l2_reassemble_pending","data":{"pkt_id":2329,"frag_idx":0,"nd":1465}}
{"sessionId":"0173da","runId":"post-fix","timestamp":1783913472073,"hypothesisId":"L2","location":"dataplane_wan.c:reassemble_l2","message":"l2_reassemble_pending","data":{"pkt_id":2608,"frag_idx":0,"nd":1465}}
{"sessionId":"0173da","runId":"post-fix","timestamp":1783913472073,"hypothesisId":"L2","location":"dataplane_wan.c:reassemble_l2","message":"l2_reassemble_pending","data":{"pkt_id":3105,"frag_idx":0,"nd":1465}}
{"sessionId":"0173da","runId":"post-fix","timestamp":1783913472073,"hypothesisId":"L2","location":"dataplane_wan.c:reassemble_l2","message":"l2_reassemble_pending","data":{"pkt_id":2471,"frag_idx":0,"nd":1465}}
{"sessionId":"0173da","runId":"post-fix","timestamp":1783913472073,"hypothesisId":"L2","location":"dataplane_wan.c:reassemble_l2","message":"l2_reassemble_pending","data":{"pkt_id":2348,"frag_idx":0,"nd":1465}}
{"sessionId":"0173da","runId":"post-fix","timestamp":1783913472073,"hypothesisId":"L2","location":"dataplane_wan.c:reassemble_l2","message":"l2_reassemble_pending","data":{"pkt_id":2331,"frag_idx":0,"nd":1465}}
{"sessionId":"0173da","runId":"post-fix","timestamp":1783913472073,"hypothesisId":"L2","location":"dataplane_wan.c:reassemble_l2","message":"l2_reassemble_pending","data":{"pkt_id":3343,"frag_idx":0,"nd":1465}}
{"sessionId":"0173da","runId":"post-fix","timestamp":1783913472073,"hypothesisId":"L2","location":"dataplane_wan.c:reassemble_l2","message":"l2_reassemble_pending","data":{"pkt_id":2618,"frag_idx":0,"nd":1465}}
{"sessionId":"0173da","runId":"post-fix","timestamp":1783913472073,"hypothesisId":"L2","location":"dataplane_wan.c:reassemble_l2","message":"l2_reassemble_pending","data":{"pkt_id":2473,"frag_idx":0,"nd":1465}}
{"sessionId":"0173da","runId":"post-fix","timestamp":1783913472073,"hypothesisId":"L2","location":"dataplane_wan.c:reassemble_l2","message":"l2_reassemble_pending","data":{"pkt_id":3111,"frag_idx":0,"nd":1465}}
{"sessionId":"0173da","runId":"post-fix","timestamp":1783913472073,"hypothesisId":"L2","location":"dataplane_wan.c:reassemble_l2","message":"l2_reassemble_pending","data":{"pkt_id":2355,"frag_idx":0,"nd":1465}}
{"sessionId":"0173da","runId":"post-fix","timestamp":1783913472073,"hypothesisId":"L2","location":"dataplane_wan.c:reassemble_l2","message":"l2_reassemble_pending","data":{"pkt_id":3353,"frag_idx":0,"nd":1465}}
{"sessionId":"0173da","runId":"post-fix","timestamp":1783913472073,"hypothesisId":"L2","location":"dataplane_wan.c:reassemble_l2","message":"l2_reassemble_pending","data":{"pkt_id":2645,"frag_idx":0,"nd":1465}}
{"sessionId":"0173da","runId":"post-fix","timestamp":1783913472073,"hypothesisId":"L2","location":"dataplane_wan.c:reassemble_l2","message":"l2_reassemble_pending","data":{"pkt_id":2496,"frag_idx":0,"nd":1465}}
{"sessionId":"0173da","runId":"post-fix","timestamp":1783913472073,"hypothesisId":"L2","location":"dataplane_wan.c:reassemble_l2","message":"l2_reassemble_pending","data":{"pkt_id":2332,"frag_idx":0,"nd":1465}}
{"sessionId":"0173da","runId":"post-fix","timestamp":1783913472073,"hypothesisId":"L2","location":"dataplane_wan.c:reassemble_l2","message":"l2_reassemble_pending","data":{"pkt_id":3112,"frag_idx":0,"nd":1465}}
{"sessionId":"0173da","runId":"post-fix","timestamp":1783913472073,"hypothesisId":"L2","location":"dataplane_wan.c:reassemble_l2","message":"l2_reassemble_pending","data":{"pkt_id":2368,"frag_idx":0,"nd":1465}}
{"sessionId":"0173da","runId":"post-fix","timestamp":1783913472073,"hypothesisId":"L2","location":"dataplane_wan.c:reassemble_l2","message":"l2_reassemble_pending","data":{"pkt_id":3356,"frag_idx":0,"nd":1465}}
{"sessionId":"0173da","runId":"post-fix","timestamp":1783913472073,"hypothesisId":"L2","location":"dataplane_wan.c:reassemble_l2","message":"l2_reassemble_pending","data":{"pkt_id":2648,"frag_idx":0,"nd":1465}}
{"sessionId":"0173da","runId":"post-fix","timestamp":1783913472073,"hypothesisId":"L2","location":"dataplane_wan.c:reassemble_l2","message":"l2_reassemble_pending","data":{"pkt_id":2498,"frag_idx":0,"nd":1465}}
{"sessionId":"0173da","runId":"post-fix","timestamp":1783913472073,"hypothesisId":"L2","location":"dataplane_wan.c:reassemble_l2","message":"l2_reassemble_pending","data":{"pkt_id":2372,"frag_idx":0,"nd":1465}}
{"sessionId":"0173da","runId":"post-fix","timestamp":1783913472073,"hypothesisId":"L2","location":"dataplane_wan.c:reassemble_l2","message":"l2_reassemble_pending","data":{"pkt_id":2334,"frag_idx":0,"nd":1465}}
{"sessionId":"0173da","runId":"post-fix","timestamp":1783913472073,"hypothesisId":"L2","location":"dataplane_wan.c:reassemble_l2","message":"l2_reassemble_pending","data":{"pkt_id":3113,"frag_idx":0,"nd":1465}}
{"sessionId":"0173da","runId":"post-fix","timestamp":1783913472073,"hypothesisId":"L2","location":"dataplane_wan.c:reassemble_l2","message":"l2_reassemble_pending","data":{"pkt_id":3359,"frag_idx":0,"nd":1465}}
{"sessionId":"0173da","runId":"post-fix","timestamp":1783913472073,"hypothesisId":"L2","location":"dataplane_wan.c:reassemble_l2","message":"l2_reassemble_pending","data":{"pkt_id":2651,"frag_idx":0,"nd":1465}}
{"sessionId":"0173da","runId":"post-fix","timestamp":1783913472073,"hypothesisId":"L2","location":"dataplane_wan.c:reassemble_l2","message":"l2_reassemble_pending","data":{"pkt_id":2336,"frag_idx":0,"nd":1465}}
{"sessionId":"0173da","runId":"post-fix","timestamp":1783913472073,"hypothesisId":"L2","location":"dataplane_wan.c:reassemble_l2","message":"l2_reassemble_pending","data":{"pkt_id":2513,"frag_idx":0,"nd":1465}}
{"sessionId":"0173da","runId":"post-fix","timestamp":1783913472073,"hypothesisId":"L2","location":"dataplane_wan.c:reassemble_l2","message":"l2_reassemble_pending","data":{"pkt_id":3114,"frag_idx":0,"nd":1465}}
{"sessionId":"0173da","runId":"post-fix","timestamp":1783913472073,"hypothesisId":"L2","location":"dataplane_wan.c:reassemble_l2","message":"l2_reassemble_pending","data":{"pkt_id":2377,"frag_idx":0,"nd":1465}}
{"sessionId":"0173da","runId":"post-fix","timestamp":1783913472073,"hypothesisId":"L2","location":"dataplane_wan.c:reassemble_l2","message":"l2_reassemble_pending","data":{"pkt_id":3363,"frag_idx":0,"nd":1465}}
{"sessionId":"0173da","runId":"post-fix","timestamp":1783913472073,"hypothesisId":"L2","location":"dataplane_wan.c:reassemble_l2","message":"l2_reassemble_pending","data":{"pkt_id":2659,"frag_idx":0,"nd":1465}}
{"sessionId":"0173da","runId":"post-fix","timestamp":1783913472073,"hypothesisId":"L2","location":"dataplane_wan.c:reassemble_l2","message":"l2_reassemble_pending","data":{"pkt_id":2522,"frag_idx":0,"nd":1465}}
{"sessionId":"0173da","runId":"post-fix","timestamp":1783913472073,"hypothesisId":"L2","location":"dataplane_wan.c:reassemble_l2","message":"l2_reassemble_pending","data":{"pkt_id":3116,"frag_idx":0,"nd":1465}}
{"sessionId":"0173da","runId":"post-fix","timestamp":1783913472073,"hypothesisId":"L2","location":"dataplane_wan.c:reassemble_l2","message":"l2_reassemble_pending","data":{"pkt_id":2379,"frag_idx":0,"nd":1465}}
{"sessionId":"0173da","runId":"post-fix","timestamp":1783913472073,"hypothesisId":"L2","location":"dataplane_wan.c:reassemble_l2","message":"l2_reassemble_pending","data":{"pkt_id":2341,"frag_idx":0,"nd":1465}}
{"sessionId":"0173da","runId":"post-fix","timestamp":1783913472073,"hypothesisId":"L2","location":"dataplane_wan.c:reassemble_l2","message":"l2_reassemble_pending","data":{"pkt_id":3366,"frag_idx":0,"nd":1465}}
{"sessionId":"0173da","runId":"post-fix","timestamp":1783913472073,"hypothesisId":"L2","location":"dataplane_wan.c:reassemble_l2","message":"l2_reassemble_pending","data":{"pkt_id":2660,"frag_idx":0,"nd":1465}}
{"sessionId":"0173da","runId":"post-fix","timestamp":1783913472073,"hypothesisId":"L2","location":"dataplane_wan.c:reassemble_l2","message":"l2_reassemble_pending","data":{"pkt_id":2526,"frag_idx":0,"nd":1465}}
{"sessionId":"0173da","runId":"post-fix","timestamp":1783913472073,"hypothesisId":"L2","location":"dataplane_wan.c:reassemble_l2","message":"l2_reassemble_pending","data":{"pkt_id":3120,"frag_idx":0,"nd":1465}}
{"sessionId":"0173da","runId":"post-fix","timestamp":1783913472073,"hypothesisId":"L2","location":"dataplane_wan.c:reassemble_l2","message":"l2_reassemble_pending","data":{"pkt_id":2661,"frag_idx":0,"nd":1465}}
{"sessionId":"0173da","runId":"post-fix","timestamp":1783913472073,"hypothesisId":"L2","location":"dataplane_wan.c:reassemble_l2","message":"l2_reassemble_pending","data":{"pkt_id":3370,"frag_idx":0,"nd":1465}}
{"sessionId":"0173da","runId":"post-fix","timestamp":1783913472073,"hypothesisId":"L2","location":"dataplane_wan.c:reassemble_l2","message":"l2_reassemble_pending","data":{"pkt_id":2381,"frag_idx":0,"nd":1465}}
{"sessionId":"0173da","runId":"post-fix","timestamp":1783913472073,"hypothesisId":"L2","location":"dataplane_wan.c:reassemble_l2","message":"l2_reassemble_pending","data":{"pkt_id":2346,"frag_idx":0,"nd":1465}}
{"sessionId":"0173da","runId":"post-fix","timestamp":1783913472073,"hypothesisId":"L2","location":"dataplane_wan.c:reassemble_l2","message":"l2_reassemble_pending","data":{"pkt_id":3122,"frag_idx":0,"nd":1465}}
{"sessionId":"0173da","runId":"post-fix","timestamp":1783913472073,"hypothesisId":"L2","location":"dataplane_wan.c:reassemble_l2","message":"l2_reassemble_pending","data":{"pkt_id":2529,"frag_idx":0,"nd":1465}}
{"sessionId":"0173da","runId":"post-fix","timestamp":1783913472073,"hypothesisId":"L2","location":"dataplane_wan.c:reassemble_l2","message":"l2_reassemble_pending","data":{"pkt_id":2662,"frag_idx":0,"nd":1465}}
{"sessionId":"0173da","runId":"post-fix","timestamp":1783913472073,"hypothesisId":"L2","location":"dataplane_wan.c:reassemble_l2","message":"l2_reassemble_pending","data":{"pkt_id":2386,"frag_idx":0,"nd":1465}}
{"sessionId":"0173da","runId":"post-fix","timestamp":1783913472073,"hypothesisId":"L2","location":"dataplane_wan.c:reassemble_l2","message":"l2_reassemble_pending","data":{"pkt_id":2531,"frag_idx":0,"nd":1465}}
{"sessionId":"0173da","runId":"post-fix","timestamp":1783913472073,"hypothesisId":"L2","location":"dataplane_wan.c:reassemble_l2","message":"l2_reassemble_pending","data":{"pkt_id":3124,"frag_idx":0,"nd":1465}}
{"sessionId":"0173da","runId":"post-fix","timestamp":1783913472073,"hypothesisId":"L2","location":"dataplane_wan.c:reassemble_l2","message":"l2_reassemble_pending","data":{"pkt_id":2351,"frag_idx":0,"nd":1465}}
{"sessionId":"0173da","runId":"post-fix","timestamp":1783913472073,"hypothesisId":"L2","location":"dataplane_wan.c:reassemble_l2","message":"l2_reassemble_pending","data":{"pkt_id":2665,"frag_idx":0,"nd":1465}}
{"sessionId":"0173da","runId":"post-fix","timestamp":1783913472073,"hypothesisId":"L2","location":"dataplane_wan.c:reassemble_l2","message":"l2_reassemble_pending","data":{"pkt_id":2383,"frag_idx":0,"nd":1465}}
{"sessionId":"0173da","runId":"post-fix","timestamp":1783913472073,"hypothesisId":"L2","location":"dataplane_wan.c:reassemble_l2","message":"l2_reassemble_pending","data":{"pkt_id":3126,"frag_idx":0,"nd":1465}}
{"sessionId":"0173da","runId":"post-fix","timestamp":1783913472073,"hypothesisId":"L2","location":"dataplane_wan.c:reassemble_l2","message":"l2_reassemble_pending","data":{"pkt_id":2533,"frag_idx":0,"nd":1465}}
{"sessionId":"0173da","runId":"post-fix","timestamp":1783913472073,"hypothesisId":"L2","location":"dataplane_wan.c:reassemble_l2","message":"l2_reassemble_pending","data":{"pkt_id":2358,"frag_idx":0,"nd":1465}}
{"sessionId":"0173da","runId":"post-fix","timestamp":1783913472073,"hypothesisId":"L2","location":"dataplane_wan.c:reassemble_l2","message":"l2_reassemble_pending","data":{"pkt_id":2667,"frag_idx":0,"nd":1465}}
{"sessionId":"0173da","runId":"post-fix","timestamp":1783913472073,"hypothesisId":"L2","location":"dataplane_wan.c:reassemble_l2","message":"l2_reassemble_pending","data":{"pkt_id":2398,"frag_idx":0,"nd":1465}}
{"sessionId":"0173da","runId":"post-fix","timestamp":1783913472073,"hypothesisId":"L2","location":"dataplane_wan.c:reassemble_l2","message":"l2_reassemble_pending","data":{"pkt_id":3127,"frag_idx":0,"nd":1465}}
{"sessionId":"0173da","runId":"post-fix","timestamp":1783913472073,"hypothesisId":"L2","location":"dataplane_wan.c:reassemble_l2","message":"l2_reassemble_pending","data":{"pkt_id":2354,"frag_idx":0,"nd":1465}}
{"sessionId":"0173da","runId":"post-fix","timestamp":1783913472073,"hypothesisId":"L2","location":"dataplane_wan.c:reassemble_l2","message":"l2_reassemble_pending","data":{"pkt_id":2692,"frag_idx":0,"nd":1465}}
{"sessionId":"0173da","runId":"post-fix","timestamp":1783913472073,"hypothesisId":"L2","location":"dataplane_wan.c:reassemble_l2","message":"l2_reassemble_pending","data":{"pkt_id":2534,"frag_idx":0,"nd":1465}}
{"sessionId":"0173da","runId":"post-fix","timestamp":1783913472073,"hypothesisId":"L2","location":"dataplane_wan.c:reassemble_l2","message":"l2_reassemble_pending","data":{"pkt_id":2391,"frag_idx":0,"nd":1465}}
{"sessionId":"0173da","runId":"post-fix","timestamp":1783913472073,"hypothesisId":"L2","location":"dataplane_wan.c:reassemble_l2","message":"l2_reassemble_pending","data":{"pkt_id":3131,"frag_idx":0,"nd":1465}}
{"sessionId":"0173da","runId":"post-fix","timestamp":1783913472073,"hypothesisId":"L2","location":"dataplane_wan.c:reassemble_l2","message":"l2_reassemble_pending","data":{"pkt_id":2695,"frag_idx":0,"nd":1465}}
{"sessionId":"0173da","runId":"post-fix","timestamp":1783913472073,"hypothesisId":"L2","location":"dataplane_wan.c:reassemble_l2","message":"l2_reassemble_pending","data":{"pkt_id":2536,"frag_idx":0,"nd":1465}}
{"sessionId":"0173da","runId":"post-fix","timestamp":1783913472073,"hypothesisId":"L2","location":"dataplane_wan.c:reassemble_l2","message":"l2_reassemble_pending","data":{"pkt_id":2357,"frag_idx":0,"nd":1465}}
{"sessionId":"0173da","runId":"post-fix","timestamp":1783913472073,"hypothesisId":"L2","location":"dataplane_wan.c:reassemble_l2","message":"l2_reassemble_pending","data":{"pkt_id":2392,"frag_idx":0,"nd":1465}}
{"sessionId":"0173da","runId":"post-fix","timestamp":1783913472073,"hypothesisId":"L2","location":"dataplane_wan.c:reassemble_l2","message":"l2_reassemble_pending","data":{"pkt_id":3133,"frag_idx":0,"nd":1465}}
{"sessionId":"0173da","runId":"post-fix","timestamp":1783913472073,"hypothesisId":"L2","location":"dataplane_wan.c:reassemble_l2","message":"l2_reassemble_pending","data":{"pkt_id":2581,"frag_idx":0,"nd":1465}}
{"sessionId":"0173da","runId":"post-fix","timestamp":1783913472073,"hypothesisId":"L2","location":"dataplane_wan.c:reassemble_l2","message":"l2_reassemble_pending","data":{"pkt_id":2699,"frag_idx":0,"nd":1465}}
{"sessionId":"0173da","runId":"post-fix","timestamp":1783913472073,"hypothesisId":"L2","location":"dataplane_wan.c:reassemble_l2","message":"l2_reassemble_pending","data":{"pkt_id":2401,"frag_idx":0,"nd":1465}}
{"sessionId":"0173da","runId":"post-fix","timestamp":1783913472073,"hypothesisId":"L2","location":"dataplane_wan.c:reassemble_l2","message":"l2_reassemble_pending","data":{"pkt_id":2395,"frag_idx":0,"nd":1465}}
{"sessionId":"0173da","runId":"post-fix","timestamp":1783913472073,"hypothesisId":"L2","location":"dataplane_wan.c:reassemble_l2","message":"l2_reassemble_pending","data":{"pkt_id":3136,"frag_idx":0,"nd":1465}}
{"sessionId":"0173da","runId":"post-fix","timestamp":1783913472073,"hypothesisId":"L2","location":"dataplane_wan.c:reassemble_l2","message":"l2_reassemble_pending","data":{"pkt_id":2701,"frag_idx":0,"nd":1465}}
{"sessionId":"0173da","runId":"post-fix","timestamp":1783913472073,"hypothesisId":"L2","location":"dataplane_wan.c:reassemble_l2","message":"l2_reassemble_pending","data":{"pkt_id":2583,"frag_idx":0,"nd":1465}}
{"sessionId":"0173da","runId":"post-fix","timestamp":1783913472073,"hypothesisId":"L2","location":"dataplane_wan.c:reassemble_l2","message":"l2_reassemble_pending","data":{"pkt_id":2402,"frag_idx":0,"nd":1465}}
{"sessionId":"0173da","runId":"post-fix","timestamp":1783913472073,"hypothesisId":"L2","location":"dataplane_wan.c:reassemble_l2","message":"l2_reassemble_pending","data":{"pkt_id":2440,"frag_idx":0,"nd":1465}}
{"sessionId":"0173da","runId":"post-fix","timestamp":1783913472073,"hypothesisId":"L2","location":"dataplane_wan.c:reassemble_l2","message":"l2_reassemble_pending","data":{"pkt_id":3138,"frag_idx":0,"nd":1465}}
{"sessionId":"0173da","runId":"post-fix","timestamp":1783913472073,"hypothesisId":"L2","location":"dataplane_wan.c:reassemble_l2","message":"l2_reassemble_pending","data":{"pkt_id":2731,"frag_idx":0,"nd":1465}}
{"sessionId":"0173da","runId":"post-fix","timestamp":1783913472073,"hypothesisId":"L2","location":"dataplane_wan.c:reassemble_l2","message":"l2_reassemble_pending","data":{"pkt_id":2584,"frag_idx":0,"nd":1465}}
{"sessionId":"0173da","runId":"post-fix","timestamp":1783913472073,"hypothesisId":"L2","location":"dataplane_wan.c:reassemble_l2","message":"l2_reassemble_pending","data":{"pkt_id":2405,"frag_idx":0,"nd":1465}}
{"sessionId":"0173da","runId":"post-fix","timestamp":1783913472073,"hypothesisId":"L2","location":"dataplane_wan.c:reassemble_l2","message":"l2_reassemble_pending","data":{"pkt_id":2520,"frag_idx":0,"nd":1465}}
{"sessionId":"0173da","runId":"post-fix","timestamp":1783913472074,"hypothesisId":"L2","location":"dataplane_wan.c:reassemble_l2","message":"l2_reassemble_pending","data":{"pkt_id":2523,"frag_idx":0,"nd":1465}}
{"sessionId":"0173da","runId":"post-fix","timestamp":1783913472074,"hypothesisId":"L2","location":"dataplane_wan.c:reassemble_l2","message":"l2_reassemble_pending","data":{"pkt_id":2587,"frag_idx":0,"nd":1465}}
{"sessionId":"0173da","runId":"post-fix","timestamp":1783913472074,"hypothesisId":"L2","location":"dataplane_wan.c:reassemble_l2","message":"l2_reassemble_pending","data":{"pkt_id":2407,"frag_idx":0,"nd":1465}}
{"sessionId":"0173da","runId":"post-fix","timestamp":1783913472074,"hypothesisId":"L2","location":"dataplane_wan.c:reassemble_l2","message":"l2_reassemble_pending","data":{"pkt_id":2525,"frag_idx":0,"nd":1465}}
{"sessionId":"0173da","runId":"post-fix","timestamp":1783913472074,"hypothesisId":"L2","location":"dataplane_wan.c:reassemble_l2","message":"l2_reassemble_pending","data":{"pkt_id":3129,"frag_idx":0,"nd":1465}}
{"sessionId":"0173da","runId":"post-fix","timestamp":1783913472074,"hypothesisId":"L2","location":"dataplane_wan.c:reassemble_l2","message":"l2_reassemble_pending","data":{"pkt_id":2590,"frag_idx":0,"nd":1465}}
{"sessionId":"0173da","runId":"post-fix","timestamp":1783913472074,"hypothesisId":"L2","location":"dataplane_wan.c:reassemble_l2","message":"l2_reassemble_pending","data":{"pkt_id":2728,"frag_idx":0,"nd":1465}}
{"sessionId":"0173da","runId":"post-fix","timestamp":1783913472074,"hypothesisId":"L2","location":"dataplane_wan.c:reassemble_l2","message":"l2_reassemble_pending","data":{"pkt_id":3387,"frag_idx":0,"nd":1465}}
{"sessionId":"0173da","runId":"post-fix","timestamp":1783913472074,"hypothesisId":"L2","location":"dataplane_wan.c:reassemble_l2","message":"l2_reassemble_pending","data":{"pkt_id":2409,"frag_idx":0,"nd":1465}}
{"sessionId":"0173da","runId":"post-fix","timestamp":1783913472074,"hypothesisId":"L2","location":"dataplane_wan.c:reassemble_l2","message":"l2_reassemble_pending","data":{"pkt_id":2527,"frag_idx":0,"nd":1465}}
{"sessionId":"0173da","runId":"post-fix","timestamp":1783913472074,"hypothesisId":"L2","location":"dataplane_wan.c:reassemble_l2","message":"l2_reassemble_pending","data":{"pkt_id":2589,"frag_idx":0,"nd":1465}}
{"sessionId":"0173da","runId":"post-fix","timestamp":1783913472074,"hypothesisId":"L2","location":"dataplane_wan.c:dataplane_process_wan","message":"wan_l2_forward_ok","data":{"wire_in":98,"plain_len":1514,"n":3072}}
{"sessionId":"0173da","runId":"post-fix","timestamp":1783913472074,"hypothesisId":"L2","location":"dataplane_wan.c:reassemble_l2","message":"l2_reassemble_pending","data":{"pkt_id":3130,"frag_idx":0,"nd":1465}}
{"sessionId":"0173da","runId":"post-fix","timestamp":1783913472074,"hypothesisId":"L2","location":"dataplane_wan.c:reassemble_l2","message":"l2_reassemble_pending","data":{"pkt_id":3392,"frag_idx":0,"nd":1465}}
{"sessionId":"0173da","runId":"post-fix","timestamp":1783913472074,"hypothesisId":"L2","location":"dataplane_wan.c:reassemble_l2","message":"l2_reassemble_pending","data":{"pkt_id":2591,"frag_idx":0,"nd":1465}}
{"sessionId":"0173da","runId":"post-fix","timestamp":1783913472074,"hypothesisId":"L2","location":"dataplane_wan.c:reassemble_l2","message":"l2_reassemble_pending","data":{"pkt_id":2530,"frag_idx":0,"nd":1465}}
{"sessionId":"0173da","runId":"post-fix","timestamp":1783913472074,"hypothesisId":"L2","location":"dataplane_wan.c:reassemble_l2","message":"l2_reassemble_pending","data":{"pkt_id":2411,"frag_idx":0,"nd":1465}}
{"sessionId":"0173da","runId":"post-fix","timestamp":1783913472074,"hypothesisId":"L2","location":"dataplane_wan.c:reassemble_l2","message":"l2_reassemble_pending","data":{"pkt_id":3140,"frag_idx":0,"nd":1465}}
